-- phpMyAdmin SQL Dump
-- version 4.6.5.2deb1+deb.cihar.com~xenial.3
-- https://www.phpmyadmin.net/
--
-- Host: localhost
-- Generation Time: Jan 11, 2017 at 06:25 PM
-- Server version: 5.7.16-0ubuntu0.16.04.1
-- PHP Version: 7.0.8-0ubuntu0.16.04.3

SET SQL_MODE = "NO_AUTO_VALUE_ON_ZERO";
SET time_zone = "+00:00";


/*!40101 SET @OLD_CHARACTER_SET_CLIENT=@@CHARACTER_SET_CLIENT */;
/*!40101 SET @OLD_CHARACTER_SET_RESULTS=@@CHARACTER_SET_RESULTS */;
/*!40101 SET @OLD_COLLATION_CONNECTION=@@COLLATION_CONNECTION */;
/*!40101 SET NAMES utf8mb4 */;

--
-- Database: `infojor`
--

-- --------------------------------------------------------

--
-- Table structure for table `areas`
--

CREATE TABLE `areas` (
  `id` int(11) NOT NULL,
  `name` varchar(50) COLLATE utf8_unicode_ci NOT NULL,
  `scope_id` int(11) DEFAULT NULL,
  `speciality` tinyint(1) NOT NULL
) ENGINE=InnoDB DEFAULT CHARSET=utf8 COLLATE=utf8_unicode_ci;

--
-- Dumping data for table `areas`
--

INSERT INTO `areas` (`id`, `name`, `scope_id`, `speciality`) VALUES
(1, 'Autoconeixement i gestió de les emocions', 9, 0),
(2, 'Joc i moviment', 9, 0),
(3, 'Autonomia personal i relacional', 9, 0),
(4, 'Exploració de l’entorn', 10, 0),
(5, 'Experimentació i interpretació', 10, 0),
(6, 'Raonament i representació', 10, 0),
(7, 'Observar, escoltar i experimentar', 11, 0),
(8, 'Parlar, expressar i comunicar', 11, 0),
(9, 'Interpretar, representar i crear', 11, 0),
(10, 'Llengua Catalana', 1, 0),
(11, 'Llengua Castellana', 1, 0),
(12, 'Llengua Anglesa', 1, 0),
(13, 'Matemàtiques', 2, 0),
(14, 'Coneixement del medi natural, social i cultural', 3, 0),
(15, 'Educació artística: música', 4, 0),
(16, 'Educació física', 5, 0),
(17, 'Educació artística: visual i plàstica', 4, 0),
(18, 'Educació en valors socials i cívics', 6, 0),
(19, 'Religió', 6, 0),
(20, 'Competència digital', 7, 0),
(21, 'Competència d\'aprendre a aprendre', 7, 0),
(22, 'Competència d\'autonomia i iniciativa personal', 7, 0);

-- --------------------------------------------------------

--
-- Table structure for table `classrooms`
--

CREATE TABLE `classrooms` (
  `id` int(11) NOT NULL,
  `name` varchar(10) COLLATE utf8_unicode_ci NOT NULL,
  `level_id` int(11) DEFAULT NULL,
  `school_id` int(11) DEFAULT NULL
) ENGINE=InnoDB DEFAULT CHARSET=utf8 COLLATE=utf8_unicode_ci;

--
-- Dumping data for table `classrooms`
--

INSERT INTO `classrooms` (`id`, `name`, `level_id`, `school_id`) VALUES
(1, 'P3A', 1, 1),
(2, 'P3B', 1, 1),
(3, 'P4A', 2, 1),
(4, 'P4B', 2, 1),
(5, 'P5A', 3, 1),
(6, 'P5B', 3, 1),
(7, '1rA', 4, 1),
(8, '1rB', 4, 1),
(9, '2nA', 5, 1),
(10, '2nB', 5, 1),
(11, '3rA', 6, 1),
(12, '3rB', 6, 1),
(13, '4tA', 7, 1),
(14, '4tB', 7, 1),
(15, '5èA', 8, 1),
(16, '5èB', 8, 1),
(17, '6èA', 9, 1),
(18, '6èB', 9, 1);

-- --------------------------------------------------------

--
-- Table structure for table `courses`
--

CREATE TABLE `courses` (
  `id` int(11) NOT NULL,
  `year` varchar(9) COLLATE utf8_unicode_ci NOT NULL
) ENGINE=InnoDB DEFAULT CHARSET=utf8 COLLATE=utf8_unicode_ci;

--
-- Dumping data for table `courses`
--

INSERT INTO `courses` (`id`, `year`) VALUES
(1, '2016-2017'),
(12, '2017-2018');

-- --------------------------------------------------------

--
-- Table structure for table `cycles`
--

CREATE TABLE `cycles` (
  `id` int(11) NOT NULL,
  `degree_id` int(11) DEFAULT NULL,
  `name` varchar(20) COLLATE utf8_unicode_ci NOT NULL
) ENGINE=InnoDB DEFAULT CHARSET=utf8 COLLATE=utf8_unicode_ci;

--
-- Dumping data for table `cycles`
--

INSERT INTO `cycles` (`id`, `degree_id`, `name`) VALUES
(1, 1, 'Segon cicle'),
(2, 2, 'Cicle inicial'),
(3, 2, 'Cicle mitjà'),
(4, 2, 'Cicle superior');

-- --------------------------------------------------------

--
-- Table structure for table `degrees`
--

CREATE TABLE `degrees` (
  `id` int(11) NOT NULL,
  `name` varchar(20) COLLATE utf8_unicode_ci NOT NULL
) ENGINE=InnoDB DEFAULT CHARSET=utf8 COLLATE=utf8_unicode_ci;

--
-- Dumping data for table `degrees`
--

INSERT INTO `degrees` (`id`, `name`) VALUES
(1, 'Educació infantil'),
(2, 'Educació primària');

-- --------------------------------------------------------

--
-- Table structure for table `dimensionrelatestocycles`
--

CREATE TABLE `dimensionrelatestocycles` (
  `cycle_id` int(11) NOT NULL,
  `dimension_id` int(11) NOT NULL
) ENGINE=InnoDB DEFAULT CHARSET=utf8 COLLATE=utf8_unicode_ci;

--
-- Dumping data for table `dimensionrelatestocycles`
--

INSERT INTO `dimensionrelatestocycles` (`cycle_id`, `dimension_id`) VALUES
(1, 36),
(1, 37),
(1, 38),
(1, 39),
(1, 40),
(1, 41),
(1, 42),
(1, 43),
(1, 44),
(1, 45),
(1, 46),
(1, 47),
(1, 48),
(1, 49),
(1, 50),
(1, 51),
(1, 52),
(1, 53),
(1, 54),
(1, 55),
(1, 56),
(1, 57),
(1, 58),
(1, 59),
(1, 60),
(1, 61),
(1, 62),
(1, 63),
(1, 64),
(1, 65),
(1, 66),
(1, 67),
(1, 68),
(1, 69),
(1, 70),
(2, 1),
(2, 2),
(2, 3),
(2, 4),
(2, 5),
(2, 6),
(2, 8),
(2, 10),
(2, 11),
(2, 13),
(2, 17),
(2, 18),
(2, 19),
(2, 20),
(2, 21),
(2, 22),
(2, 23),
(2, 24),
(2, 25),
(2, 26),
(2, 27),
(2, 28),
(2, 29),
(2, 30),
(2, 31),
(2, 32),
(2, 33),
(2, 34),
(2, 35),
(2, 72),
(2, 73),
(2, 74),
(2, 75),
(2, 76),
(2, 77),
(3, 1),
(3, 2),
(3, 3),
(3, 4),
(3, 5),
(3, 6),
(3, 7),
(3, 9),
(3, 10),
(3, 11),
(3, 12),
(3, 14),
(3, 15),
(3, 16),
(3, 17),
(3, 18),
(3, 19),
(3, 20),
(3, 21),
(3, 22),
(3, 23),
(3, 24),
(3, 25),
(3, 26),
(3, 27),
(3, 28),
(3, 29),
(3, 30),
(3, 31),
(3, 32),
(3, 33),
(3, 34),
(3, 35),
(3, 72),
(3, 73),
(3, 74),
(3, 75),
(3, 76),
(3, 77),
(4, 1),
(4, 2),
(4, 3),
(4, 4),
(4, 5),
(4, 6),
(4, 7),
(4, 9),
(4, 10),
(4, 11),
(4, 12),
(4, 14),
(4, 15),
(4, 16),
(4, 17),
(4, 18),
(4, 19),
(4, 20),
(4, 21),
(4, 22),
(4, 23),
(4, 24),
(4, 25),
(4, 26),
(4, 27),
(4, 28),
(4, 29),
(4, 30),
(4, 31),
(4, 32),
(4, 33),
(4, 34),
(4, 35),
(4, 72),
(4, 73),
(4, 74),
(4, 75),
(4, 76),
(4, 77);

-- --------------------------------------------------------

--
-- Table structure for table `dimensions`
--

CREATE TABLE `dimensions` (
  `id` int(11) NOT NULL,
  `area_id` int(11) DEFAULT NULL,
  `name` varchar(256) COLLATE utf8_unicode_ci NOT NULL,
  `description` varchar(256) COLLATE utf8_unicode_ci NOT NULL,
  `active` tinyint(1) NOT NULL DEFAULT '1'
) ENGINE=InnoDB DEFAULT CHARSET=utf8 COLLATE=utf8_unicode_ci;

--
-- Dumping data for table `dimensions`
--

INSERT INTO `dimensions` (`id`, `area_id`, `name`, `description`, `active`) VALUES
(1, 10, 'Comunicació oral', 'comprèn, s’expressa i conversa', 1),
(2, 10, 'Comprensió lectora', 'entén el que llegeix, analitza i fa servir textos escrits', 1),
(3, 10, 'Expressió escrita', 'fa servir l’escriptura per comunicar-se, organitzar-se i aprendre', 1),
(4, 10, 'Hàbit lector i escriptor', 'gust per la lectura i l\'escriptura', 1),
(5, 10, 'Ús de la llengua', 'mostra interès per l’ús de la llengua', 1),
(6, 11, 'Comunicació oral', 'comprèn, s’expressa i conversa', 1),
(7, 11, 'Comprensió lectora', 'entén el que llegeix, analitza i fa servir textos escrits', 1),
(8, 11, 'Comprensió lectora', 'entén el que llegeix', 1),
(9, 11, 'Expressió escrita', 'fa servir l’escriptura per comunicar-se, organitzar-se i aprendre', 1),
(10, 11, 'Hàbit lector i escriptor', 'gust per la lectura i l\'escriptura', 1),
(11, 11, 'Ús de la llengua', 'mostra interès per l’ús de la llengua', 1),
(12, 12, 'Comunicació oral', 'comprèn, s’expressa i conversa', 1),
(13, 12, 'Comunicació oral', 'listening: comprèn', 1),
(14, 12, 'Comprensió lectora', 'entén el que llegeix, analitza i fa servir textos escrits', 1),
(15, 12, 'Expressió escrita', 'fa servir l’escriptura per comunicar-se, organitzar-se i aprendre', 1),
(16, 12, 'Hàbit lector i escriptor', 'gust per la lectura i l\'escriptura', 0),
(17, 12, 'Ús de la llengua', 'mostra interès per l’ús de la llengua', 1),
(18, 13, 'Resolució de problemes', '', 1),
(19, 13, 'Raonament i prova', 'prova, raona, justifica i argumenta', 1),
(20, 13, 'Connexions', 'identifica i relaciona conceptes matemàtics en situacions quotidianes', 1),
(21, 13, 'Comunicació i representació', 'explica oral i gràficament idees i conceptes matemàtics', 1),
(22, 14, 'Món actual', 'interpreta, analitza i relaciona fets i fenòmens naturals i humans del món ', 1),
(23, 14, 'Salut i equilibri personal', 'té consciència del propi cos: alimentació, emocions, higiene i salut', 1),
(24, 14, 'Tecnologia i vida quotidiana', 'utilitza eines i aparells', 1),
(25, 14, 'Ciutadania', 'adquireix hàbits de convivència: consum responsable, justícia i solidaritat', 1),
(26, 15, 'Percepció, comprensió i valoració', 'comprèn i valorar el món musical del seu l’entorn', 1),
(27, 15, 'Interpretació i producció', 'fa servir recursos plàstics i escènics per expressar-se', 1),
(28, 15, 'Imaginació i creativitat', 'improvisa i crea utilitzant recursos musicals, escènics i/o plàstics', 1),
(29, 16, 'Activitat física', 'és conscient dels límits i les possibilitats del seu cos: lateralitat, equilibri...', 1),
(30, 16, 'Hàbits saludables', 'mostra hàbits higiènics, posturals, alimentaris saludables...', 1),
(31, 16, 'Expressió i comunicació corporal', 'es mou i s’expressa corporalment correctament', 1),
(32, 16, 'Joc motor i temps de lleure', 'juga amb els altres respectant els companys/es i les normes', 1),
(33, 18, 'Personal', 'és autònom prenent decisions i assumeix la responsabilitat dels propis actes', 1),
(34, 18, 'Interpersonal', 'dialoga amb les persones i respecta les seves idees, opcions i creences', 1),
(35, 18, 'Social', 'mostra una actitud de servei i compromís social', 1),
(36, 1, 'Reconeixement del propi cos', 'parts, canvis físics, necessitats bàsiques', 1),
(37, 1, 'Esforç i iniciativa', 'en situacions de dificultats emocionals, de relació i intel·lectuals', 1),
(38, 1, 'Expressar les emocions', 'fa servir el llenguatge corporal, plàstic, musical i verbal', 1),
(39, 1, 'Identificar emocions bàsiques', 'amor, alegria, tristesa, enuig...', 1),
(40, 2, 'Gaudi del joc', '', 1),
(41, 2, 'Domini de les habilitats motrius bàsiques', 'coordinació, equilibri, orientació agilitat...', 1),
(42, 2, 'Organització de la lateralitat', '', 1),
(43, 2, 'Experimentació i interpretació espaial', 'dintre-fora, davant darrere, segur-perillós...', 1),
(44, 2, 'Comprensió i valoració de la necessitat de normes en alguns jocs', '', 1),
(45, 2, 'Sentiment de pertinença al grup', '', 1),
(46, 2, 'Disposició a la resolució de conflictes mitjançant el diàleg', '', 1),
(47, 3, 'Hàbits d’autonomia i rutines', 'higiene, descans, alimentació, seguretat...', 1),
(48, 3, 'Hàbits de relació amb els altres', 'atenció, escolta, diàleg i respecte', 1),
(49, 3, 'Iniciativa', 'fer propostes, comunicar experiències, col·laborar i participar en la presa de decisions', 1),
(50, 4, 'Observació i identificació d’elements de l’entorn (objectes, animals, plantes...)', '', 1),
(51, 4, 'Observació i identificació de fenòmens naturals', 'dia, nit, sol, pluja, vent...', 1),
(52, 4, 'Observació i identificació de l’entorn', 'escola, carrer, poble, festes, tradicions...', 1),
(53, 4, 'Respecte pels elements de l’entorn natural i social', '', 1),
(54, 5, 'Observació i reconeixement de semblances i diferències', 'color, grandària, utilitat...', 1),
(55, 5, 'Verbalització de processos i resultats', '', 1),
(56, 6, 'Comparació, ordenació i classificació d’objectes', 'qualitats i quantitats', 1),
(57, 6, 'Reconeixement i representació de nombres', 'quantitat, identificació, ordre i situació', 1),
(58, 6, 'Aplicació d’estratègies de càlcul', 'afegir, treure, repartir i agrupar', 1),
(59, 6, 'Orientació en espais habituals', 'escola, carrer...', 1),
(60, 6, 'Verbalització de processos i resultats', '', 1),
(61, 7, 'Participació i escolta', 'converses, joc...', 1),
(62, 7, 'Escolta i comprensió', 'contes, cançons, llegendes, endevinalles, dites...', 1),
(63, 7, 'Experimentació de tècniques plàstiques', 'dibuix, pintura, collage...', 1),
(64, 7, 'Destreses manuals', 'retallar, esquinçar, arrugar, plegar...', 1),
(65, 8, 'Ús de la llengua oral', 'relatar fets, expressar i comunicar idees desigs i sentiments', 1),
(66, 8, 'Participar en les converses fent ús de les normes', 'torn, atenció, forma...', 1),
(67, 8, 'Expressió i comunicació a traves d’expressions artístiques', 'música, dansa, joc...', 1),
(68, 9, 'Ús d’estratègies per llegir', 'reconeixement de lletres, identificació de paraules, il·lustracions...', 1),
(69, 9, 'Iniciativa i interès per produir textos escrits', '', 1),
(70, 9, 'Interpretació de danses i cançons', '', 1),
(72, 20, 'Fa servir les funcions bàsiques dels dispositius i aplicacions. Cerca, contrasta i selecciona informació. Mostra hàbits saludables en l\'ús de la tecnologia', '', 1),
(73, 21, 'Mostra capacitat de cooperar, d\'autoavaluar-se i interès per aprendre', '', 1),
(74, 22, 'Mostra valors i actituds personals com responsabilitat, perseverança, respecte, criteri o iniciativa', '', 1),
(75, 17, 'Percepció, comprensió i valoració', 'comprèn, valora i respecta el món plàstic del seu entorn', 1),
(76, 17, 'Interpretació i producció', 'fa servir recursos plàstics i escènics per expressar-se', 1),
(77, 17, 'Imaginació i creativitat', 'improvisa i crea utilitzant recursos musicals, escènics i/o plàstics', 1);

-- --------------------------------------------------------

--
-- Table structure for table `enrollments`
--

CREATE TABLE `enrollments` (
  `id` int(11) NOT NULL,
  `student_id` int(11) DEFAULT NULL,
  `classroom_id` int(11) DEFAULT NULL,
  `course_id` int(11) DEFAULT NULL,
  `trimestre_id` int(11) DEFAULT NULL
) ENGINE=InnoDB DEFAULT CHARSET=utf8 COLLATE=utf8_unicode_ci;

--
-- Dumping data for table `enrollments`
--

INSERT INTO `enrollments` (`id`, `student_id`, `classroom_id`, `course_id`, `trimestre_id`) VALUES
(1, 13, 12, 1, 1),
(2, 14, 7, 1, 1),
(3, 15, 2, 1, 1),
(4, 16, 2, 1, 1),
(5, 17, 8, 1, 1),
(6, 18, 11, 1, 1),
(7, 19, 13, 1, 1),
(8, 20, 18, 1, 1),
(9, 21, 16, 1, 1),
(10, 22, 16, 1, 1),
(11, 23, 10, 1, 1),
(12, 24, 16, 1, 1),
(13, 25, 8, 1, 1),
(14, 26, 5, 1, 1),
(15, 27, 13, 1, 1),
(16, 28, 3, 1, 1),
(17, 29, 3, 1, 1),
(18, 30, 4, 1, 1),
(19, 31, 18, 1, 1),
(20, 32, 7, 1, 1),
(21, 33, 17, 1, 1),
(22, 34, 9, 1, 1),
(23, 35, 2, 1, 1),
(24, 36, 2, 1, 1),
(25, 37, 14, 1, 1),
(26, 38, 4, 1, 1),
(27, 39, 3, 1, 1),
(28, 40, 14, 1, 1),
(29, 41, 11, 1, 1),
(30, 42, 10, 1, 1),
(31, 43, 8, 1, 1),
(32, 44, 1, 1, 1),
(33, 45, 4, 1, 1),
(34, 46, 13, 1, 1),
(35, 47, 1, 1, 1),
(36, 48, 9, 1, 1),
(37, 49, 16, 1, 1),
(38, 50, 7, 1, 1),
(39, 51, 18, 1, 1),
(40, 52, 2, 1, 1),
(41, 53, 3, 1, 1),
(42, 54, 15, 1, 1),
(43, 55, 10, 1, 1),
(44, 56, 3, 1, 1),
(45, 57, 15, 1, 1),
(46, 58, 10, 1, 1),
(47, 59, 17, 1, 1),
(48, 60, 14, 1, 1),
(49, 61, 8, 1, 1),
(50, 62, 9, 1, 1),
(51, 63, 15, 1, 1),
(52, 64, 4, 1, 1),
(53, 65, 3, 1, 1),
(54, 66, 1, 1, 1),
(55, 67, 5, 1, 1),
(56, 68, 11, 1, 1),
(57, 69, 15, 1, 1),
(58, 70, 15, 1, 1),
(59, 71, 10, 1, 1),
(60, 72, 2, 1, 1),
(61, 73, 4, 1, 1),
(62, 74, 14, 1, 1),
(63, 75, 7, 1, 1),
(64, 76, 13, 1, 1),
(65, 77, 3, 1, 1),
(66, 78, 2, 1, 1),
(67, 79, 8, 1, 1),
(68, 80, 14, 1, 1),
(69, 81, 2, 1, 1),
(70, 82, 9, 1, 1),
(71, 83, 18, 1, 1),
(72, 84, 15, 1, 1),
(73, 85, 1, 1, 1),
(74, 86, 3, 1, 1),
(75, 87, 14, 1, 1),
(76, 88, 18, 1, 1),
(77, 89, 5, 1, 1),
(78, 90, 6, 1, 1),
(79, 91, 17, 1, 1),
(80, 92, 16, 1, 1),
(81, 93, 3, 1, 1),
(82, 94, 17, 1, 1),
(83, 95, 2, 1, 1),
(84, 96, 8, 1, 1),
(85, 97, 10, 1, 1),
(86, 98, 6, 1, 1),
(87, 99, 3, 1, 1),
(88, 100, 16, 1, 1),
(89, 101, 13, 1, 1),
(90, 102, 17, 1, 1),
(91, 103, 18, 1, 1),
(92, 104, 14, 1, 1),
(93, 105, 12, 1, 1),
(94, 106, 16, 1, 1),
(95, 107, 14, 1, 1),
(96, 108, 15, 1, 1),
(97, 109, 6, 1, 1),
(98, 110, 12, 1, 1),
(99, 111, 12, 1, 1),
(100, 112, 6, 1, 1),
(101, 113, 2, 1, 1),
(102, 114, 18, 1, 1),
(103, 115, 5, 1, 1),
(104, 116, 7, 1, 1),
(105, 117, 3, 1, 1),
(106, 118, 4, 1, 1),
(107, 119, 3, 1, 1),
(108, 120, 10, 1, 1),
(109, 121, 9, 1, 1),
(110, 122, 5, 1, 1),
(111, 123, 16, 1, 1),
(112, 124, 11, 1, 1),
(113, 125, 8, 1, 1),
(114, 126, 16, 1, 1),
(115, 127, 14, 1, 1),
(116, 128, 13, 1, 1),
(117, 129, 3, 1, 1),
(118, 130, 6, 1, 1),
(119, 131, 11, 1, 1),
(120, 132, 11, 1, 1),
(121, 133, 2, 1, 1),
(122, 134, 15, 1, 1),
(123, 135, 17, 1, 1),
(124, 136, 8, 1, 1),
(125, 137, 14, 1, 1),
(126, 138, 4, 1, 1),
(127, 139, 18, 1, 1),
(128, 140, 9, 1, 1),
(129, 141, 12, 1, 1),
(130, 142, 5, 1, 1),
(131, 143, 1, 1, 1),
(132, 144, 11, 1, 1),
(133, 145, 16, 1, 1),
(134, 146, 16, 1, 1),
(135, 147, 16, 1, 1),
(136, 148, 8, 1, 1),
(137, 149, 6, 1, 1),
(138, 150, 10, 1, 1),
(139, 151, 13, 1, 1),
(140, 152, 5, 1, 1),
(141, 153, 12, 1, 1),
(142, 154, 4, 1, 1),
(143, 155, 14, 1, 1),
(144, 156, 10, 1, 1),
(145, 157, 8, 1, 1),
(146, 158, 6, 1, 1),
(147, 159, 7, 1, 1),
(148, 160, 14, 1, 1),
(149, 161, 7, 1, 1),
(150, 162, 2, 1, 1),
(151, 163, 13, 1, 1),
(152, 164, 4, 1, 1),
(153, 165, 7, 1, 1),
(154, 166, 5, 1, 1),
(155, 167, 12, 1, 1),
(156, 168, 8, 1, 1),
(157, 169, 14, 1, 1),
(158, 170, 15, 1, 1),
(159, 171, 6, 1, 1),
(160, 172, 14, 1, 1),
(161, 173, 5, 1, 1),
(162, 174, 13, 1, 1),
(163, 175, 10, 1, 1),
(164, 176, 8, 1, 1),
(165, 177, 2, 1, 1),
(166, 178, 4, 1, 1),
(167, 179, 10, 1, 1),
(168, 180, 5, 1, 1),
(169, 181, 5, 1, 1),
(170, 182, 11, 1, 1),
(171, 183, 18, 1, 1),
(172, 184, 18, 1, 1),
(173, 185, 18, 1, 1),
(174, 186, 17, 1, 1),
(175, 187, 10, 1, 1),
(176, 188, 5, 1, 1),
(177, 189, 1, 1, 1),
(178, 190, 15, 1, 1),
(179, 191, 11, 1, 1),
(180, 192, 11, 1, 1),
(181, 193, 8, 1, 1),
(182, 194, 7, 1, 1),
(183, 195, 1, 1, 1),
(184, 196, 8, 1, 1),
(185, 197, 14, 1, 1),
(186, 198, 9, 1, 1),
(187, 199, 2, 1, 1),
(188, 200, 5, 1, 1),
(189, 201, 12, 1, 1),
(190, 202, 6, 1, 1),
(191, 203, 4, 1, 1),
(192, 204, 16, 1, 1),
(193, 205, 9, 1, 1),
(194, 206, 13, 1, 1),
(195, 207, 1, 1, 1),
(196, 208, 17, 1, 1),
(197, 209, 4, 1, 1),
(198, 210, 13, 1, 1),
(199, 211, 3, 1, 1),
(200, 212, 14, 1, 1),
(201, 213, 16, 1, 1),
(202, 214, 15, 1, 1),
(203, 215, 1, 1, 1),
(204, 216, 10, 1, 1),
(205, 217, 8, 1, 1),
(206, 218, 12, 1, 1),
(207, 219, 2, 1, 1),
(208, 220, 11, 1, 1),
(209, 221, 16, 1, 1),
(210, 222, 12, 1, 1),
(211, 223, 1, 1, 1),
(212, 224, 2, 1, 1),
(213, 225, 1, 1, 1),
(214, 226, 5, 1, 1),
(215, 227, 9, 1, 1),
(216, 228, 15, 1, 1),
(217, 229, 1, 1, 1),
(218, 230, 7, 1, 1),
(219, 231, 4, 1, 1),
(220, 232, 10, 1, 1),
(221, 233, 3, 1, 1),
(222, 234, 7, 1, 1),
(223, 235, 18, 1, 1),
(224, 236, 15, 1, 1),
(225, 237, 11, 1, 1),
(226, 238, 16, 1, 1),
(227, 239, 8, 1, 1),
(228, 240, 15, 1, 1),
(229, 241, 12, 1, 1),
(230, 242, 1, 1, 1),
(231, 243, 4, 1, 1),
(232, 244, 15, 1, 1),
(233, 245, 8, 1, 1),
(234, 246, 8, 1, 1),
(235, 247, 15, 1, 1),
(236, 248, 18, 1, 1),
(237, 249, 13, 1, 1),
(238, 250, 11, 1, 1),
(239, 251, 5, 1, 1),
(240, 252, 7, 1, 1),
(241, 253, 16, 1, 1),
(242, 254, 1, 1, 1),
(243, 255, 13, 1, 1),
(244, 256, 9, 1, 1),
(245, 257, 17, 1, 1),
(246, 258, 18, 1, 1),
(247, 259, 14, 1, 1),
(248, 260, 3, 1, 1),
(249, 261, 12, 1, 1),
(250, 262, 4, 1, 1),
(251, 263, 11, 1, 1),
(252, 264, 6, 1, 1),
(253, 265, 13, 1, 1),
(254, 266, 6, 1, 1),
(255, 267, 15, 1, 1),
(256, 268, 17, 1, 1),
(257, 269, 17, 1, 1),
(258, 270, 7, 1, 1),
(259, 271, 2, 1, 1),
(260, 272, 18, 1, 1),
(261, 273, 18, 1, 1),
(262, 274, 13, 1, 1),
(263, 275, 7, 1, 1),
(264, 276, 6, 1, 1),
(265, 277, 17, 1, 1),
(266, 278, 8, 1, 1),
(267, 279, 8, 1, 1),
(268, 280, 13, 1, 1),
(269, 281, 14, 1, 1),
(270, 282, 6, 1, 1),
(271, 283, 1, 1, 1),
(272, 284, 1, 1, 1),
(273, 285, 5, 1, 1),
(274, 286, 6, 1, 1),
(275, 287, 11, 1, 1),
(276, 288, 12, 1, 1),
(277, 289, 13, 1, 1),
(278, 290, 7, 1, 1),
(279, 291, 13, 1, 1),
(280, 292, 12, 1, 1),
(281, 293, 7, 1, 1),
(282, 294, 15, 1, 1),
(283, 295, 5, 1, 1),
(284, 296, 18, 1, 1),
(285, 297, 12, 1, 1),
(286, 298, 6, 1, 1),
(287, 299, 17, 1, 1),
(288, 300, 12, 1, 1),
(289, 301, 5, 1, 1),
(290, 302, 7, 1, 1),
(291, 303, 8, 1, 1),
(292, 304, 15, 1, 1),
(293, 305, 9, 1, 1),
(294, 306, 2, 1, 1),
(295, 307, 6, 1, 1),
(296, 308, 6, 1, 1),
(297, 309, 18, 1, 1),
(298, 310, 16, 1, 1),
(299, 311, 12, 1, 1),
(300, 312, 8, 1, 1),
(301, 313, 9, 1, 1),
(302, 314, 17, 1, 1),
(303, 315, 17, 1, 1),
(304, 316, 4, 1, 1),
(305, 317, 9, 1, 1),
(306, 318, 10, 1, 1),
(307, 319, 16, 1, 1),
(308, 320, 11, 1, 1),
(309, 321, 1, 1, 1),
(310, 322, 10, 1, 1),
(311, 323, 6, 1, 1),
(312, 324, 7, 1, 1),
(313, 325, 1, 1, 1),
(314, 326, 11, 1, 1),
(315, 327, 11, 1, 1),
(316, 328, 17, 1, 1),
(317, 329, 2, 1, 1),
(318, 330, 7, 1, 1),
(319, 331, 7, 1, 1),
(320, 332, 9, 1, 1),
(321, 333, 11, 1, 1),
(322, 334, 3, 1, 1),
(323, 335, 7, 1, 1),
(324, 336, 13, 1, 1),
(325, 337, 16, 1, 1),
(326, 338, 13, 1, 1),
(327, 339, 18, 1, 1),
(328, 340, 11, 1, 1),
(329, 341, 9, 1, 1),
(330, 342, 17, 1, 1),
(331, 343, 5, 1, 1),
(332, 344, 9, 1, 1),
(333, 345, 13, 1, 1),
(334, 346, 1, 1, 1),
(335, 347, 10, 1, 1),
(336, 348, 8, 1, 1),
(337, 349, 7, 1, 1),
(338, 350, 12, 1, 1),
(339, 351, 10, 1, 1),
(340, 352, 3, 1, 1),
(341, 353, 13, 1, 1),
(342, 354, 10, 1, 1),
(343, 355, 4, 1, 1),
(344, 356, 17, 1, 1),
(345, 357, 6, 1, 1),
(346, 358, 18, 1, 1),
(347, 359, 8, 1, 1),
(348, 360, 17, 1, 1),
(349, 361, 1, 1, 1),
(350, 362, 14, 1, 1),
(351, 363, 11, 1, 1),
(352, 364, 4, 1, 1),
(353, 365, 8, 1, 1),
(354, 366, 14, 1, 1),
(355, 367, 17, 1, 1),
(356, 368, 3, 1, 1),
(357, 369, 5, 1, 1),
(358, 370, 6, 1, 1),
(359, 371, 7, 1, 1),
(360, 372, 2, 1, 1),
(361, 373, 7, 1, 1),
(362, 374, 11, 1, 1),
(363, 375, 5, 1, 1),
(364, 376, 12, 1, 1),
(365, 377, 18, 1, 1),
(366, 378, 2, 1, 1),
(367, 379, 13, 1, 1),
(368, 380, 3, 1, 1),
(369, 381, 4, 1, 1),
(370, 382, 4, 1, 1),
(371, 383, 7, 1, 1),
(372, 384, 1, 1, 1),
(373, 385, 2, 1, 1),
(374, 386, 1, 1, 1),
(375, 387, 18, 1, 1),
(376, 388, 14, 1, 1),
(377, 389, 5, 1, 1),
(378, 390, 16, 1, 1),
(379, 391, 6, 1, 1),
(380, 392, 2, 1, 1),
(381, 393, 2, 1, 1),
(382, 394, 17, 1, 1),
(383, 395, 11, 1, 1),
(384, 396, 6, 1, 1),
(385, 397, 17, 1, 1),
(386, 398, 15, 1, 1),
(387, 399, 9, 1, 1),
(388, 400, 12, 1, 1),
(389, 401, 6, 1, 1),
(390, 402, 12, 1, 1),
(391, 403, 14, 1, 1),
(392, 404, 9, 1, 1),
(393, 405, 5, 1, 1),
(394, 406, 15, 1, 1),
(395, 407, 17, 1, 1),
(396, 408, 1, 1, 1),
(397, 409, 17, 1, 1),
(398, 410, 5, 1, 1),
(399, 411, 17, 1, 1),
(400, 412, 13, 1, 1),
(401, 413, 2, 1, 1),
(402, 414, 6, 1, 1),
(403, 415, 11, 1, 1),
(404, 416, 5, 1, 1),
(405, 417, 12, 1, 1),
(406, 418, 1, 1, 1),
(407, 419, 1, 1, 1),
(408, 420, 10, 1, 1),
(409, 421, 14, 1, 1),
(410, 422, 12, 1, 1),
(411, 423, 14, 1, 1),
(412, 424, 13, 1, 1),
(413, 443, 10, 1, 1);

-- --------------------------------------------------------

--
-- Table structure for table `evaluationdescriptions`
--

CREATE TABLE `evaluationdescriptions` (
  `id` int(11) NOT NULL,
  `description` varchar(40) COLLATE utf8_unicode_ci NOT NULL,
  `discr` varchar(255) COLLATE utf8_unicode_ci NOT NULL,
  `mark` varchar(2) COLLATE utf8_unicode_ci NOT NULL
) ENGINE=InnoDB DEFAULT CHARSET=utf8 COLLATE=utf8_unicode_ci;

--
-- Dumping data for table `evaluationdescriptions`
--

INSERT INTO `evaluationdescriptions` (`id`, `description`, `discr`, `mark`) VALUES
(1, 'Assoliment Excel·lent', 'global_eval', 'AE'),
(2, 'Assoliment Notable', 'global_eval', 'AN'),
(3, 'Assoliment Satisfactori', 'global_eval', 'AS'),
(4, 'No Assoliment', 'global_eval', 'NA'),
(5, 'Alt', 'partial_eval', 'A'),
(6, 'Mitjà alt', 'partial_eval', 'MA'),
(7, 'Mitjà', 'partial_eval', 'M'),
(8, 'Mitjà baix', 'partial_eval', 'MB'),
(9, 'Baix', 'partial_eval', 'B');

-- --------------------------------------------------------

--
-- Table structure for table `evaluations`
--

CREATE TABLE `evaluations` (
  `id` int(11) NOT NULL,
  `discr` varchar(255) COLLATE utf8_unicode_ci NOT NULL
) ENGINE=InnoDB DEFAULT CHARSET=utf8 COLLATE=utf8_unicode_ci;

--
-- Dumping data for table `evaluations`
--

INSERT INTO `evaluations` (`id`, `discr`) VALUES
(558, 'global_eval'),
(559, 'global_eval'),
(560, 'global_eval'),
(561, 'global_eval'),
(562, 'global_eval'),
(563, 'global_eval'),
(564, 'global_eval'),
(565, 'global_eval'),
(566, 'global_eval'),
(567, 'global_eval'),
(568, 'global_eval'),
(569, 'global_eval'),
(570, 'partial_eval'),
(571, 'partial_eval'),
(572, 'partial_eval'),
(573, 'partial_eval'),
(574, 'partial_eval'),
(575, 'global_eval'),
(576, 'partial_eval'),
(577, 'partial_eval'),
(578, 'partial_eval'),
(579, 'partial_eval'),
(580, 'partial_eval'),
(581, 'global_eval'),
(582, 'partial_eval'),
(583, 'partial_eval'),
(584, 'partial_eval'),
(585, 'partial_eval'),
(586, 'global_eval'),
(587, 'partial_eval'),
(588, 'partial_eval'),
(589, 'partial_eval'),
(590, 'partial_eval'),
(591, 'global_eval'),
(592, 'partial_eval'),
(593, 'partial_eval'),
(594, 'partial_eval'),
(595, 'global_eval'),
(596, 'partial_eval'),
(597, 'global_eval'),
(598, 'partial_eval'),
(599, 'global_eval'),
(600, 'partial_eval'),
(601, 'partial_eval'),
(602, 'partial_eval'),
(603, 'partial_eval'),
(604, 'partial_eval'),
(605, 'global_eval'),
(606, 'partial_eval'),
(607, 'partial_eval'),
(608, 'partial_eval'),
(609, 'partial_eval'),
(610, 'partial_eval'),
(611, 'global_eval'),
(612, 'partial_eval'),
(613, 'partial_eval'),
(614, 'partial_eval'),
(615, 'partial_eval'),
(616, 'global_eval'),
(617, 'partial_eval'),
(618, 'partial_eval'),
(619, 'partial_eval'),
(620, 'partial_eval'),
(621, 'global_eval'),
(622, 'partial_eval'),
(623, 'partial_eval'),
(624, 'partial_eval'),
(625, 'global_eval'),
(626, 'partial_eval'),
(627, 'global_eval'),
(628, 'partial_eval'),
(629, 'global_eval'),
(630, 'partial_eval'),
(631, 'partial_eval'),
(632, 'partial_eval'),
(633, 'partial_eval'),
(634, 'partial_eval'),
(635, 'global_eval'),
(636, 'partial_eval'),
(637, 'partial_eval'),
(638, 'partial_eval'),
(639, 'partial_eval'),
(640, 'partial_eval'),
(641, 'global_eval'),
(642, 'partial_eval'),
(643, 'partial_eval'),
(644, 'partial_eval'),
(645, 'partial_eval'),
(646, 'global_eval'),
(647, 'partial_eval'),
(648, 'partial_eval'),
(649, 'partial_eval'),
(650, 'partial_eval'),
(651, 'global_eval'),
(652, 'partial_eval'),
(653, 'partial_eval'),
(654, 'partial_eval'),
(655, 'global_eval'),
(656, 'partial_eval'),
(657, 'global_eval'),
(658, 'partial_eval'),
(659, 'global_eval'),
(660, 'partial_eval'),
(661, 'partial_eval'),
(662, 'partial_eval'),
(663, 'partial_eval'),
(664, 'partial_eval'),
(665, 'global_eval'),
(667, 'partial_eval'),
(668, 'partial_eval'),
(669, 'partial_eval'),
(670, 'partial_eval'),
(671, 'partial_eval'),
(673, 'global_eval'),
(677, 'partial_eval'),
(679, 'partial_eval'),
(680, 'partial_eval'),
(681, 'partial_eval'),
(682, 'global_eval'),
(683, 'partial_eval'),
(684, 'partial_eval'),
(685, 'partial_eval'),
(686, 'partial_eval'),
(687, 'global_eval'),
(688, 'partial_eval'),
(689, 'partial_eval'),
(690, 'partial_eval'),
(691, 'global_eval'),
(692, 'partial_eval'),
(693, 'global_eval'),
(694, 'global_eval'),
(695, 'partial_eval'),
(696, 'partial_eval'),
(697, 'partial_eval'),
(698, 'partial_eval'),
(699, 'partial_eval'),
(700, 'partial_eval'),
(701, 'global_eval'),
(702, 'partial_eval'),
(703, 'partial_eval'),
(704, 'partial_eval'),
(705, 'partial_eval'),
(706, 'partial_eval'),
(707, 'global_eval'),
(708, 'partial_eval'),
(709, 'partial_eval'),
(710, 'partial_eval'),
(711, 'partial_eval'),
(712, 'global_eval'),
(713, 'partial_eval'),
(714, 'partial_eval'),
(715, 'partial_eval'),
(716, 'partial_eval'),
(717, 'global_eval'),
(718, 'partial_eval'),
(719, 'partial_eval'),
(720, 'partial_eval'),
(721, 'global_eval'),
(722, 'partial_eval'),
(723, 'global_eval'),
(724, 'partial_eval'),
(725, 'global_eval'),
(726, 'partial_eval'),
(727, 'partial_eval'),
(728, 'partial_eval'),
(729, 'partial_eval'),
(730, 'partial_eval'),
(731, 'global_eval'),
(732, 'partial_eval'),
(733, 'partial_eval'),
(734, 'partial_eval'),
(735, 'partial_eval'),
(736, 'partial_eval'),
(737, 'global_eval'),
(738, 'partial_eval'),
(739, 'partial_eval'),
(740, 'partial_eval'),
(741, 'partial_eval'),
(742, 'partial_eval'),
(743, 'global_eval'),
(744, 'partial_eval'),
(745, 'partial_eval'),
(746, 'partial_eval'),
(747, 'global_eval'),
(748, 'partial_eval'),
(749, 'partial_eval'),
(750, 'partial_eval'),
(751, 'global_eval'),
(752, 'partial_eval'),
(753, 'global_eval'),
(754, 'partial_eval'),
(755, 'global_eval'),
(756, 'partial_eval'),
(757, 'partial_eval'),
(758, 'partial_eval'),
(759, 'partial_eval'),
(760, 'partial_eval'),
(761, 'global_eval'),
(762, 'partial_eval'),
(763, 'partial_eval'),
(764, 'partial_eval'),
(765, 'partial_eval'),
(766, 'global_eval'),
(767, 'partial_eval'),
(768, 'partial_eval'),
(769, 'partial_eval'),
(770, 'partial_eval'),
(771, 'partial_eval'),
(772, 'global_eval'),
(773, 'partial_eval'),
(774, 'partial_eval'),
(775, 'partial_eval'),
(776, 'partial_eval'),
(777, 'global_eval'),
(778, 'partial_eval'),
(779, 'partial_eval'),
(780, 'partial_eval'),
(781, 'global_eval'),
(782, 'global_eval'),
(783, 'partial_eval'),
(784, 'partial_eval'),
(785, 'global_eval'),
(786, 'partial_eval'),
(787, 'partial_eval'),
(788, 'partial_eval'),
(789, 'partial_eval'),
(790, 'partial_eval'),
(791, 'global_eval'),
(792, 'partial_eval'),
(793, 'partial_eval'),
(794, 'partial_eval'),
(795, 'partial_eval'),
(796, 'partial_eval'),
(797, 'global_eval'),
(798, 'partial_eval'),
(799, 'partial_eval'),
(800, 'partial_eval'),
(801, 'partial_eval'),
(802, 'global_eval'),
(803, 'partial_eval'),
(804, 'partial_eval'),
(805, 'partial_eval'),
(806, 'partial_eval'),
(807, 'global_eval'),
(808, 'partial_eval'),
(809, 'partial_eval'),
(810, 'partial_eval'),
(811, 'global_eval'),
(812, 'partial_eval'),
(813, 'global_eval'),
(814, 'partial_eval'),
(815, 'global_eval'),
(816, 'partial_eval'),
(817, 'partial_eval'),
(818, 'partial_eval'),
(819, 'partial_eval'),
(820, 'partial_eval'),
(821, 'global_eval'),
(822, 'partial_eval'),
(823, 'partial_eval'),
(824, 'partial_eval'),
(825, 'partial_eval'),
(826, 'partial_eval'),
(827, 'global_eval'),
(828, 'partial_eval'),
(829, 'partial_eval'),
(830, 'partial_eval'),
(831, 'partial_eval'),
(832, 'global_eval'),
(833, 'partial_eval'),
(834, 'partial_eval'),
(835, 'partial_eval'),
(836, 'partial_eval'),
(837, 'global_eval'),
(838, 'partial_eval'),
(839, 'partial_eval'),
(840, 'partial_eval'),
(841, 'global_eval'),
(842, 'partial_eval'),
(843, 'global_eval'),
(844, 'partial_eval'),
(845, 'global_eval'),
(846, 'partial_eval'),
(847, 'partial_eval'),
(848, 'partial_eval'),
(849, 'partial_eval'),
(850, 'partial_eval'),
(851, 'global_eval'),
(852, 'partial_eval'),
(853, 'partial_eval'),
(854, 'partial_eval'),
(855, 'partial_eval'),
(856, 'partial_eval'),
(857, 'global_eval'),
(858, 'partial_eval'),
(859, 'partial_eval'),
(860, 'partial_eval'),
(861, 'partial_eval'),
(862, 'global_eval'),
(863, 'partial_eval'),
(864, 'partial_eval'),
(865, 'partial_eval'),
(866, 'partial_eval'),
(867, 'global_eval'),
(868, 'partial_eval'),
(869, 'partial_eval'),
(870, 'partial_eval'),
(871, 'global_eval'),
(872, 'partial_eval'),
(873, 'global_eval'),
(874, 'partial_eval'),
(875, 'global_eval'),
(876, 'partial_eval'),
(877, 'partial_eval'),
(878, 'partial_eval'),
(879, 'partial_eval'),
(880, 'partial_eval'),
(881, 'global_eval'),
(882, 'partial_eval'),
(883, 'partial_eval'),
(884, 'partial_eval'),
(885, 'partial_eval'),
(886, 'partial_eval'),
(887, 'global_eval'),
(888, 'partial_eval'),
(889, 'partial_eval'),
(890, 'partial_eval'),
(891, 'partial_eval'),
(892, 'global_eval'),
(893, 'partial_eval'),
(894, 'partial_eval'),
(895, 'partial_eval'),
(896, 'partial_eval'),
(897, 'global_eval'),
(898, 'partial_eval'),
(899, 'partial_eval'),
(900, 'partial_eval'),
(901, 'global_eval'),
(902, 'partial_eval'),
(903, 'global_eval'),
(904, 'partial_eval'),
(905, 'global_eval'),
(906, 'partial_eval'),
(907, 'partial_eval'),
(908, 'partial_eval'),
(909, 'partial_eval'),
(910, 'partial_eval'),
(911, 'global_eval'),
(912, 'partial_eval'),
(913, 'partial_eval'),
(914, 'partial_eval'),
(915, 'partial_eval'),
(916, 'global_eval'),
(917, 'partial_eval'),
(918, 'partial_eval'),
(919, 'partial_eval'),
(920, 'partial_eval'),
(921, 'global_eval'),
(922, 'partial_eval'),
(923, 'partial_eval'),
(924, 'partial_eval'),
(925, 'partial_eval'),
(926, 'global_eval'),
(927, 'partial_eval'),
(928, 'partial_eval'),
(929, 'partial_eval'),
(930, 'global_eval'),
(931, 'partial_eval'),
(932, 'global_eval'),
(933, 'partial_eval'),
(934, 'global_eval'),
(935, 'partial_eval'),
(936, 'partial_eval'),
(937, 'partial_eval'),
(938, 'partial_eval'),
(939, 'partial_eval'),
(940, 'global_eval'),
(941, 'partial_eval'),
(942, 'partial_eval'),
(943, 'partial_eval'),
(944, 'partial_eval'),
(945, 'partial_eval'),
(946, 'global_eval'),
(947, 'partial_eval'),
(948, 'partial_eval'),
(949, 'partial_eval'),
(950, 'partial_eval'),
(951, 'global_eval'),
(952, 'partial_eval'),
(953, 'partial_eval'),
(954, 'partial_eval'),
(955, 'partial_eval'),
(956, 'global_eval'),
(957, 'partial_eval'),
(958, 'partial_eval'),
(959, 'partial_eval'),
(960, 'global_eval'),
(963, 'partial_eval'),
(964, 'global_eval'),
(965, 'partial_eval'),
(966, 'global_eval'),
(967, 'partial_eval'),
(968, 'partial_eval'),
(969, 'partial_eval'),
(970, 'partial_eval'),
(971, 'partial_eval'),
(972, 'global_eval'),
(973, 'partial_eval'),
(974, 'partial_eval'),
(975, 'partial_eval'),
(976, 'partial_eval'),
(977, 'partial_eval'),
(978, 'global_eval'),
(979, 'partial_eval'),
(980, 'partial_eval'),
(981, 'partial_eval'),
(982, 'partial_eval'),
(983, 'global_eval'),
(984, 'partial_eval'),
(985, 'partial_eval'),
(986, 'partial_eval'),
(987, 'partial_eval'),
(988, 'global_eval'),
(989, 'partial_eval'),
(990, 'partial_eval'),
(991, 'partial_eval'),
(992, 'global_eval'),
(993, 'partial_eval'),
(994, 'global_eval'),
(995, 'partial_eval'),
(996, 'global_eval'),
(997, 'partial_eval'),
(998, 'partial_eval'),
(999, 'partial_eval'),
(1000, 'partial_eval'),
(1001, 'partial_eval'),
(1002, 'global_eval'),
(1003, 'partial_eval'),
(1004, 'partial_eval'),
(1005, 'partial_eval'),
(1006, 'partial_eval'),
(1007, 'partial_eval'),
(1008, 'global_eval'),
(1009, 'partial_eval'),
(1010, 'partial_eval'),
(1011, 'partial_eval'),
(1012, 'partial_eval'),
(1013, 'global_eval'),
(1014, 'partial_eval'),
(1015, 'partial_eval'),
(1016, 'partial_eval'),
(1017, 'partial_eval'),
(1018, 'global_eval'),
(1019, 'partial_eval'),
(1020, 'partial_eval'),
(1021, 'partial_eval'),
(1022, 'global_eval'),
(1023, 'partial_eval'),
(1024, 'global_eval'),
(1025, 'partial_eval'),
(1026, 'global_eval'),
(1027, 'partial_eval'),
(1028, 'partial_eval'),
(1029, 'partial_eval'),
(1030, 'partial_eval'),
(1031, 'partial_eval'),
(1032, 'global_eval'),
(1033, 'partial_eval'),
(1034, 'partial_eval'),
(1035, 'partial_eval'),
(1036, 'partial_eval'),
(1037, 'partial_eval'),
(1038, 'global_eval'),
(1039, 'partial_eval'),
(1040, 'partial_eval'),
(1041, 'partial_eval'),
(1042, 'partial_eval'),
(1043, 'global_eval'),
(1044, 'partial_eval'),
(1045, 'partial_eval'),
(1046, 'partial_eval'),
(1047, 'partial_eval'),
(1048, 'global_eval'),
(1049, 'partial_eval'),
(1050, 'partial_eval'),
(1051, 'partial_eval'),
(1052, 'global_eval'),
(1053, 'partial_eval'),
(1054, 'global_eval'),
(1055, 'partial_eval'),
(1056, 'global_eval'),
(1057, 'partial_eval'),
(1058, 'partial_eval'),
(1059, 'partial_eval'),
(1060, 'partial_eval'),
(1061, 'partial_eval'),
(1062, 'global_eval'),
(1063, 'partial_eval'),
(1064, 'partial_eval'),
(1065, 'partial_eval'),
(1066, 'partial_eval'),
(1067, 'partial_eval'),
(1068, 'global_eval'),
(1069, 'partial_eval'),
(1070, 'partial_eval'),
(1071, 'partial_eval'),
(1072, 'partial_eval'),
(1073, 'partial_eval'),
(1074, 'global_eval'),
(1075, 'partial_eval'),
(1076, 'partial_eval'),
(1077, 'partial_eval'),
(1078, 'global_eval'),
(1079, 'partial_eval'),
(1080, 'partial_eval'),
(1081, 'partial_eval'),
(1082, 'global_eval'),
(1083, 'partial_eval'),
(1084, 'global_eval'),
(1085, 'partial_eval'),
(1086, 'global_eval'),
(1087, 'partial_eval'),
(1088, 'partial_eval'),
(1089, 'partial_eval'),
(1090, 'partial_eval'),
(1091, 'partial_eval'),
(1092, 'global_eval'),
(1093, 'partial_eval'),
(1094, 'partial_eval'),
(1095, 'partial_eval'),
(1096, 'partial_eval'),
(1097, 'partial_eval'),
(1098, 'global_eval'),
(1099, 'partial_eval'),
(1100, 'partial_eval'),
(1101, 'partial_eval'),
(1102, 'global_eval'),
(1103, 'partial_eval'),
(1104, 'partial_eval'),
(1105, 'partial_eval'),
(1106, 'partial_eval'),
(1107, 'global_eval'),
(1108, 'partial_eval'),
(1109, 'partial_eval'),
(1110, 'partial_eval'),
(1111, 'global_eval'),
(1112, 'partial_eval'),
(1113, 'global_eval'),
(1114, 'partial_eval'),
(1115, 'global_eval'),
(1116, 'partial_eval'),
(1117, 'partial_eval'),
(1118, 'partial_eval'),
(1119, 'partial_eval'),
(1120, 'partial_eval'),
(1121, 'global_eval'),
(1122, 'partial_eval'),
(1123, 'partial_eval'),
(1124, 'partial_eval'),
(1125, 'partial_eval'),
(1126, 'partial_eval'),
(1127, 'global_eval'),
(1128, 'partial_eval'),
(1129, 'partial_eval'),
(1130, 'partial_eval'),
(1131, 'partial_eval'),
(1132, 'global_eval'),
(1133, 'partial_eval'),
(1134, 'partial_eval'),
(1135, 'partial_eval'),
(1136, 'partial_eval'),
(1137, 'global_eval'),
(1138, 'partial_eval'),
(1139, 'partial_eval'),
(1140, 'partial_eval'),
(1141, 'global_eval'),
(1142, 'partial_eval'),
(1143, 'global_eval'),
(1144, 'partial_eval'),
(1145, 'global_eval'),
(1146, 'partial_eval'),
(1147, 'partial_eval'),
(1148, 'partial_eval'),
(1149, 'partial_eval'),
(1150, 'partial_eval'),
(1151, 'global_eval'),
(1152, 'partial_eval'),
(1153, 'partial_eval'),
(1154, 'partial_eval'),
(1155, 'partial_eval'),
(1156, 'partial_eval'),
(1157, 'global_eval'),
(1158, 'partial_eval'),
(1159, 'partial_eval'),
(1160, 'partial_eval'),
(1161, 'partial_eval'),
(1162, 'global_eval'),
(1163, 'partial_eval'),
(1164, 'partial_eval'),
(1165, 'partial_eval'),
(1166, 'partial_eval'),
(1167, 'global_eval'),
(1168, 'partial_eval'),
(1169, 'partial_eval'),
(1170, 'partial_eval'),
(1171, 'global_eval'),
(1174, 'partial_eval'),
(1175, 'global_eval'),
(1176, 'partial_eval'),
(1177, 'global_eval'),
(1178, 'partial_eval'),
(1179, 'partial_eval'),
(1180, 'partial_eval'),
(1181, 'partial_eval'),
(1182, 'partial_eval'),
(1183, 'global_eval'),
(1184, 'partial_eval'),
(1185, 'partial_eval'),
(1186, 'partial_eval'),
(1187, 'partial_eval'),
(1188, 'partial_eval'),
(1189, 'global_eval'),
(1190, 'partial_eval'),
(1191, 'partial_eval'),
(1192, 'partial_eval'),
(1193, 'partial_eval'),
(1194, 'global_eval'),
(1195, 'partial_eval'),
(1196, 'partial_eval'),
(1197, 'partial_eval'),
(1198, 'partial_eval'),
(1199, 'global_eval'),
(1200, 'partial_eval'),
(1201, 'partial_eval'),
(1202, 'partial_eval'),
(1203, 'global_eval'),
(1204, 'partial_eval'),
(1205, 'global_eval'),
(1206, 'partial_eval'),
(1207, 'global_eval'),
(1208, 'partial_eval'),
(1209, 'partial_eval'),
(1210, 'partial_eval'),
(1211, 'partial_eval'),
(1212, 'partial_eval'),
(1213, 'global_eval'),
(1214, 'partial_eval'),
(1215, 'partial_eval'),
(1216, 'partial_eval'),
(1217, 'partial_eval'),
(1218, 'partial_eval'),
(1219, 'global_eval'),
(1221, 'partial_eval'),
(1222, 'partial_eval'),
(1223, 'partial_eval'),
(1224, 'partial_eval'),
(1225, 'global_eval'),
(1226, 'partial_eval'),
(1227, 'partial_eval'),
(1228, 'partial_eval'),
(1229, 'partial_eval'),
(1230, 'global_eval'),
(1231, 'partial_eval'),
(1232, 'partial_eval'),
(1233, 'partial_eval'),
(1234, 'global_eval'),
(1235, 'partial_eval'),
(1236, 'global_eval'),
(1237, 'partial_eval'),
(1238, 'global_eval'),
(1239, 'partial_eval'),
(1240, 'partial_eval'),
(1241, 'partial_eval'),
(1242, 'partial_eval'),
(1243, 'partial_eval'),
(1244, 'global_eval'),
(1245, 'partial_eval'),
(1246, 'partial_eval'),
(1247, 'partial_eval'),
(1248, 'partial_eval'),
(1249, 'partial_eval'),
(1250, 'global_eval'),
(1251, 'partial_eval'),
(1252, 'partial_eval'),
(1253, 'partial_eval'),
(1254, 'partial_eval'),
(1255, 'global_eval'),
(1256, 'partial_eval'),
(1257, 'partial_eval'),
(1258, 'partial_eval'),
(1259, 'partial_eval'),
(1260, 'global_eval'),
(1261, 'partial_eval'),
(1262, 'partial_eval'),
(1263, 'partial_eval'),
(1264, 'global_eval'),
(1265, 'partial_eval'),
(1266, 'global_eval'),
(1267, 'partial_eval'),
(1268, 'global_eval'),
(1269, 'partial_eval'),
(1270, 'partial_eval'),
(1271, 'partial_eval'),
(1272, 'partial_eval'),
(1273, 'partial_eval'),
(1274, 'global_eval'),
(1275, 'partial_eval'),
(1276, 'partial_eval'),
(1277, 'partial_eval'),
(1278, 'partial_eval'),
(1279, 'partial_eval'),
(1280, 'global_eval'),
(1281, 'partial_eval'),
(1282, 'partial_eval'),
(1283, 'partial_eval'),
(1284, 'partial_eval'),
(1285, 'global_eval'),
(1286, 'partial_eval'),
(1287, 'partial_eval'),
(1288, 'partial_eval'),
(1289, 'partial_eval'),
(1290, 'global_eval'),
(1291, 'partial_eval'),
(1292, 'partial_eval'),
(1293, 'partial_eval'),
(1294, 'global_eval'),
(1295, 'partial_eval'),
(1296, 'global_eval'),
(1297, 'partial_eval'),
(1298, 'global_eval'),
(1300, 'partial_eval'),
(1301, 'partial_eval'),
(1302, 'partial_eval'),
(1303, 'global_eval'),
(1304, 'partial_eval'),
(1305, 'global_eval'),
(1306, 'partial_eval'),
(1307, 'global_eval'),
(1308, 'partial_eval'),
(1309, 'partial_eval'),
(1310, 'partial_eval'),
(1311, 'partial_eval'),
(1312, 'global_eval'),
(1313, 'partial_eval'),
(1314, 'partial_eval'),
(1315, 'partial_eval'),
(1316, 'partial_eval'),
(1317, 'partial_eval'),
(1318, 'global_eval'),
(1319, 'partial_eval'),
(1320, 'partial_eval'),
(1321, 'partial_eval'),
(1322, 'partial_eval'),
(1323, 'global_eval'),
(1324, 'partial_eval'),
(1325, 'partial_eval'),
(1326, 'partial_eval'),
(1327, 'partial_eval'),
(1328, 'global_eval'),
(1329, 'partial_eval'),
(1330, 'partial_eval'),
(1331, 'partial_eval'),
(1332, 'global_eval'),
(1333, 'partial_eval'),
(1334, 'partial_eval'),
(1335, 'partial_eval'),
(1336, 'partial_eval'),
(1337, 'partial_eval'),
(1338, 'global_eval'),
(1339, 'partial_eval'),
(1340, 'partial_eval'),
(1341, 'partial_eval'),
(1342, 'partial_eval'),
(1343, 'global_eval'),
(1344, 'partial_eval'),
(1345, 'partial_eval'),
(1346, 'partial_eval'),
(1347, 'partial_eval'),
(1348, 'global_eval'),
(1349, 'partial_eval'),
(1350, 'partial_eval'),
(1351, 'partial_eval'),
(1352, 'partial_eval'),
(1353, 'global_eval'),
(1354, 'partial_eval'),
(1355, 'partial_eval'),
(1356, 'partial_eval'),
(1357, 'global_eval'),
(1358, 'partial_eval'),
(1359, 'global_eval'),
(1360, 'partial_eval'),
(1361, 'global_eval'),
(1362, 'partial_eval'),
(1363, 'partial_eval'),
(1364, 'partial_eval'),
(1365, 'partial_eval'),
(1366, 'partial_eval'),
(1367, 'global_eval'),
(1368, 'partial_eval'),
(1369, 'partial_eval'),
(1370, 'partial_eval'),
(1371, 'partial_eval'),
(1372, 'global_eval'),
(1373, 'partial_eval'),
(1374, 'partial_eval'),
(1375, 'partial_eval'),
(1376, 'partial_eval'),
(1377, 'global_eval'),
(1378, 'partial_eval'),
(1379, 'partial_eval'),
(1380, 'partial_eval'),
(1381, 'partial_eval'),
(1382, 'global_eval'),
(1383, 'partial_eval'),
(1384, 'partial_eval'),
(1385, 'partial_eval'),
(1386, 'global_eval'),
(1387, 'partial_eval'),
(1388, 'partial_eval'),
(1389, 'partial_eval'),
(1390, 'global_eval'),
(1391, 'partial_eval'),
(1392, 'partial_eval'),
(1393, 'partial_eval'),
(1394, 'global_eval'),
(1395, 'partial_eval'),
(1396, 'global_eval'),
(1397, 'partial_eval'),
(1398, 'global_eval'),
(1399, 'partial_eval'),
(1400, 'partial_eval'),
(1401, 'partial_eval'),
(1402, 'partial_eval'),
(1403, 'partial_eval'),
(1404, 'global_eval'),
(1405, 'partial_eval'),
(1406, 'partial_eval'),
(1407, 'partial_eval'),
(1408, 'partial_eval'),
(1409, 'global_eval'),
(1410, 'partial_eval'),
(1411, 'partial_eval'),
(1412, 'partial_eval'),
(1413, 'partial_eval'),
(1414, 'global_eval'),
(1415, 'partial_eval'),
(1416, 'partial_eval'),
(1417, 'partial_eval'),
(1418, 'partial_eval'),
(1419, 'global_eval'),
(1424, 'partial_eval'),
(1425, 'partial_eval'),
(1426, 'partial_eval'),
(1427, 'global_eval'),
(1428, 'partial_eval'),
(1429, 'global_eval'),
(1430, 'partial_eval'),
(1431, 'global_eval'),
(1432, 'partial_eval'),
(1433, 'partial_eval'),
(1434, 'partial_eval'),
(1435, 'partial_eval'),
(1436, 'partial_eval'),
(1437, 'global_eval'),
(1438, 'partial_eval'),
(1439, 'partial_eval'),
(1440, 'partial_eval'),
(1441, 'partial_eval'),
(1442, 'global_eval'),
(1443, 'partial_eval'),
(1444, 'partial_eval'),
(1445, 'partial_eval'),
(1446, 'partial_eval'),
(1447, 'global_eval'),
(1448, 'partial_eval'),
(1449, 'partial_eval'),
(1450, 'partial_eval'),
(1451, 'partial_eval'),
(1452, 'global_eval'),
(1454, 'partial_eval'),
(1455, 'partial_eval'),
(1456, 'partial_eval'),
(1457, 'global_eval'),
(1458, 'partial_eval'),
(1459, 'partial_eval'),
(1460, 'partial_eval'),
(1461, 'global_eval'),
(1462, 'partial_eval'),
(1463, 'global_eval'),
(1464, 'partial_eval'),
(1465, 'global_eval'),
(1466, 'partial_eval'),
(1467, 'partial_eval'),
(1468, 'partial_eval'),
(1469, 'partial_eval'),
(1470, 'partial_eval'),
(1471, 'global_eval'),
(1472, 'partial_eval'),
(1473, 'partial_eval'),
(1474, 'partial_eval'),
(1475, 'partial_eval'),
(1476, 'global_eval'),
(1477, 'partial_eval'),
(1478, 'partial_eval'),
(1479, 'partial_eval'),
(1480, 'partial_eval'),
(1481, 'global_eval'),
(1482, 'partial_eval'),
(1483, 'partial_eval'),
(1484, 'partial_eval'),
(1485, 'partial_eval'),
(1486, 'global_eval'),
(1491, 'partial_eval'),
(1492, 'partial_eval'),
(1493, 'partial_eval'),
(1494, 'global_eval'),
(1495, 'partial_eval'),
(1496, 'partial_eval'),
(1497, 'partial_eval'),
(1498, 'global_eval'),
(1499, 'partial_eval'),
(1500, 'global_eval'),
(1501, 'partial_eval'),
(1502, 'global_eval'),
(1503, 'partial_eval'),
(1504, 'partial_eval'),
(1505, 'partial_eval'),
(1506, 'partial_eval'),
(1507, 'partial_eval'),
(1508, 'global_eval'),
(1509, 'partial_eval'),
(1510, 'partial_eval'),
(1511, 'partial_eval'),
(1512, 'partial_eval'),
(1513, 'global_eval'),
(1514, 'partial_eval'),
(1515, 'partial_eval'),
(1516, 'partial_eval'),
(1517, 'partial_eval'),
(1518, 'global_eval'),
(1519, 'partial_eval'),
(1520, 'partial_eval'),
(1521, 'partial_eval'),
(1522, 'partial_eval'),
(1523, 'global_eval'),
(1525, 'partial_eval'),
(1526, 'partial_eval'),
(1527, 'partial_eval'),
(1528, 'global_eval'),
(1529, 'partial_eval'),
(1530, 'partial_eval'),
(1531, 'partial_eval'),
(1532, 'global_eval'),
(1533, 'partial_eval'),
(1534, 'global_eval'),
(1535, 'partial_eval'),
(1536, 'global_eval'),
(1537, 'partial_eval'),
(1538, 'partial_eval'),
(1539, 'partial_eval'),
(1540, 'partial_eval'),
(1541, 'partial_eval'),
(1542, 'global_eval'),
(1543, 'partial_eval'),
(1544, 'partial_eval'),
(1545, 'partial_eval'),
(1546, 'partial_eval'),
(1547, 'global_eval'),
(1548, 'partial_eval'),
(1549, 'partial_eval'),
(1550, 'partial_eval'),
(1551, 'partial_eval'),
(1552, 'global_eval'),
(1553, 'partial_eval'),
(1554, 'partial_eval'),
(1555, 'partial_eval'),
(1556, 'partial_eval'),
(1557, 'global_eval'),
(1558, 'partial_eval'),
(1559, 'partial_eval'),
(1560, 'partial_eval'),
(1561, 'global_eval'),
(1562, 'partial_eval'),
(1563, 'partial_eval'),
(1564, 'partial_eval'),
(1565, 'global_eval'),
(1566, 'partial_eval'),
(1567, 'global_eval'),
(1568, 'partial_eval'),
(1569, 'global_eval'),
(1570, 'partial_eval'),
(1571, 'partial_eval'),
(1572, 'partial_eval'),
(1573, 'partial_eval'),
(1574, 'partial_eval'),
(1575, 'global_eval'),
(1576, 'partial_eval'),
(1577, 'partial_eval'),
(1578, 'partial_eval'),
(1579, 'partial_eval'),
(1580, 'global_eval'),
(1581, 'partial_eval'),
(1582, 'partial_eval'),
(1583, 'partial_eval'),
(1584, 'partial_eval'),
(1585, 'global_eval'),
(1586, 'partial_eval'),
(1587, 'partial_eval'),
(1588, 'partial_eval'),
(1589, 'global_eval'),
(1590, 'partial_eval'),
(1591, 'partial_eval'),
(1592, 'partial_eval'),
(1593, 'global_eval'),
(1595, 'partial_eval'),
(1596, 'global_eval'),
(1597, 'partial_eval'),
(1598, 'global_eval'),
(1599, 'partial_eval'),
(1600, 'partial_eval'),
(1601, 'partial_eval'),
(1602, 'partial_eval'),
(1603, 'partial_eval'),
(1604, 'global_eval'),
(1605, 'partial_eval'),
(1606, 'partial_eval'),
(1607, 'partial_eval'),
(1608, 'partial_eval'),
(1609, 'global_eval'),
(1610, 'partial_eval'),
(1611, 'partial_eval'),
(1612, 'partial_eval'),
(1613, 'partial_eval'),
(1614, 'global_eval'),
(1615, 'partial_eval'),
(1616, 'partial_eval'),
(1617, 'partial_eval'),
(1618, 'partial_eval'),
(1619, 'global_eval'),
(1620, 'partial_eval'),
(1621, 'partial_eval'),
(1622, 'partial_eval'),
(1623, 'global_eval'),
(1624, 'partial_eval'),
(1625, 'partial_eval'),
(1626, 'partial_eval'),
(1627, 'global_eval'),
(1628, 'partial_eval'),
(1629, 'global_eval'),
(1630, 'partial_eval'),
(1631, 'global_eval'),
(1632, 'partial_eval'),
(1633, 'partial_eval'),
(1634, 'partial_eval'),
(1635, 'partial_eval'),
(1636, 'global_eval'),
(1637, 'partial_eval'),
(1638, 'partial_eval'),
(1639, 'partial_eval'),
(1640, 'partial_eval'),
(1641, 'partial_eval'),
(1642, 'global_eval'),
(1643, 'partial_eval'),
(1644, 'partial_eval'),
(1645, 'partial_eval'),
(1646, 'partial_eval'),
(1647, 'global_eval'),
(1648, 'partial_eval'),
(1649, 'partial_eval'),
(1650, 'partial_eval'),
(1651, 'partial_eval'),
(1652, 'global_eval'),
(1653, 'partial_eval'),
(1654, 'partial_eval'),
(1655, 'partial_eval'),
(1656, 'global_eval'),
(1657, 'partial_eval'),
(1658, 'partial_eval'),
(1659, 'partial_eval'),
(1660, 'global_eval'),
(1661, 'partial_eval'),
(1662, 'global_eval'),
(1663, 'partial_eval'),
(1664, 'global_eval'),
(1665, 'partial_eval'),
(1666, 'partial_eval'),
(1667, 'partial_eval'),
(1668, 'partial_eval'),
(1669, 'partial_eval'),
(1670, 'global_eval'),
(1671, 'partial_eval'),
(1672, 'partial_eval'),
(1673, 'partial_eval'),
(1674, 'partial_eval'),
(1675, 'global_eval'),
(1676, 'partial_eval'),
(1677, 'partial_eval'),
(1678, 'partial_eval'),
(1679, 'partial_eval'),
(1680, 'global_eval'),
(1681, 'partial_eval'),
(1682, 'partial_eval'),
(1683, 'partial_eval'),
(1684, 'partial_eval'),
(1685, 'global_eval'),
(1687, 'partial_eval'),
(1688, 'partial_eval'),
(1689, 'partial_eval'),
(1690, 'global_eval'),
(1691, 'partial_eval'),
(1692, 'partial_eval'),
(1693, 'partial_eval'),
(1694, 'global_eval'),
(1695, 'partial_eval'),
(1696, 'global_eval'),
(1697, 'partial_eval'),
(1698, 'global_eval'),
(1699, 'partial_eval'),
(1700, 'partial_eval'),
(1701, 'partial_eval'),
(1702, 'partial_eval'),
(1703, 'partial_eval'),
(1704, 'global_eval'),
(1705, 'partial_eval'),
(1706, 'partial_eval'),
(1707, 'partial_eval'),
(1708, 'partial_eval'),
(1709, 'global_eval'),
(1710, 'partial_eval'),
(1711, 'partial_eval'),
(1712, 'partial_eval'),
(1713, 'partial_eval'),
(1714, 'global_eval'),
(1715, 'partial_eval'),
(1716, 'partial_eval'),
(1717, 'partial_eval'),
(1718, 'partial_eval'),
(1719, 'global_eval'),
(1720, 'partial_eval'),
(1721, 'partial_eval'),
(1722, 'partial_eval'),
(1723, 'global_eval'),
(1724, 'partial_eval'),
(1725, 'global_eval'),
(1726, 'partial_eval'),
(1727, 'global_eval'),
(1728, 'partial_eval'),
(1729, 'partial_eval'),
(1730, 'partial_eval'),
(1731, 'partial_eval'),
(1732, 'partial_eval'),
(1733, 'global_eval'),
(1734, 'partial_eval'),
(1735, 'partial_eval'),
(1736, 'partial_eval'),
(1737, 'partial_eval'),
(1738, 'global_eval'),
(1739, 'partial_eval'),
(1740, 'partial_eval'),
(1741, 'partial_eval'),
(1742, 'partial_eval'),
(1743, 'global_eval'),
(1744, 'partial_eval'),
(1745, 'partial_eval'),
(1746, 'partial_eval'),
(1747, 'partial_eval'),
(1748, 'global_eval'),
(1749, 'partial_eval'),
(1750, 'partial_eval'),
(1751, 'partial_eval'),
(1752, 'global_eval'),
(1753, 'partial_eval'),
(1754, 'global_eval'),
(1755, 'partial_eval'),
(1756, 'global_eval'),
(1757, 'partial_eval'),
(1758, 'partial_eval'),
(1759, 'partial_eval'),
(1760, 'partial_eval'),
(1761, 'partial_eval'),
(1762, 'global_eval'),
(1763, 'partial_eval'),
(1764, 'partial_eval'),
(1765, 'partial_eval'),
(1766, 'partial_eval'),
(1767, 'global_eval'),
(1768, 'partial_eval'),
(1769, 'partial_eval'),
(1770, 'partial_eval'),
(1771, 'partial_eval'),
(1772, 'global_eval'),
(1773, 'partial_eval'),
(1774, 'partial_eval'),
(1775, 'partial_eval'),
(1776, 'partial_eval'),
(1777, 'global_eval'),
(1778, 'partial_eval'),
(1779, 'partial_eval'),
(1780, 'partial_eval'),
(1781, 'global_eval'),
(1782, 'partial_eval'),
(1783, 'partial_eval'),
(1784, 'partial_eval'),
(1785, 'global_eval'),
(1786, 'partial_eval'),
(1787, 'global_eval'),
(1788, 'partial_eval'),
(1789, 'global_eval'),
(1790, 'partial_eval'),
(1791, 'partial_eval'),
(1792, 'partial_eval'),
(1793, 'partial_eval'),
(1794, 'partial_eval'),
(1795, 'global_eval'),
(1796, 'partial_eval'),
(1797, 'partial_eval'),
(1798, 'partial_eval'),
(1799, 'partial_eval'),
(1800, 'global_eval'),
(1801, 'partial_eval'),
(1802, 'partial_eval'),
(1803, 'partial_eval'),
(1804, 'partial_eval'),
(1805, 'global_eval'),
(1806, 'partial_eval'),
(1807, 'partial_eval'),
(1808, 'partial_eval'),
(1809, 'partial_eval'),
(1810, 'global_eval'),
(1811, 'partial_eval'),
(1812, 'partial_eval'),
(1813, 'partial_eval'),
(1814, 'global_eval'),
(1815, 'partial_eval'),
(1816, 'partial_eval'),
(1817, 'partial_eval'),
(1818, 'global_eval'),
(1819, 'partial_eval'),
(1820, 'global_eval'),
(1821, 'partial_eval'),
(1822, 'global_eval'),
(1823, 'global_eval'),
(1824, 'partial_eval'),
(1825, 'partial_eval'),
(1826, 'partial_eval'),
(1827, 'partial_eval'),
(1828, 'partial_eval'),
(1829, 'partial_eval'),
(1830, 'partial_eval'),
(1831, 'partial_eval'),
(1832, 'partial_eval'),
(1833, 'global_eval'),
(1834, 'partial_eval'),
(1835, 'partial_eval'),
(1836, 'partial_eval'),
(1837, 'partial_eval'),
(1838, 'partial_eval'),
(1839, 'global_eval'),
(1840, 'partial_eval'),
(1841, 'partial_eval'),
(1842, 'partial_eval'),
(1843, 'partial_eval'),
(1844, 'global_eval'),
(1845, 'partial_eval'),
(1846, 'partial_eval'),
(1847, 'partial_eval'),
(1848, 'global_eval'),
(1849, 'partial_eval'),
(1850, 'partial_eval'),
(1851, 'partial_eval'),
(1852, 'global_eval'),
(1853, 'partial_eval'),
(1854, 'partial_eval'),
(1855, 'partial_eval'),
(1856, 'global_eval'),
(1857, 'partial_eval'),
(1858, 'partial_eval'),
(1859, 'partial_eval'),
(1860, 'partial_eval'),
(1861, 'global_eval'),
(1862, 'partial_eval'),
(1863, 'partial_eval'),
(1864, 'partial_eval'),
(1865, 'partial_eval'),
(1866, 'partial_eval'),
(1867, 'global_eval'),
(1873, 'partial_eval'),
(1874, 'partial_eval'),
(1875, 'partial_eval'),
(1876, 'partial_eval'),
(1877, 'global_eval'),
(1878, 'partial_eval'),
(1879, 'partial_eval'),
(1880, 'partial_eval'),
(1881, 'global_eval'),
(1882, 'partial_eval'),
(1883, 'partial_eval'),
(1884, 'partial_eval'),
(1885, 'partial_eval'),
(1886, 'partial_eval'),
(1887, 'global_eval'),
(1888, 'partial_eval'),
(1889, 'partial_eval'),
(1890, 'partial_eval'),
(1891, 'partial_eval'),
(1892, 'partial_eval'),
(1893, 'global_eval'),
(1894, 'partial_eval'),
(1895, 'partial_eval'),
(1896, 'partial_eval'),
(1897, 'partial_eval'),
(1898, 'global_eval'),
(1899, 'partial_eval'),
(1900, 'partial_eval'),
(1901, 'partial_eval'),
(1902, 'global_eval'),
(1903, 'partial_eval'),
(1904, 'partial_eval'),
(1905, 'partial_eval'),
(1906, 'partial_eval'),
(1907, 'partial_eval'),
(1908, 'global_eval'),
(1909, 'partial_eval'),
(1910, 'partial_eval'),
(1911, 'partial_eval'),
(1912, 'partial_eval'),
(1913, 'global_eval'),
(1914, 'partial_eval'),
(1915, 'partial_eval'),
(1916, 'partial_eval'),
(1917, 'global_eval'),
(1918, 'global_eval'),
(1919, 'partial_eval'),
(1920, 'partial_eval'),
(1921, 'partial_eval'),
(1922, 'partial_eval'),
(1923, 'partial_eval'),
(1924, 'global_eval'),
(1925, 'partial_eval'),
(1926, 'partial_eval'),
(1927, 'partial_eval'),
(1928, 'partial_eval'),
(1929, 'partial_eval'),
(1930, 'partial_eval'),
(1931, 'partial_eval'),
(1932, 'global_eval'),
(1933, 'partial_eval'),
(1934, 'partial_eval'),
(1935, 'partial_eval'),
(1936, 'partial_eval'),
(1937, 'partial_eval'),
(1938, 'global_eval'),
(1939, 'partial_eval'),
(1940, 'partial_eval'),
(1941, 'partial_eval'),
(1942, 'partial_eval'),
(1943, 'global_eval'),
(1944, 'partial_eval'),
(1945, 'partial_eval'),
(1946, 'partial_eval'),
(1947, 'global_eval'),
(1948, 'partial_eval'),
(1949, 'partial_eval'),
(1950, 'partial_eval'),
(1951, 'partial_eval'),
(1952, 'partial_eval'),
(1953, 'global_eval'),
(1954, 'partial_eval'),
(1955, 'partial_eval'),
(1956, 'partial_eval'),
(1957, 'partial_eval'),
(1958, 'global_eval'),
(1959, 'partial_eval'),
(1960, 'partial_eval'),
(1961, 'partial_eval'),
(1962, 'global_eval'),
(1963, 'partial_eval'),
(1964, 'partial_eval'),
(1965, 'partial_eval'),
(1966, 'partial_eval'),
(1967, 'partial_eval'),
(1968, 'global_eval'),
(1969, 'partial_eval'),
(1970, 'partial_eval'),
(1971, 'partial_eval'),
(1972, 'partial_eval'),
(1973, 'global_eval'),
(1974, 'partial_eval'),
(1975, 'partial_eval'),
(1976, 'partial_eval'),
(1977, 'global_eval'),
(1978, 'partial_eval'),
(1979, 'partial_eval'),
(1980, 'partial_eval'),
(1981, 'partial_eval'),
(1982, 'partial_eval'),
(1983, 'global_eval'),
(1984, 'partial_eval'),
(1985, 'partial_eval'),
(1986, 'partial_eval'),
(1987, 'partial_eval'),
(1988, 'global_eval'),
(1989, 'partial_eval'),
(1990, 'partial_eval'),
(1991, 'partial_eval'),
(1992, 'global_eval'),
(1993, 'partial_eval'),
(1994, 'partial_eval'),
(1995, 'partial_eval'),
(1996, 'partial_eval'),
(1997, 'partial_eval'),
(1998, 'global_eval'),
(1999, 'partial_eval'),
(2000, 'partial_eval'),
(2001, 'partial_eval'),
(2002, 'partial_eval'),
(2003, 'global_eval'),
(2004, 'partial_eval'),
(2005, 'partial_eval'),
(2006, 'partial_eval'),
(2007, 'partial_eval'),
(2008, 'partial_eval'),
(2009, 'partial_eval'),
(2010, 'partial_eval'),
(2011, 'partial_eval'),
(2012, 'global_eval'),
(2013, 'partial_eval'),
(2014, 'partial_eval'),
(2015, 'partial_eval'),
(2016, 'partial_eval'),
(2017, 'global_eval'),
(2018, 'partial_eval'),
(2019, 'global_eval'),
(2020, 'partial_eval'),
(2021, 'partial_eval'),
(2022, 'partial_eval'),
(2023, 'partial_eval'),
(2024, 'partial_eval'),
(2025, 'partial_eval'),
(2026, 'partial_eval'),
(2027, 'global_eval'),
(2028, 'partial_eval'),
(2029, 'partial_eval'),
(2030, 'partial_eval'),
(2031, 'partial_eval'),
(2032, 'global_eval'),
(2033, 'partial_eval'),
(2034, 'partial_eval'),
(2035, 'partial_eval'),
(2036, 'global_eval'),
(2037, 'partial_eval'),
(2038, 'partial_eval'),
(2039, 'partial_eval'),
(2040, 'partial_eval'),
(2041, 'partial_eval'),
(2042, 'global_eval'),
(2043, 'partial_eval'),
(2044, 'partial_eval'),
(2045, 'partial_eval'),
(2046, 'partial_eval'),
(2047, 'global_eval'),
(2048, 'partial_eval'),
(2049, 'partial_eval'),
(2050, 'partial_eval'),
(2051, 'global_eval'),
(2052, 'global_eval'),
(2053, 'partial_eval'),
(2054, 'partial_eval'),
(2055, 'partial_eval'),
(2056, 'partial_eval'),
(2057, 'partial_eval'),
(2058, 'partial_eval'),
(2059, 'partial_eval'),
(2060, 'partial_eval'),
(2061, 'partial_eval'),
(2062, 'global_eval'),
(2063, 'partial_eval'),
(2064, 'partial_eval'),
(2065, 'partial_eval'),
(2066, 'global_eval'),
(2067, 'partial_eval'),
(2068, 'partial_eval'),
(2069, 'partial_eval'),
(2070, 'partial_eval'),
(2071, 'partial_eval'),
(2072, 'global_eval'),
(2073, 'partial_eval'),
(2074, 'partial_eval'),
(2075, 'partial_eval'),
(2076, 'partial_eval'),
(2077, 'global_eval'),
(2078, 'partial_eval'),
(2079, 'partial_eval'),
(2080, 'partial_eval'),
(2081, 'global_eval'),
(2082, 'global_eval'),
(2083, 'partial_eval'),
(2084, 'partial_eval'),
(2085, 'partial_eval'),
(2086, 'partial_eval'),
(2087, 'partial_eval'),
(2088, 'partial_eval'),
(2089, 'partial_eval'),
(2090, 'partial_eval'),
(2091, 'partial_eval'),
(2092, 'global_eval'),
(2093, 'partial_eval'),
(2094, 'partial_eval'),
(2095, 'partial_eval'),
(2096, 'global_eval'),
(2097, 'partial_eval'),
(2098, 'partial_eval'),
(2099, 'partial_eval'),
(2100, 'partial_eval'),
(2101, 'partial_eval'),
(2102, 'global_eval'),
(2103, 'partial_eval'),
(2104, 'partial_eval'),
(2105, 'partial_eval'),
(2106, 'partial_eval'),
(2107, 'global_eval'),
(2108, 'global_eval'),
(2109, 'partial_eval'),
(2110, 'partial_eval'),
(2111, 'partial_eval'),
(2112, 'partial_eval'),
(2113, 'partial_eval'),
(2114, 'partial_eval'),
(2115, 'partial_eval'),
(2116, 'partial_eval'),
(2117, 'global_eval'),
(2118, 'partial_eval'),
(2119, 'partial_eval'),
(2120, 'partial_eval'),
(2121, 'partial_eval'),
(2122, 'global_eval'),
(2123, 'partial_eval'),
(2124, 'partial_eval'),
(2125, 'partial_eval'),
(2126, 'partial_eval'),
(2127, 'global_eval'),
(2128, 'partial_eval'),
(2129, 'partial_eval'),
(2130, 'partial_eval'),
(2131, 'partial_eval'),
(2132, 'global_eval'),
(2133, 'partial_eval'),
(2134, 'partial_eval'),
(2135, 'partial_eval'),
(2136, 'global_eval'),
(2137, 'partial_eval'),
(2138, 'partial_eval'),
(2139, 'partial_eval'),
(2140, 'global_eval'),
(2141, 'partial_eval'),
(2142, 'global_eval'),
(2143, 'partial_eval'),
(2144, 'global_eval'),
(2145, 'partial_eval'),
(2146, 'partial_eval'),
(2147, 'partial_eval'),
(2148, 'partial_eval'),
(2149, 'partial_eval'),
(2150, 'global_eval'),
(2151, 'partial_eval'),
(2152, 'partial_eval'),
(2153, 'partial_eval'),
(2154, 'partial_eval'),
(2155, 'global_eval'),
(2156, 'partial_eval'),
(2157, 'partial_eval'),
(2158, 'partial_eval'),
(2159, 'partial_eval'),
(2160, 'global_eval'),
(2161, 'partial_eval'),
(2162, 'partial_eval'),
(2163, 'partial_eval'),
(2164, 'partial_eval'),
(2165, 'global_eval'),
(2166, 'partial_eval'),
(2167, 'partial_eval'),
(2168, 'partial_eval'),
(2169, 'global_eval'),
(2170, 'partial_eval'),
(2171, 'partial_eval'),
(2172, 'partial_eval'),
(2173, 'global_eval'),
(2174, 'partial_eval'),
(2175, 'global_eval'),
(2176, 'partial_eval'),
(2177, 'global_eval'),
(2178, 'partial_eval'),
(2179, 'partial_eval'),
(2180, 'partial_eval'),
(2181, 'partial_eval'),
(2182, 'partial_eval'),
(2183, 'global_eval'),
(2184, 'partial_eval'),
(2185, 'partial_eval'),
(2186, 'partial_eval'),
(2187, 'partial_eval'),
(2188, 'global_eval'),
(2189, 'partial_eval'),
(2190, 'partial_eval'),
(2191, 'partial_eval'),
(2192, 'partial_eval'),
(2193, 'global_eval'),
(2194, 'partial_eval'),
(2195, 'partial_eval'),
(2196, 'partial_eval'),
(2197, 'partial_eval'),
(2198, 'global_eval'),
(2199, 'partial_eval'),
(2200, 'partial_eval'),
(2201, 'partial_eval'),
(2202, 'global_eval'),
(2203, 'partial_eval'),
(2204, 'partial_eval'),
(2205, 'partial_eval'),
(2206, 'global_eval'),
(2207, 'partial_eval'),
(2208, 'global_eval'),
(2209, 'partial_eval'),
(2210, 'global_eval'),
(2211, 'partial_eval'),
(2212, 'partial_eval'),
(2213, 'partial_eval'),
(2214, 'partial_eval'),
(2215, 'partial_eval'),
(2216, 'global_eval'),
(2217, 'partial_eval'),
(2218, 'partial_eval'),
(2219, 'partial_eval'),
(2220, 'partial_eval'),
(2221, 'global_eval'),
(2222, 'partial_eval'),
(2223, 'partial_eval'),
(2224, 'partial_eval'),
(2225, 'partial_eval'),
(2226, 'global_eval'),
(2227, 'partial_eval'),
(2228, 'partial_eval'),
(2229, 'partial_eval'),
(2230, 'partial_eval'),
(2231, 'global_eval'),
(2232, 'partial_eval'),
(2233, 'partial_eval'),
(2234, 'partial_eval'),
(2235, 'global_eval'),
(2236, 'partial_eval'),
(2237, 'partial_eval'),
(2238, 'partial_eval'),
(2239, 'global_eval'),
(2240, 'partial_eval'),
(2241, 'global_eval'),
(2242, 'partial_eval'),
(2243, 'global_eval'),
(2244, 'partial_eval'),
(2245, 'partial_eval'),
(2246, 'partial_eval'),
(2247, 'partial_eval'),
(2248, 'partial_eval'),
(2249, 'global_eval'),
(2250, 'partial_eval'),
(2251, 'partial_eval'),
(2252, 'partial_eval'),
(2253, 'partial_eval'),
(2254, 'global_eval'),
(2255, 'partial_eval'),
(2256, 'partial_eval'),
(2257, 'partial_eval'),
(2258, 'partial_eval'),
(2259, 'global_eval'),
(2260, 'partial_eval'),
(2261, 'partial_eval'),
(2262, 'partial_eval'),
(2263, 'partial_eval'),
(2264, 'global_eval'),
(2265, 'partial_eval'),
(2266, 'partial_eval'),
(2267, 'partial_eval'),
(2268, 'global_eval'),
(2269, 'partial_eval'),
(2270, 'partial_eval'),
(2271, 'partial_eval'),
(2272, 'global_eval'),
(2273, 'partial_eval'),
(2274, 'global_eval'),
(2275, 'partial_eval'),
(2276, 'global_eval'),
(2277, 'partial_eval'),
(2278, 'partial_eval'),
(2279, 'partial_eval'),
(2280, 'global_eval'),
(2281, 'partial_eval'),
(2282, 'partial_eval'),
(2283, 'partial_eval'),
(2284, 'partial_eval'),
(2285, 'partial_eval'),
(2286, 'global_eval'),
(2287, 'partial_eval'),
(2288, 'partial_eval'),
(2289, 'partial_eval'),
(2290, 'partial_eval'),
(2291, 'global_eval'),
(2292, 'partial_eval'),
(2293, 'partial_eval'),
(2294, 'partial_eval'),
(2295, 'partial_eval'),
(2296, 'global_eval'),
(2297, 'partial_eval'),
(2298, 'partial_eval'),
(2299, 'partial_eval'),
(2300, 'partial_eval'),
(2301, 'global_eval'),
(2306, 'partial_eval'),
(2307, 'partial_eval'),
(2308, 'partial_eval'),
(2309, 'global_eval'),
(2310, 'partial_eval'),
(2311, 'partial_eval'),
(2312, 'partial_eval'),
(2313, 'global_eval'),
(2314, 'partial_eval'),
(2315, 'global_eval'),
(2316, 'partial_eval'),
(2317, 'global_eval'),
(2318, 'partial_eval'),
(2319, 'partial_eval'),
(2320, 'partial_eval'),
(2321, 'partial_eval'),
(2322, 'partial_eval'),
(2323, 'global_eval'),
(2324, 'partial_eval'),
(2325, 'partial_eval'),
(2326, 'partial_eval'),
(2327, 'partial_eval'),
(2328, 'global_eval'),
(2329, 'partial_eval'),
(2330, 'partial_eval'),
(2331, 'partial_eval'),
(2332, 'partial_eval'),
(2333, 'global_eval'),
(2334, 'partial_eval'),
(2335, 'partial_eval'),
(2336, 'partial_eval'),
(2337, 'partial_eval'),
(2338, 'global_eval'),
(2339, 'partial_eval'),
(2340, 'partial_eval'),
(2341, 'partial_eval'),
(2342, 'global_eval'),
(2343, 'partial_eval'),
(2344, 'partial_eval'),
(2345, 'partial_eval'),
(2346, 'global_eval'),
(2347, 'partial_eval'),
(2348, 'global_eval'),
(2349, 'partial_eval'),
(2350, 'global_eval'),
(2351, 'partial_eval'),
(2352, 'partial_eval'),
(2353, 'partial_eval'),
(2354, 'partial_eval'),
(2355, 'partial_eval'),
(2356, 'global_eval'),
(2357, 'partial_eval'),
(2358, 'partial_eval'),
(2359, 'partial_eval'),
(2360, 'partial_eval'),
(2361, 'global_eval'),
(2362, 'partial_eval'),
(2363, 'partial_eval'),
(2364, 'partial_eval'),
(2365, 'partial_eval'),
(2366, 'global_eval'),
(2367, 'partial_eval'),
(2368, 'partial_eval'),
(2369, 'partial_eval'),
(2370, 'partial_eval'),
(2371, 'global_eval'),
(2372, 'partial_eval'),
(2373, 'partial_eval'),
(2374, 'partial_eval'),
(2375, 'global_eval'),
(2376, 'partial_eval'),
(2377, 'partial_eval'),
(2378, 'partial_eval'),
(2379, 'global_eval'),
(2380, 'partial_eval'),
(2381, 'global_eval'),
(2382, 'partial_eval'),
(2383, 'global_eval'),
(2386, 'global_eval'),
(2387, 'global_eval'),
(2388, 'global_eval'),
(2389, 'global_eval'),
(2390, 'global_eval'),
(2391, 'global_eval'),
(2392, 'global_eval'),
(2393, 'global_eval'),
(2394, 'global_eval'),
(2395, 'global_eval'),
(2396, 'global_eval'),
(2397, 'global_eval'),
(2398, 'global_eval'),
(2399, 'global_eval'),
(2400, 'global_eval'),
(2401, 'global_eval'),
(2402, 'global_eval'),
(2403, 'global_eval'),
(2404, 'global_eval'),
(2405, 'global_eval'),
(2406, 'global_eval'),
(2407, 'global_eval'),
(2408, 'global_eval'),
(2409, 'global_eval'),
(2410, 'global_eval'),
(2411, 'partial_eval'),
(2412, 'global_eval'),
(2413, 'partial_eval'),
(2414, 'global_eval'),
(2415, 'partial_eval'),
(2416, 'partial_eval'),
(2417, 'global_eval'),
(2418, 'partial_eval'),
(2419, 'global_eval'),
(2420, 'partial_eval'),
(2421, 'partial_eval'),
(2422, 'partial_eval'),
(2423, 'partial_eval'),
(2424, 'global_eval'),
(2425, 'partial_eval'),
(2426, 'partial_eval'),
(2427, 'partial_eval'),
(2428, 'global_eval'),
(2429, 'partial_eval'),
(2430, 'partial_eval'),
(2431, 'partial_eval'),
(2432, 'global_eval'),
(2433, 'partial_eval'),
(2434, 'partial_eval'),
(2435, 'global_eval'),
(2436, 'global_eval'),
(2437, 'partial_eval'),
(2438, 'partial_eval'),
(2439, 'partial_eval'),
(2440, 'global_eval'),
(2441, 'partial_eval'),
(2442, 'global_eval'),
(2443, 'partial_eval'),
(2444, 'partial_eval'),
(2445, 'partial_eval'),
(2446, 'global_eval'),
(2447, 'partial_eval'),
(2448, 'partial_eval'),
(2449, 'partial_eval'),
(2450, 'global_eval'),
(2451, 'partial_eval'),
(2452, 'partial_eval'),
(2453, 'global_eval'),
(2454, 'global_eval'),
(2455, 'partial_eval'),
(2456, 'partial_eval'),
(2457, 'partial_eval'),
(2458, 'partial_eval'),
(2459, 'global_eval'),
(2460, 'partial_eval'),
(2461, 'partial_eval'),
(2462, 'global_eval'),
(2463, 'global_eval'),
(2464, 'partial_eval'),
(2465, 'partial_eval'),
(2466, 'partial_eval'),
(2467, 'partial_eval'),
(2468, 'global_eval'),
(2469, 'partial_eval'),
(2470, 'partial_eval'),
(2471, 'global_eval'),
(2472, 'partial_eval'),
(2473, 'global_eval'),
(2474, 'partial_eval'),
(2475, 'partial_eval'),
(2476, 'partial_eval'),
(2477, 'global_eval'),
(2478, 'partial_eval'),
(2479, 'partial_eval'),
(2480, 'global_eval'),
(2481, 'partial_eval'),
(2482, 'global_eval'),
(2483, 'partial_eval'),
(2484, 'partial_eval'),
(2485, 'partial_eval'),
(2486, 'global_eval'),
(2487, 'partial_eval'),
(2488, 'partial_eval'),
(2489, 'global_eval'),
(2490, 'global_eval'),
(2491, 'partial_eval'),
(2492, 'partial_eval'),
(2493, 'partial_eval'),
(2494, 'partial_eval'),
(2495, 'global_eval'),
(2496, 'global_eval'),
(2497, 'partial_eval'),
(2498, 'partial_eval'),
(2499, 'partial_eval'),
(2500, 'global_eval'),
(2501, 'partial_eval'),
(2502, 'partial_eval'),
(2503, 'partial_eval'),
(2504, 'global_eval'),
(2505, 'partial_eval'),
(2506, 'partial_eval'),
(2507, 'global_eval'),
(2508, 'partial_eval'),
(2509, 'global_eval'),
(2510, 'partial_eval'),
(2511, 'partial_eval'),
(2512, 'partial_eval'),
(2513, 'global_eval'),
(2514, 'partial_eval'),
(2515, 'partial_eval'),
(2516, 'global_eval'),
(2517, 'partial_eval'),
(2518, 'global_eval'),
(2519, 'partial_eval'),
(2520, 'partial_eval'),
(2521, 'partial_eval'),
(2522, 'global_eval'),
(2523, 'partial_eval'),
(2524, 'partial_eval'),
(2525, 'global_eval'),
(2526, 'partial_eval'),
(2527, 'global_eval'),
(2528, 'global_eval'),
(2529, 'partial_eval'),
(2530, 'partial_eval'),
(2531, 'global_eval'),
(2532, 'partial_eval'),
(2533, 'partial_eval'),
(2534, 'partial_eval'),
(2535, 'partial_eval'),
(2536, 'global_eval'),
(2537, 'partial_eval'),
(2538, 'partial_eval'),
(2539, 'global_eval'),
(2540, 'global_eval'),
(2541, 'partial_eval'),
(2542, 'partial_eval'),
(2543, 'partial_eval'),
(2544, 'partial_eval'),
(2545, 'global_eval'),
(2546, 'partial_eval'),
(2547, 'partial_eval'),
(2548, 'global_eval'),
(2549, 'partial_eval'),
(2550, 'global_eval'),
(2551, 'global_eval'),
(2552, 'partial_eval'),
(2553, 'partial_eval'),
(2554, 'partial_eval'),
(2555, 'partial_eval'),
(2556, 'partial_eval'),
(2557, 'partial_eval'),
(2558, 'global_eval'),
(2559, 'partial_eval'),
(2560, 'partial_eval'),
(2561, 'global_eval'),
(2562, 'partial_eval'),
(2563, 'global_eval'),
(2564, 'partial_eval'),
(2565, 'global_eval'),
(2566, 'partial_eval'),
(2567, 'global_eval'),
(2568, 'partial_eval'),
(2569, 'partial_eval'),
(2570, 'partial_eval'),
(2571, 'partial_eval'),
(2572, 'global_eval'),
(2573, 'partial_eval'),
(2574, 'global_eval'),
(2575, 'partial_eval'),
(2576, 'global_eval'),
(2577, 'partial_eval'),
(2578, 'partial_eval'),
(2579, 'partial_eval'),
(2580, 'partial_eval'),
(2581, 'global_eval'),
(2582, 'partial_eval'),
(2583, 'partial_eval'),
(2584, 'partial_eval'),
(2585, 'global_eval'),
(2586, 'partial_eval'),
(2587, 'partial_eval'),
(2588, 'global_eval'),
(2589, 'partial_eval'),
(2590, 'global_eval'),
(2591, 'partial_eval'),
(2592, 'partial_eval'),
(2593, 'partial_eval'),
(2594, 'global_eval'),
(2595, 'partial_eval'),
(2596, 'partial_eval'),
(2597, 'global_eval'),
(2598, 'partial_eval'),
(2599, 'global_eval'),
(2600, 'partial_eval'),
(2601, 'partial_eval'),
(2602, 'global_eval'),
(2603, 'partial_eval'),
(2604, 'global_eval'),
(2605, 'partial_eval'),
(2606, 'partial_eval'),
(2607, 'partial_eval'),
(2608, 'global_eval'),
(2609, 'global_eval'),
(2610, 'partial_eval'),
(2611, 'partial_eval'),
(2612, 'global_eval'),
(2613, 'partial_eval'),
(2618, 'global_eval'),
(2619, 'partial_eval'),
(2620, 'partial_eval'),
(2621, 'global_eval'),
(2622, 'partial_eval'),
(2623, 'partial_eval'),
(2624, 'partial_eval'),
(2625, 'partial_eval'),
(2626, 'global_eval'),
(2627, 'partial_eval'),
(2628, 'partial_eval'),
(2629, 'partial_eval'),
(2630, 'global_eval'),
(2631, 'partial_eval'),
(2632, 'partial_eval'),
(2633, 'global_eval'),
(2634, 'global_eval'),
(2635, 'partial_eval'),
(2636, 'partial_eval'),
(2637, 'partial_eval'),
(2638, 'partial_eval'),
(2639, 'partial_eval'),
(2640, 'partial_eval'),
(2641, 'partial_eval'),
(2642, 'partial_eval'),
(2643, 'partial_eval'),
(2644, 'partial_eval'),
(2645, 'partial_eval'),
(2646, 'partial_eval'),
(2647, 'partial_eval'),
(2648, 'partial_eval'),
(2649, 'partial_eval'),
(2650, 'partial_eval'),
(2651, 'partial_eval'),
(2652, 'partial_eval'),
(2653, 'partial_eval'),
(2654, 'partial_eval'),
(2655, 'partial_eval'),
(2656, 'partial_eval'),
(2657, 'partial_eval'),
(2658, 'partial_eval'),
(2659, 'partial_eval'),
(2660, 'partial_eval'),
(2661, 'partial_eval'),
(2662, 'partial_eval'),
(2663, 'partial_eval'),
(2664, 'partial_eval'),
(2665, 'partial_eval'),
(2667, 'partial_eval'),
(2668, 'partial_eval'),
(2669, 'partial_eval'),
(2670, 'partial_eval'),
(2671, 'partial_eval'),
(2672, 'partial_eval'),
(2673, 'partial_eval'),
(2674, 'partial_eval'),
(2675, 'partial_eval'),
(2676, 'partial_eval'),
(2677, 'partial_eval'),
(2678, 'partial_eval'),
(2679, 'partial_eval'),
(2680, 'partial_eval'),
(2681, 'partial_eval'),
(2682, 'partial_eval'),
(2683, 'partial_eval'),
(2684, 'partial_eval'),
(2685, 'partial_eval'),
(2686, 'partial_eval'),
(2687, 'partial_eval'),
(2688, 'partial_eval'),
(2689, 'partial_eval'),
(2690, 'partial_eval'),
(2691, 'partial_eval'),
(2692, 'partial_eval'),
(2693, 'partial_eval'),
(2694, 'partial_eval'),
(2695, 'partial_eval'),
(2696, 'partial_eval'),
(2697, 'partial_eval'),
(2698, 'partial_eval'),
(2699, 'partial_eval'),
(2700, 'partial_eval'),
(2701, 'partial_eval'),
(2702, 'partial_eval'),
(2703, 'partial_eval'),
(2704, 'partial_eval'),
(2705, 'partial_eval'),
(2706, 'partial_eval'),
(2707, 'partial_eval'),
(2708, 'partial_eval'),
(2709, 'partial_eval'),
(2710, 'partial_eval'),
(2711, 'partial_eval'),
(2712, 'partial_eval'),
(2713, 'partial_eval'),
(2714, 'partial_eval'),
(2715, 'partial_eval'),
(2716, 'partial_eval'),
(2717, 'partial_eval'),
(2718, 'partial_eval'),
(2719, 'partial_eval'),
(2720, 'partial_eval'),
(2722, 'partial_eval'),
(2723, 'partial_eval'),
(2724, 'partial_eval'),
(2725, 'partial_eval'),
(2726, 'partial_eval'),
(2727, 'partial_eval'),
(2728, 'global_eval'),
(2729, 'global_eval'),
(2730, 'partial_eval'),
(2731, 'global_eval'),
(2732, 'global_eval'),
(2733, 'partial_eval'),
(2734, 'partial_eval'),
(2735, 'global_eval'),
(2736, 'partial_eval'),
(2737, 'global_eval'),
(2738, 'partial_eval'),
(2739, 'global_eval'),
(2740, 'partial_eval'),
(2741, 'global_eval'),
(2742, 'partial_eval'),
(2743, 'global_eval'),
(2744, 'partial_eval'),
(2745, 'global_eval'),
(2746, 'partial_eval'),
(2747, 'global_eval'),
(2748, 'partial_eval'),
(2749, 'global_eval'),
(2750, 'partial_eval'),
(2751, 'global_eval'),
(2752, 'partial_eval'),
(2753, 'global_eval'),
(2754, 'partial_eval'),
(2755, 'global_eval'),
(2756, 'partial_eval'),
(2757, 'global_eval'),
(2758, 'partial_eval'),
(2759, 'global_eval'),
(2760, 'partial_eval'),
(2761, 'global_eval'),
(2762, 'partial_eval'),
(2763, 'global_eval'),
(2764, 'global_eval'),
(2765, 'partial_eval'),
(2766, 'partial_eval'),
(2767, 'global_eval'),
(2768, 'partial_eval'),
(2769, 'global_eval'),
(2770, 'partial_eval'),
(2771, 'global_eval'),
(2772, 'global_eval'),
(2773, 'partial_eval'),
(2774, 'partial_eval'),
(2775, 'global_eval'),
(2776, 'partial_eval'),
(2777, 'global_eval'),
(2778, 'partial_eval'),
(2779, 'global_eval'),
(2780, 'partial_eval'),
(2781, 'global_eval'),
(2782, 'partial_eval'),
(2783, 'global_eval'),
(2784, 'partial_eval'),
(2785, 'global_eval'),
(2786, 'partial_eval'),
(2787, 'global_eval'),
(2788, 'partial_eval'),
(2789, 'global_eval'),
(2790, 'partial_eval'),
(2791, 'global_eval'),
(2792, 'partial_eval'),
(2793, 'global_eval'),
(2794, 'partial_eval'),
(2795, 'global_eval'),
(2796, 'partial_eval'),
(2797, 'global_eval'),
(2798, 'partial_eval'),
(2799, 'global_eval'),
(2800, 'partial_eval'),
(2801, 'global_eval'),
(2802, 'partial_eval'),
(2803, 'partial_eval'),
(2804, 'partial_eval'),
(2805, 'partial_eval'),
(2806, 'partial_eval'),
(2807, 'global_eval'),
(2808, 'partial_eval'),
(2809, 'partial_eval'),
(2810, 'partial_eval'),
(2811, 'partial_eval'),
(2812, 'partial_eval'),
(2813, 'global_eval'),
(2814, 'partial_eval'),
(2815, 'partial_eval'),
(2816, 'partial_eval'),
(2817, 'partial_eval'),
(2818, 'global_eval'),
(2819, 'partial_eval'),
(2820, 'partial_eval'),
(2821, 'partial_eval'),
(2822, 'global_eval'),
(2826, 'partial_eval'),
(2827, 'partial_eval'),
(2828, 'partial_eval'),
(2829, 'global_eval'),
(2830, 'partial_eval'),
(2831, 'partial_eval'),
(2832, 'partial_eval'),
(2833, 'global_eval'),
(2834, 'partial_eval'),
(2835, 'global_eval'),
(2836, 'partial_eval'),
(2837, 'global_eval'),
(2838, 'partial_eval'),
(2839, 'partial_eval'),
(2840, 'partial_eval'),
(2841, 'partial_eval'),
(2842, 'partial_eval'),
(2843, 'global_eval'),
(2844, 'partial_eval'),
(2845, 'partial_eval'),
(2846, 'partial_eval'),
(2847, 'partial_eval'),
(2848, 'partial_eval'),
(2849, 'global_eval'),
(2850, 'partial_eval'),
(2851, 'partial_eval'),
(2852, 'global_eval'),
(2853, 'partial_eval'),
(2854, 'partial_eval'),
(2855, 'partial_eval'),
(2856, 'partial_eval'),
(2857, 'global_eval'),
(2858, 'partial_eval'),
(2859, 'partial_eval'),
(2860, 'global_eval'),
(2861, 'global_eval'),
(2862, 'partial_eval'),
(2863, 'partial_eval'),
(2864, 'partial_eval'),
(2865, 'partial_eval'),
(2866, 'partial_eval'),
(2867, 'global_eval'),
(2868, 'partial_eval'),
(2869, 'partial_eval'),
(2870, 'partial_eval'),
(2871, 'partial_eval'),
(2872, 'partial_eval'),
(2873, 'global_eval'),
(2874, 'partial_eval'),
(2875, 'partial_eval'),
(2876, 'partial_eval'),
(2877, 'partial_eval'),
(2878, 'global_eval'),
(2881, 'partial_eval'),
(2882, 'partial_eval'),
(2883, 'partial_eval'),
(2884, 'global_eval'),
(2885, 'partial_eval'),
(2886, 'global_eval'),
(2887, 'partial_eval'),
(2888, 'global_eval'),
(2889, 'partial_eval'),
(2890, 'partial_eval'),
(2891, 'partial_eval'),
(2892, 'partial_eval'),
(2893, 'partial_eval'),
(2894, 'global_eval'),
(2895, 'partial_eval'),
(2896, 'partial_eval'),
(2897, 'partial_eval'),
(2898, 'partial_eval'),
(2899, 'partial_eval'),
(2900, 'global_eval'),
(2901, 'partial_eval'),
(2902, 'partial_eval'),
(2903, 'partial_eval'),
(2904, 'partial_eval'),
(2905, 'global_eval'),
(2906, 'partial_eval'),
(2907, 'partial_eval'),
(2908, 'partial_eval'),
(2909, 'global_eval'),
(2910, 'partial_eval'),
(2911, 'partial_eval'),
(2912, 'global_eval'),
(2913, 'partial_eval'),
(2914, 'partial_eval'),
(2915, 'partial_eval'),
(2916, 'partial_eval'),
(2917, 'partial_eval'),
(2918, 'global_eval'),
(2919, 'partial_eval');
INSERT INTO `evaluations` (`id`, `discr`) VALUES
(2920, 'partial_eval'),
(2921, 'partial_eval'),
(2922, 'partial_eval'),
(2923, 'partial_eval'),
(2924, 'global_eval'),
(2925, 'partial_eval'),
(2926, 'partial_eval'),
(2927, 'partial_eval'),
(2928, 'partial_eval'),
(2929, 'global_eval'),
(2930, 'partial_eval'),
(2931, 'partial_eval'),
(2932, 'partial_eval'),
(2933, 'global_eval'),
(2934, 'partial_eval'),
(2935, 'global_eval'),
(2936, 'partial_eval'),
(2937, 'global_eval'),
(2938, 'partial_eval'),
(2939, 'partial_eval'),
(2940, 'partial_eval'),
(2941, 'partial_eval'),
(2942, 'partial_eval'),
(2943, 'global_eval'),
(2944, 'partial_eval'),
(2945, 'partial_eval'),
(2946, 'partial_eval'),
(2947, 'partial_eval'),
(2948, 'partial_eval'),
(2949, 'global_eval'),
(2950, 'partial_eval'),
(2951, 'partial_eval'),
(2952, 'partial_eval'),
(2953, 'partial_eval'),
(2954, 'global_eval'),
(2955, 'partial_eval'),
(2956, 'partial_eval'),
(2957, 'partial_eval'),
(2958, 'global_eval'),
(2959, 'partial_eval'),
(2960, 'global_eval'),
(2961, 'partial_eval'),
(2962, 'global_eval'),
(2963, 'partial_eval'),
(2964, 'partial_eval'),
(2965, 'partial_eval'),
(2966, 'partial_eval'),
(2967, 'partial_eval'),
(2968, 'global_eval'),
(2969, 'partial_eval'),
(2970, 'partial_eval'),
(2971, 'partial_eval'),
(2972, 'partial_eval'),
(2973, 'partial_eval'),
(2974, 'global_eval'),
(2975, 'partial_eval'),
(2976, 'partial_eval'),
(2977, 'partial_eval'),
(2978, 'partial_eval'),
(2979, 'global_eval'),
(2980, 'partial_eval'),
(2981, 'partial_eval'),
(2982, 'partial_eval'),
(2983, 'global_eval'),
(2984, 'partial_eval'),
(2985, 'global_eval'),
(2986, 'partial_eval'),
(2987, 'global_eval'),
(2988, 'partial_eval'),
(2989, 'partial_eval'),
(2990, 'partial_eval'),
(2991, 'partial_eval'),
(2992, 'partial_eval'),
(2993, 'global_eval'),
(2994, 'partial_eval'),
(2995, 'partial_eval'),
(2996, 'partial_eval'),
(2997, 'partial_eval'),
(2998, 'partial_eval'),
(2999, 'global_eval'),
(3000, 'partial_eval'),
(3001, 'partial_eval'),
(3002, 'partial_eval'),
(3003, 'partial_eval'),
(3004, 'global_eval'),
(3005, 'partial_eval'),
(3006, 'partial_eval'),
(3007, 'partial_eval'),
(3008, 'global_eval'),
(3009, 'partial_eval'),
(3010, 'global_eval'),
(3011, 'partial_eval'),
(3012, 'global_eval'),
(3013, 'partial_eval'),
(3014, 'partial_eval'),
(3015, 'partial_eval'),
(3016, 'partial_eval'),
(3017, 'partial_eval'),
(3018, 'global_eval'),
(3019, 'partial_eval'),
(3020, 'partial_eval'),
(3021, 'partial_eval'),
(3022, 'partial_eval'),
(3023, 'partial_eval'),
(3024, 'global_eval'),
(3025, 'partial_eval'),
(3026, 'partial_eval'),
(3027, 'partial_eval'),
(3028, 'partial_eval'),
(3029, 'global_eval'),
(3030, 'global_eval'),
(3031, 'partial_eval'),
(3032, 'partial_eval'),
(3033, 'partial_eval'),
(3034, 'global_eval'),
(3035, 'partial_eval'),
(3036, 'global_eval'),
(3037, 'partial_eval'),
(3038, 'global_eval'),
(3039, 'partial_eval'),
(3040, 'partial_eval'),
(3041, 'partial_eval'),
(3042, 'partial_eval'),
(3043, 'partial_eval'),
(3044, 'global_eval'),
(3045, 'partial_eval'),
(3046, 'partial_eval'),
(3047, 'partial_eval'),
(3048, 'partial_eval'),
(3049, 'partial_eval'),
(3050, 'global_eval'),
(3051, 'partial_eval'),
(3052, 'partial_eval'),
(3053, 'partial_eval'),
(3054, 'partial_eval'),
(3055, 'global_eval'),
(3056, 'partial_eval'),
(3057, 'partial_eval'),
(3058, 'partial_eval'),
(3059, 'global_eval'),
(3060, 'partial_eval'),
(3061, 'global_eval'),
(3062, 'partial_eval'),
(3063, 'global_eval'),
(3064, 'partial_eval'),
(3065, 'partial_eval'),
(3066, 'partial_eval'),
(3067, 'partial_eval'),
(3068, 'partial_eval'),
(3069, 'global_eval'),
(3070, 'partial_eval'),
(3071, 'partial_eval'),
(3072, 'partial_eval'),
(3073, 'partial_eval'),
(3074, 'global_eval'),
(3075, 'partial_eval'),
(3076, 'partial_eval'),
(3077, 'partial_eval'),
(3078, 'global_eval'),
(3079, 'partial_eval'),
(3080, 'global_eval'),
(3081, 'partial_eval'),
(3082, 'global_eval'),
(3083, 'partial_eval'),
(3084, 'partial_eval'),
(3085, 'partial_eval'),
(3086, 'partial_eval'),
(3087, 'partial_eval'),
(3088, 'global_eval'),
(3089, 'partial_eval'),
(3090, 'partial_eval'),
(3091, 'partial_eval'),
(3092, 'partial_eval'),
(3093, 'partial_eval'),
(3094, 'global_eval'),
(3095, 'partial_eval'),
(3096, 'partial_eval'),
(3097, 'partial_eval'),
(3098, 'partial_eval'),
(3099, 'global_eval'),
(3100, 'partial_eval'),
(3101, 'partial_eval'),
(3102, 'partial_eval'),
(3103, 'global_eval'),
(3104, 'partial_eval'),
(3105, 'global_eval'),
(3106, 'partial_eval'),
(3107, 'global_eval'),
(3108, 'partial_eval'),
(3109, 'partial_eval'),
(3110, 'partial_eval'),
(3111, 'partial_eval'),
(3112, 'partial_eval'),
(3113, 'global_eval'),
(3114, 'partial_eval'),
(3115, 'partial_eval'),
(3116, 'partial_eval'),
(3117, 'partial_eval'),
(3118, 'partial_eval'),
(3119, 'global_eval'),
(3120, 'partial_eval'),
(3121, 'partial_eval'),
(3122, 'partial_eval'),
(3123, 'partial_eval'),
(3124, 'global_eval'),
(3125, 'partial_eval'),
(3126, 'partial_eval'),
(3127, 'partial_eval'),
(3128, 'global_eval'),
(3129, 'partial_eval'),
(3130, 'global_eval'),
(3131, 'partial_eval'),
(3132, 'global_eval'),
(3133, 'partial_eval'),
(3134, 'partial_eval'),
(3135, 'partial_eval'),
(3136, 'partial_eval'),
(3137, 'partial_eval'),
(3138, 'global_eval'),
(3139, 'partial_eval'),
(3140, 'partial_eval'),
(3141, 'partial_eval'),
(3142, 'partial_eval'),
(3143, 'partial_eval'),
(3144, 'global_eval'),
(3145, 'partial_eval'),
(3146, 'partial_eval'),
(3147, 'partial_eval'),
(3148, 'partial_eval'),
(3149, 'global_eval'),
(3150, 'partial_eval'),
(3151, 'partial_eval'),
(3152, 'partial_eval'),
(3153, 'global_eval'),
(3154, 'partial_eval'),
(3155, 'global_eval'),
(3156, 'partial_eval'),
(3157, 'global_eval'),
(3158, 'partial_eval'),
(3159, 'partial_eval'),
(3160, 'partial_eval'),
(3161, 'partial_eval'),
(3162, 'partial_eval'),
(3163, 'global_eval'),
(3164, 'partial_eval'),
(3165, 'partial_eval'),
(3166, 'partial_eval'),
(3167, 'partial_eval'),
(3168, 'partial_eval'),
(3169, 'global_eval'),
(3170, 'partial_eval'),
(3171, 'partial_eval'),
(3172, 'partial_eval'),
(3173, 'partial_eval'),
(3174, 'global_eval'),
(3175, 'partial_eval'),
(3176, 'partial_eval'),
(3177, 'partial_eval'),
(3178, 'global_eval'),
(3179, 'partial_eval'),
(3180, 'global_eval'),
(3181, 'partial_eval'),
(3182, 'global_eval'),
(3183, 'partial_eval'),
(3184, 'partial_eval'),
(3185, 'partial_eval'),
(3186, 'partial_eval'),
(3187, 'partial_eval'),
(3188, 'global_eval'),
(3189, 'partial_eval'),
(3190, 'partial_eval'),
(3191, 'partial_eval'),
(3192, 'partial_eval'),
(3193, 'partial_eval'),
(3194, 'global_eval'),
(3195, 'partial_eval'),
(3196, 'partial_eval'),
(3197, 'partial_eval'),
(3198, 'partial_eval'),
(3199, 'global_eval'),
(3200, 'partial_eval'),
(3201, 'partial_eval'),
(3202, 'partial_eval'),
(3203, 'global_eval'),
(3204, 'partial_eval'),
(3205, 'global_eval'),
(3206, 'partial_eval'),
(3207, 'global_eval'),
(3208, 'partial_eval'),
(3209, 'partial_eval'),
(3210, 'partial_eval'),
(3211, 'partial_eval'),
(3212, 'partial_eval'),
(3213, 'global_eval'),
(3214, 'partial_eval'),
(3215, 'partial_eval'),
(3216, 'partial_eval'),
(3217, 'partial_eval'),
(3218, 'partial_eval'),
(3219, 'global_eval'),
(3220, 'partial_eval'),
(3221, 'partial_eval'),
(3222, 'partial_eval'),
(3223, 'partial_eval'),
(3224, 'global_eval'),
(3225, 'partial_eval'),
(3226, 'partial_eval'),
(3227, 'partial_eval'),
(3228, 'global_eval'),
(3229, 'partial_eval'),
(3230, 'global_eval'),
(3231, 'partial_eval'),
(3232, 'global_eval'),
(3233, 'partial_eval'),
(3234, 'partial_eval'),
(3235, 'partial_eval'),
(3236, 'partial_eval'),
(3237, 'partial_eval'),
(3238, 'global_eval'),
(3239, 'partial_eval'),
(3240, 'partial_eval'),
(3241, 'partial_eval'),
(3242, 'partial_eval'),
(3243, 'partial_eval'),
(3244, 'global_eval'),
(3245, 'partial_eval'),
(3246, 'partial_eval'),
(3247, 'partial_eval'),
(3248, 'partial_eval'),
(3249, 'global_eval'),
(3250, 'partial_eval'),
(3251, 'partial_eval'),
(3252, 'partial_eval'),
(3253, 'global_eval'),
(3254, 'partial_eval'),
(3255, 'global_eval'),
(3256, 'partial_eval'),
(3257, 'global_eval'),
(3258, 'partial_eval'),
(3259, 'partial_eval'),
(3260, 'partial_eval'),
(3261, 'partial_eval'),
(3262, 'partial_eval'),
(3263, 'global_eval'),
(3264, 'partial_eval'),
(3265, 'partial_eval'),
(3266, 'partial_eval'),
(3267, 'partial_eval'),
(3268, 'partial_eval'),
(3269, 'global_eval'),
(3270, 'partial_eval'),
(3271, 'partial_eval'),
(3272, 'partial_eval'),
(3273, 'partial_eval'),
(3274, 'global_eval'),
(3275, 'partial_eval'),
(3276, 'partial_eval'),
(3277, 'partial_eval'),
(3278, 'global_eval'),
(3279, 'partial_eval'),
(3280, 'global_eval'),
(3281, 'partial_eval'),
(3282, 'global_eval'),
(3283, 'partial_eval'),
(3284, 'partial_eval'),
(3285, 'partial_eval'),
(3286, 'partial_eval'),
(3287, 'partial_eval'),
(3288, 'global_eval'),
(3289, 'partial_eval'),
(3290, 'partial_eval'),
(3291, 'partial_eval'),
(3292, 'partial_eval'),
(3293, 'partial_eval'),
(3294, 'global_eval'),
(3295, 'partial_eval'),
(3296, 'partial_eval'),
(3297, 'partial_eval'),
(3298, 'partial_eval'),
(3299, 'global_eval'),
(3300, 'partial_eval'),
(3301, 'partial_eval'),
(3302, 'partial_eval'),
(3303, 'global_eval'),
(3304, 'partial_eval'),
(3305, 'global_eval'),
(3306, 'partial_eval'),
(3307, 'global_eval'),
(3308, 'partial_eval'),
(3309, 'partial_eval'),
(3310, 'partial_eval'),
(3311, 'partial_eval'),
(3312, 'partial_eval'),
(3313, 'global_eval'),
(3314, 'partial_eval'),
(3315, 'partial_eval'),
(3316, 'partial_eval'),
(3317, 'partial_eval'),
(3318, 'partial_eval'),
(3319, 'global_eval'),
(3320, 'partial_eval'),
(3321, 'partial_eval'),
(3322, 'partial_eval'),
(3323, 'partial_eval'),
(3324, 'global_eval'),
(3325, 'partial_eval'),
(3326, 'partial_eval'),
(3327, 'partial_eval'),
(3328, 'global_eval'),
(3329, 'partial_eval'),
(3330, 'global_eval'),
(3331, 'partial_eval'),
(3332, 'global_eval'),
(3333, 'partial_eval'),
(3334, 'partial_eval'),
(3335, 'partial_eval'),
(3336, 'partial_eval'),
(3337, 'partial_eval'),
(3338, 'global_eval'),
(3339, 'partial_eval'),
(3340, 'partial_eval'),
(3341, 'partial_eval'),
(3342, 'partial_eval'),
(3343, 'partial_eval'),
(3344, 'global_eval'),
(3345, 'partial_eval'),
(3346, 'partial_eval'),
(3347, 'partial_eval'),
(3348, 'global_eval'),
(3349, 'partial_eval'),
(3350, 'partial_eval'),
(3351, 'partial_eval'),
(3352, 'global_eval'),
(3353, 'partial_eval'),
(3354, 'global_eval'),
(3355, 'partial_eval'),
(3356, 'global_eval'),
(3357, 'partial_eval'),
(3358, 'partial_eval'),
(3359, 'partial_eval'),
(3360, 'partial_eval'),
(3361, 'partial_eval'),
(3362, 'global_eval'),
(3363, 'partial_eval'),
(3364, 'partial_eval'),
(3365, 'partial_eval'),
(3366, 'global_eval'),
(3367, 'partial_eval'),
(3368, 'partial_eval'),
(3369, 'partial_eval'),
(3370, 'partial_eval'),
(3371, 'global_eval'),
(3372, 'partial_eval'),
(3373, 'partial_eval'),
(3374, 'global_eval'),
(3375, 'partial_eval'),
(3376, 'global_eval'),
(3377, 'partial_eval'),
(3378, 'global_eval'),
(3379, 'partial_eval'),
(3380, 'partial_eval'),
(3381, 'partial_eval'),
(3382, 'partial_eval'),
(3383, 'partial_eval'),
(3384, 'global_eval'),
(3385, 'partial_eval'),
(3386, 'partial_eval'),
(3387, 'partial_eval'),
(3388, 'partial_eval'),
(3389, 'partial_eval'),
(3390, 'global_eval'),
(3391, 'partial_eval'),
(3392, 'partial_eval'),
(3393, 'partial_eval'),
(3394, 'partial_eval'),
(3395, 'global_eval'),
(3396, 'partial_eval'),
(3397, 'partial_eval'),
(3398, 'partial_eval'),
(3399, 'global_eval'),
(3400, 'partial_eval'),
(3401, 'global_eval'),
(3402, 'partial_eval'),
(3403, 'global_eval'),
(3404, 'partial_eval'),
(3405, 'partial_eval'),
(3406, 'partial_eval'),
(3407, 'partial_eval'),
(3408, 'partial_eval'),
(3409, 'global_eval'),
(3410, 'partial_eval'),
(3411, 'partial_eval'),
(3412, 'partial_eval'),
(3413, 'partial_eval'),
(3414, 'partial_eval'),
(3415, 'global_eval'),
(3416, 'partial_eval'),
(3417, 'partial_eval'),
(3418, 'partial_eval'),
(3419, 'partial_eval'),
(3420, 'global_eval'),
(3421, 'partial_eval'),
(3422, 'partial_eval'),
(3423, 'partial_eval'),
(3424, 'global_eval'),
(3425, 'partial_eval'),
(3426, 'global_eval'),
(3427, 'partial_eval'),
(3428, 'global_eval'),
(3440, 'global_eval'),
(3461, 'global_eval'),
(3480, 'partial_eval'),
(3481, 'global_eval'),
(3482, 'partial_eval'),
(3483, 'partial_eval'),
(3484, 'partial_eval'),
(3485, 'partial_eval'),
(3486, 'global_eval'),
(3487, 'partial_eval'),
(3488, 'partial_eval'),
(3489, 'partial_eval'),
(3490, 'partial_eval'),
(3491, 'global_eval'),
(3492, 'partial_eval'),
(3493, 'partial_eval'),
(3494, 'partial_eval'),
(3495, 'partial_eval'),
(3496, 'global_eval'),
(3498, 'partial_eval'),
(3499, 'partial_eval'),
(3500, 'partial_eval'),
(3501, 'global_eval'),
(3502, 'partial_eval'),
(3503, 'partial_eval'),
(3504, 'partial_eval'),
(3505, 'global_eval'),
(3506, 'partial_eval'),
(3507, 'global_eval'),
(3508, 'global_eval'),
(3509, 'partial_eval'),
(3510, 'partial_eval'),
(3511, 'global_eval'),
(3512, 'partial_eval'),
(3513, 'partial_eval'),
(3514, 'partial_eval'),
(3515, 'global_eval'),
(3516, 'partial_eval'),
(3517, 'partial_eval'),
(3518, 'partial_eval'),
(3519, 'global_eval'),
(3520, 'partial_eval'),
(3521, 'partial_eval'),
(3522, 'global_eval'),
(3523, 'partial_eval'),
(3524, 'partial_eval'),
(3525, 'partial_eval'),
(3526, 'partial_eval'),
(3527, 'global_eval'),
(3528, 'partial_eval'),
(3529, 'partial_eval'),
(3530, 'global_eval'),
(3531, 'partial_eval'),
(3532, 'partial_eval'),
(3533, 'partial_eval'),
(3534, 'global_eval'),
(3535, 'partial_eval'),
(3536, 'partial_eval'),
(3537, 'partial_eval'),
(3538, 'global_eval'),
(3539, 'partial_eval'),
(3540, 'partial_eval'),
(3541, 'partial_eval'),
(3542, 'global_eval'),
(3543, 'partial_eval'),
(3544, 'partial_eval'),
(3545, 'partial_eval'),
(3546, 'global_eval'),
(3547, 'partial_eval'),
(3548, 'partial_eval'),
(3549, 'partial_eval'),
(3550, 'global_eval'),
(3551, 'partial_eval'),
(3552, 'partial_eval'),
(3553, 'partial_eval'),
(3554, 'global_eval'),
(3555, 'partial_eval'),
(3556, 'partial_eval'),
(3557, 'partial_eval'),
(3558, 'global_eval'),
(3559, 'partial_eval'),
(3560, 'partial_eval'),
(3561, 'partial_eval'),
(3562, 'global_eval'),
(3563, 'partial_eval'),
(3564, 'partial_eval'),
(3565, 'partial_eval'),
(3566, 'global_eval'),
(3567, 'partial_eval'),
(3568, 'partial_eval'),
(3569, 'partial_eval'),
(3570, 'global_eval'),
(3571, 'partial_eval'),
(3572, 'partial_eval'),
(3573, 'global_eval'),
(3574, 'partial_eval'),
(3575, 'partial_eval'),
(3576, 'partial_eval'),
(3577, 'global_eval'),
(3578, 'partial_eval'),
(3579, 'partial_eval'),
(3580, 'partial_eval'),
(3581, 'global_eval'),
(3582, 'partial_eval'),
(3583, 'partial_eval'),
(3584, 'partial_eval'),
(3585, 'global_eval'),
(3586, 'partial_eval'),
(3587, 'partial_eval'),
(3588, 'partial_eval'),
(3589, 'global_eval'),
(3590, 'partial_eval'),
(3591, 'partial_eval'),
(3592, 'partial_eval'),
(3593, 'global_eval'),
(3594, 'partial_eval'),
(3595, 'partial_eval'),
(3596, 'partial_eval'),
(3597, 'global_eval'),
(3598, 'partial_eval'),
(3599, 'partial_eval'),
(3600, 'partial_eval'),
(3601, 'global_eval'),
(3602, 'partial_eval'),
(3603, 'partial_eval'),
(3604, 'partial_eval'),
(3605, 'global_eval'),
(3606, 'partial_eval'),
(3607, 'partial_eval'),
(3608, 'partial_eval'),
(3609, 'global_eval'),
(3610, 'partial_eval'),
(3611, 'partial_eval'),
(3612, 'partial_eval'),
(3613, 'global_eval'),
(3614, 'partial_eval'),
(3615, 'partial_eval'),
(3616, 'partial_eval'),
(3617, 'global_eval'),
(3618, 'partial_eval'),
(3619, 'partial_eval'),
(3620, 'partial_eval'),
(3621, 'global_eval'),
(3622, 'partial_eval'),
(3623, 'partial_eval'),
(3624, 'partial_eval'),
(3625, 'global_eval'),
(3626, 'partial_eval'),
(3627, 'partial_eval'),
(3628, 'partial_eval'),
(3629, 'global_eval'),
(3630, 'partial_eval'),
(3631, 'partial_eval'),
(3632, 'partial_eval'),
(3633, 'global_eval'),
(3634, 'partial_eval'),
(3635, 'partial_eval'),
(3636, 'partial_eval'),
(3637, 'global_eval'),
(3638, 'partial_eval'),
(3639, 'partial_eval'),
(3640, 'global_eval'),
(3641, 'partial_eval'),
(3642, 'partial_eval'),
(3643, 'partial_eval'),
(3644, 'global_eval'),
(3645, 'partial_eval'),
(3646, 'partial_eval'),
(3647, 'partial_eval'),
(3648, 'global_eval'),
(3649, 'partial_eval'),
(3650, 'partial_eval'),
(3651, 'partial_eval'),
(3652, 'global_eval'),
(3653, 'partial_eval'),
(3654, 'partial_eval'),
(3655, 'global_eval'),
(3656, 'partial_eval'),
(3657, 'partial_eval'),
(3658, 'partial_eval'),
(3659, 'global_eval'),
(3660, 'partial_eval'),
(3661, 'partial_eval'),
(3662, 'partial_eval'),
(3663, 'global_eval'),
(3664, 'partial_eval'),
(3665, 'partial_eval'),
(3666, 'partial_eval'),
(3667, 'global_eval'),
(3668, 'partial_eval'),
(3669, 'partial_eval'),
(3670, 'partial_eval'),
(3671, 'global_eval'),
(3672, 'partial_eval'),
(3673, 'partial_eval'),
(3674, 'global_eval'),
(3675, 'partial_eval'),
(3676, 'partial_eval'),
(3677, 'partial_eval'),
(3678, 'partial_eval'),
(3679, 'global_eval'),
(3680, 'partial_eval'),
(3681, 'partial_eval'),
(3682, 'partial_eval'),
(3683, 'global_eval'),
(3684, 'partial_eval'),
(3685, 'partial_eval'),
(3686, 'partial_eval'),
(3687, 'global_eval'),
(3688, 'partial_eval'),
(3689, 'partial_eval'),
(3690, 'partial_eval'),
(3691, 'global_eval'),
(3692, 'partial_eval'),
(3693, 'partial_eval'),
(3694, 'partial_eval'),
(3695, 'global_eval'),
(3696, 'partial_eval'),
(3697, 'partial_eval'),
(3698, 'partial_eval'),
(3699, 'global_eval'),
(3700, 'partial_eval'),
(3701, 'partial_eval'),
(3702, 'partial_eval'),
(3703, 'global_eval'),
(3704, 'partial_eval'),
(3705, 'partial_eval'),
(3706, 'partial_eval'),
(3707, 'global_eval'),
(3708, 'partial_eval'),
(3709, 'partial_eval'),
(3710, 'partial_eval'),
(3711, 'global_eval'),
(3712, 'partial_eval'),
(3713, 'partial_eval'),
(3714, 'partial_eval'),
(3715, 'global_eval'),
(3716, 'partial_eval'),
(3717, 'partial_eval'),
(3718, 'partial_eval'),
(3719, 'global_eval'),
(3720, 'partial_eval'),
(3721, 'partial_eval'),
(3722, 'partial_eval'),
(3723, 'global_eval'),
(3724, 'partial_eval'),
(3725, 'partial_eval'),
(3726, 'partial_eval'),
(3727, 'global_eval'),
(3728, 'partial_eval'),
(3729, 'partial_eval'),
(3730, 'partial_eval'),
(3731, 'global_eval'),
(3732, 'partial_eval'),
(3733, 'partial_eval'),
(3734, 'partial_eval'),
(3735, 'global_eval'),
(3736, 'partial_eval'),
(3737, 'partial_eval'),
(3738, 'partial_eval'),
(3739, 'global_eval'),
(3740, 'partial_eval'),
(3741, 'partial_eval'),
(3742, 'partial_eval'),
(3743, 'global_eval'),
(3744, 'partial_eval'),
(3745, 'partial_eval'),
(3746, 'partial_eval'),
(3747, 'global_eval'),
(3748, 'partial_eval'),
(3749, 'partial_eval'),
(3750, 'partial_eval'),
(3751, 'global_eval'),
(3752, 'partial_eval'),
(3753, 'partial_eval'),
(3754, 'partial_eval'),
(3755, 'global_eval'),
(3756, 'partial_eval'),
(3757, 'partial_eval'),
(3758, 'global_eval'),
(3759, 'partial_eval'),
(3760, 'partial_eval'),
(3761, 'partial_eval'),
(3762, 'global_eval'),
(3763, 'partial_eval'),
(3764, 'partial_eval'),
(3765, 'partial_eval'),
(3766, 'global_eval'),
(3767, 'partial_eval'),
(3768, 'partial_eval'),
(3769, 'partial_eval'),
(3770, 'global_eval'),
(3771, 'partial_eval'),
(3772, 'partial_eval'),
(3773, 'partial_eval'),
(3774, 'global_eval'),
(3775, 'partial_eval'),
(3776, 'partial_eval'),
(3777, 'partial_eval'),
(3778, 'global_eval'),
(3779, 'partial_eval'),
(3780, 'partial_eval'),
(3781, 'partial_eval'),
(3782, 'global_eval'),
(3783, 'partial_eval'),
(3784, 'partial_eval'),
(3785, 'partial_eval'),
(3786, 'global_eval'),
(3787, 'partial_eval'),
(3788, 'partial_eval'),
(3789, 'partial_eval'),
(3790, 'global_eval'),
(3791, 'partial_eval'),
(3792, 'partial_eval'),
(3793, 'partial_eval'),
(3794, 'global_eval'),
(3795, 'partial_eval'),
(3796, 'partial_eval'),
(3797, 'partial_eval'),
(3798, 'global_eval'),
(3799, 'partial_eval'),
(3800, 'partial_eval'),
(3801, 'partial_eval'),
(3802, 'global_eval'),
(3803, 'partial_eval'),
(3804, 'partial_eval'),
(3805, 'partial_eval'),
(3806, 'global_eval'),
(3807, 'partial_eval'),
(3808, 'partial_eval'),
(3809, 'partial_eval'),
(3810, 'global_eval'),
(3811, 'partial_eval'),
(3812, 'partial_eval'),
(3813, 'partial_eval'),
(3814, 'global_eval'),
(3815, 'partial_eval'),
(3816, 'partial_eval'),
(3817, 'partial_eval'),
(3818, 'global_eval'),
(3819, 'partial_eval'),
(3820, 'partial_eval'),
(3821, 'partial_eval'),
(3822, 'global_eval'),
(3823, 'partial_eval'),
(3824, 'partial_eval'),
(3825, 'partial_eval'),
(3826, 'global_eval'),
(3827, 'partial_eval'),
(3828, 'partial_eval'),
(3829, 'partial_eval'),
(3830, 'global_eval'),
(3831, 'partial_eval'),
(3832, 'partial_eval'),
(3833, 'partial_eval'),
(3834, 'global_eval'),
(3835, 'partial_eval'),
(3836, 'partial_eval'),
(3837, 'partial_eval'),
(3838, 'global_eval'),
(3839, 'partial_eval'),
(3840, 'partial_eval'),
(3841, 'partial_eval'),
(3842, 'global_eval'),
(3843, 'partial_eval'),
(3844, 'partial_eval'),
(3845, 'partial_eval'),
(3846, 'global_eval'),
(3847, 'partial_eval'),
(3848, 'partial_eval'),
(3849, 'partial_eval'),
(3850, 'global_eval'),
(3851, 'partial_eval'),
(3852, 'partial_eval'),
(3853, 'partial_eval'),
(3854, 'global_eval'),
(3855, 'partial_eval'),
(3856, 'partial_eval'),
(3857, 'partial_eval'),
(3858, 'global_eval'),
(3859, 'partial_eval'),
(3860, 'partial_eval'),
(3861, 'partial_eval'),
(3862, 'global_eval'),
(3863, 'partial_eval'),
(3864, 'partial_eval'),
(3865, 'partial_eval'),
(3866, 'global_eval'),
(3867, 'partial_eval'),
(3868, 'partial_eval'),
(3869, 'partial_eval'),
(3870, 'global_eval'),
(3871, 'partial_eval'),
(3872, 'partial_eval'),
(3873, 'partial_eval'),
(3874, 'global_eval'),
(3875, 'partial_eval'),
(3876, 'partial_eval'),
(3877, 'partial_eval'),
(3878, 'global_eval'),
(3879, 'partial_eval'),
(3880, 'partial_eval'),
(3881, 'partial_eval'),
(3882, 'global_eval'),
(3883, 'partial_eval'),
(3884, 'partial_eval'),
(3885, 'partial_eval'),
(3886, 'global_eval'),
(3887, 'partial_eval'),
(3888, 'partial_eval'),
(3889, 'partial_eval'),
(3890, 'global_eval'),
(3891, 'partial_eval'),
(3892, 'partial_eval'),
(3893, 'partial_eval'),
(3894, 'global_eval'),
(3895, 'partial_eval'),
(3896, 'partial_eval'),
(3897, 'partial_eval'),
(3898, 'global_eval'),
(3899, 'partial_eval'),
(3900, 'partial_eval'),
(3901, 'partial_eval'),
(3902, 'global_eval'),
(3903, 'partial_eval'),
(3904, 'partial_eval'),
(3905, 'partial_eval'),
(3906, 'global_eval'),
(3907, 'partial_eval'),
(3908, 'partial_eval'),
(3909, 'partial_eval'),
(3910, 'global_eval'),
(3911, 'partial_eval'),
(3912, 'partial_eval'),
(3913, 'global_eval'),
(3914, 'partial_eval'),
(3915, 'partial_eval'),
(3916, 'partial_eval'),
(3917, 'global_eval'),
(3918, 'partial_eval'),
(3919, 'partial_eval'),
(3920, 'partial_eval'),
(3921, 'global_eval'),
(3922, 'partial_eval'),
(3923, 'partial_eval'),
(3924, 'partial_eval'),
(3925, 'global_eval'),
(3926, 'partial_eval'),
(3927, 'partial_eval'),
(3928, 'partial_eval'),
(3929, 'global_eval'),
(3930, 'partial_eval'),
(3931, 'partial_eval'),
(3932, 'partial_eval'),
(3933, 'global_eval'),
(3934, 'partial_eval'),
(3935, 'partial_eval'),
(3936, 'partial_eval'),
(3937, 'global_eval'),
(3938, 'partial_eval'),
(3939, 'partial_eval'),
(3940, 'partial_eval'),
(3941, 'global_eval'),
(3942, 'partial_eval'),
(3943, 'partial_eval'),
(3944, 'partial_eval'),
(3945, 'global_eval'),
(3946, 'partial_eval'),
(3947, 'partial_eval'),
(3948, 'partial_eval'),
(3949, 'global_eval'),
(3950, 'partial_eval'),
(3951, 'partial_eval'),
(3952, 'partial_eval'),
(3953, 'global_eval'),
(3954, 'partial_eval'),
(3955, 'partial_eval'),
(3956, 'partial_eval'),
(3957, 'global_eval'),
(3958, 'partial_eval'),
(3959, 'partial_eval'),
(3960, 'partial_eval'),
(3961, 'global_eval'),
(3962, 'partial_eval'),
(3963, 'partial_eval'),
(3964, 'partial_eval'),
(3965, 'global_eval'),
(3966, 'partial_eval'),
(3967, 'partial_eval'),
(3968, 'partial_eval'),
(3969, 'global_eval'),
(3970, 'partial_eval'),
(3971, 'partial_eval'),
(3972, 'partial_eval'),
(3973, 'global_eval'),
(3974, 'partial_eval'),
(3975, 'partial_eval'),
(3976, 'partial_eval'),
(3977, 'global_eval'),
(3978, 'partial_eval'),
(3979, 'partial_eval'),
(3980, 'partial_eval'),
(3981, 'global_eval'),
(3982, 'partial_eval'),
(3983, 'partial_eval'),
(3984, 'partial_eval'),
(3985, 'global_eval'),
(3986, 'partial_eval'),
(3987, 'partial_eval'),
(3988, 'partial_eval'),
(3989, 'global_eval'),
(3990, 'partial_eval'),
(3991, 'partial_eval'),
(3992, 'partial_eval'),
(3993, 'global_eval'),
(3994, 'partial_eval'),
(3995, 'partial_eval'),
(3996, 'partial_eval'),
(3997, 'global_eval'),
(3998, 'partial_eval'),
(3999, 'partial_eval'),
(4000, 'partial_eval'),
(4001, 'global_eval'),
(4002, 'partial_eval'),
(4003, 'partial_eval'),
(4004, 'partial_eval'),
(4005, 'global_eval'),
(4006, 'partial_eval'),
(4007, 'partial_eval'),
(4008, 'partial_eval'),
(4009, 'global_eval'),
(4010, 'partial_eval'),
(4011, 'partial_eval'),
(4012, 'partial_eval'),
(4013, 'global_eval'),
(4014, 'partial_eval'),
(4015, 'partial_eval'),
(4016, 'partial_eval'),
(4017, 'global_eval'),
(4018, 'partial_eval'),
(4019, 'partial_eval'),
(4020, 'partial_eval'),
(4021, 'global_eval'),
(4022, 'partial_eval'),
(4023, 'partial_eval'),
(4024, 'partial_eval'),
(4025, 'global_eval'),
(4026, 'partial_eval'),
(4027, 'partial_eval'),
(4028, 'partial_eval'),
(4029, 'global_eval'),
(4030, 'partial_eval'),
(4031, 'partial_eval'),
(4032, 'partial_eval'),
(4033, 'global_eval'),
(4034, 'partial_eval'),
(4035, 'partial_eval'),
(4036, 'partial_eval'),
(4037, 'global_eval'),
(4038, 'partial_eval'),
(4039, 'partial_eval'),
(4040, 'partial_eval'),
(4041, 'global_eval'),
(4042, 'partial_eval'),
(4043, 'partial_eval'),
(4044, 'partial_eval'),
(4045, 'partial_eval'),
(4046, 'partial_eval'),
(4047, 'partial_eval'),
(4048, 'global_eval'),
(4049, 'partial_eval'),
(4050, 'partial_eval'),
(4051, 'partial_eval'),
(4052, 'global_eval'),
(4053, 'partial_eval'),
(4054, 'partial_eval'),
(4055, 'partial_eval'),
(4056, 'global_eval'),
(4057, 'partial_eval'),
(4058, 'partial_eval'),
(4059, 'partial_eval'),
(4060, 'global_eval'),
(4061, 'partial_eval'),
(4062, 'partial_eval'),
(4063, 'partial_eval'),
(4064, 'global_eval'),
(4065, 'partial_eval'),
(4066, 'partial_eval'),
(4067, 'partial_eval'),
(4068, 'global_eval'),
(4069, 'partial_eval'),
(4070, 'partial_eval'),
(4071, 'partial_eval'),
(4072, 'global_eval'),
(4073, 'partial_eval'),
(4074, 'partial_eval'),
(4075, 'global_eval'),
(4076, 'partial_eval'),
(4077, 'partial_eval'),
(4078, 'global_eval'),
(4079, 'partial_eval'),
(4080, 'partial_eval'),
(4081, 'partial_eval'),
(4082, 'global_eval'),
(4083, 'partial_eval'),
(4084, 'partial_eval'),
(4085, 'partial_eval'),
(4086, 'global_eval'),
(4087, 'partial_eval'),
(4088, 'partial_eval'),
(4089, 'partial_eval'),
(4090, 'global_eval'),
(4091, 'partial_eval'),
(4092, 'partial_eval'),
(4093, 'partial_eval'),
(4094, 'global_eval'),
(4095, 'partial_eval'),
(4096, 'partial_eval'),
(4097, 'partial_eval'),
(4098, 'global_eval'),
(4099, 'partial_eval'),
(4100, 'partial_eval'),
(4101, 'partial_eval'),
(4102, 'global_eval'),
(4103, 'partial_eval'),
(4104, 'partial_eval'),
(4105, 'partial_eval'),
(4106, 'global_eval'),
(4107, 'partial_eval'),
(4108, 'partial_eval'),
(4109, 'partial_eval'),
(4110, 'global_eval'),
(4111, 'partial_eval'),
(4112, 'partial_eval'),
(4113, 'partial_eval'),
(4114, 'global_eval'),
(4115, 'partial_eval'),
(4116, 'partial_eval'),
(4117, 'partial_eval'),
(4118, 'global_eval'),
(4119, 'partial_eval'),
(4120, 'partial_eval'),
(4121, 'partial_eval'),
(4122, 'global_eval'),
(4123, 'partial_eval'),
(4124, 'partial_eval'),
(4125, 'partial_eval'),
(4126, 'global_eval'),
(4127, 'partial_eval'),
(4128, 'partial_eval'),
(4129, 'partial_eval'),
(4130, 'global_eval'),
(4131, 'partial_eval'),
(4132, 'partial_eval'),
(4133, 'partial_eval'),
(4134, 'global_eval'),
(4135, 'partial_eval'),
(4136, 'partial_eval'),
(4137, 'partial_eval'),
(4138, 'global_eval'),
(4139, 'partial_eval'),
(4140, 'partial_eval'),
(4141, 'partial_eval'),
(4142, 'global_eval'),
(4143, 'partial_eval'),
(4144, 'partial_eval'),
(4145, 'partial_eval'),
(4146, 'global_eval'),
(4147, 'partial_eval'),
(4148, 'partial_eval'),
(4149, 'partial_eval'),
(4150, 'global_eval'),
(4151, 'partial_eval'),
(4152, 'partial_eval'),
(4153, 'partial_eval'),
(4154, 'global_eval'),
(4155, 'partial_eval'),
(4156, 'partial_eval'),
(4157, 'partial_eval'),
(4158, 'global_eval'),
(4159, 'partial_eval'),
(4160, 'partial_eval'),
(4161, 'partial_eval'),
(4162, 'global_eval'),
(4163, 'partial_eval'),
(4164, 'partial_eval'),
(4165, 'partial_eval'),
(4166, 'partial_eval'),
(4167, 'partial_eval'),
(4168, 'partial_eval'),
(4169, 'global_eval'),
(4170, 'partial_eval'),
(4171, 'partial_eval'),
(4172, 'partial_eval'),
(4173, 'global_eval'),
(4174, 'partial_eval'),
(4175, 'partial_eval'),
(4176, 'partial_eval'),
(4177, 'global_eval'),
(4178, 'partial_eval'),
(4179, 'partial_eval'),
(4180, 'partial_eval'),
(4181, 'global_eval'),
(4182, 'partial_eval'),
(4183, 'partial_eval'),
(4184, 'partial_eval'),
(4185, 'global_eval'),
(4186, 'partial_eval'),
(4187, 'partial_eval'),
(4188, 'global_eval'),
(4189, 'partial_eval'),
(4190, 'partial_eval'),
(4191, 'partial_eval'),
(4192, 'partial_eval'),
(4193, 'global_eval'),
(4194, 'partial_eval'),
(4195, 'partial_eval'),
(4196, 'partial_eval'),
(4197, 'global_eval'),
(4198, 'partial_eval'),
(4199, 'partial_eval'),
(4200, 'partial_eval'),
(4201, 'global_eval'),
(4202, 'partial_eval'),
(4203, 'partial_eval'),
(4204, 'partial_eval'),
(4205, 'global_eval'),
(4206, 'partial_eval'),
(4207, 'partial_eval'),
(4208, 'partial_eval'),
(4209, 'global_eval'),
(4210, 'partial_eval'),
(4211, 'partial_eval'),
(4212, 'partial_eval'),
(4213, 'global_eval'),
(4214, 'partial_eval'),
(4215, 'partial_eval'),
(4216, 'partial_eval'),
(4217, 'global_eval'),
(4218, 'partial_eval'),
(4219, 'partial_eval'),
(4220, 'global_eval'),
(4221, 'partial_eval'),
(4222, 'partial_eval'),
(4223, 'partial_eval'),
(4224, 'global_eval'),
(4225, 'partial_eval'),
(4226, 'partial_eval'),
(4227, 'global_eval'),
(4228, 'partial_eval'),
(4229, 'partial_eval'),
(4230, 'partial_eval'),
(4231, 'global_eval'),
(4232, 'partial_eval'),
(4233, 'partial_eval'),
(4234, 'partial_eval'),
(4235, 'global_eval'),
(4236, 'partial_eval'),
(4237, 'partial_eval'),
(4238, 'partial_eval'),
(4239, 'global_eval'),
(4240, 'partial_eval'),
(4241, 'partial_eval'),
(4242, 'partial_eval'),
(4243, 'global_eval'),
(4244, 'partial_eval'),
(4245, 'partial_eval'),
(4246, 'partial_eval'),
(4247, 'global_eval'),
(4248, 'partial_eval'),
(4249, 'partial_eval'),
(4250, 'partial_eval'),
(4251, 'global_eval'),
(4252, 'partial_eval'),
(4253, 'partial_eval'),
(4254, 'partial_eval'),
(4255, 'global_eval'),
(4256, 'partial_eval'),
(4257, 'partial_eval'),
(4258, 'partial_eval'),
(4259, 'global_eval'),
(4260, 'partial_eval'),
(4261, 'partial_eval'),
(4262, 'partial_eval'),
(4263, 'global_eval'),
(4264, 'partial_eval'),
(4265, 'partial_eval'),
(4266, 'partial_eval'),
(4267, 'global_eval'),
(4268, 'partial_eval'),
(4269, 'partial_eval'),
(4270, 'partial_eval'),
(4271, 'global_eval'),
(4272, 'partial_eval'),
(4273, 'partial_eval'),
(4274, 'partial_eval'),
(4275, 'global_eval'),
(4276, 'partial_eval'),
(4277, 'partial_eval'),
(4278, 'partial_eval'),
(4279, 'global_eval'),
(4280, 'partial_eval'),
(4281, 'partial_eval'),
(4282, 'partial_eval'),
(4283, 'global_eval'),
(4284, 'partial_eval'),
(4285, 'partial_eval'),
(4286, 'partial_eval'),
(4287, 'global_eval'),
(4288, 'partial_eval'),
(4289, 'partial_eval'),
(4290, 'partial_eval'),
(4291, 'global_eval'),
(4292, 'partial_eval'),
(4293, 'partial_eval'),
(4294, 'partial_eval'),
(4295, 'global_eval'),
(4296, 'partial_eval'),
(4297, 'partial_eval'),
(4298, 'partial_eval'),
(4299, 'global_eval'),
(4300, 'partial_eval'),
(4301, 'partial_eval'),
(4302, 'partial_eval'),
(4303, 'global_eval'),
(4304, 'partial_eval'),
(4305, 'partial_eval'),
(4306, 'partial_eval'),
(4307, 'global_eval'),
(4308, 'partial_eval'),
(4309, 'partial_eval'),
(4310, 'partial_eval'),
(4311, 'global_eval'),
(4312, 'partial_eval'),
(4313, 'partial_eval'),
(4314, 'partial_eval'),
(4315, 'partial_eval'),
(4316, 'partial_eval'),
(4317, 'partial_eval'),
(4318, 'global_eval'),
(4319, 'partial_eval'),
(4320, 'partial_eval'),
(4321, 'partial_eval'),
(4322, 'global_eval'),
(4323, 'partial_eval'),
(4324, 'partial_eval'),
(4325, 'partial_eval'),
(4326, 'global_eval'),
(4327, 'partial_eval'),
(4328, 'partial_eval'),
(4329, 'partial_eval'),
(4330, 'global_eval'),
(4331, 'partial_eval'),
(4332, 'partial_eval'),
(4333, 'partial_eval'),
(4334, 'global_eval'),
(4335, 'partial_eval'),
(4336, 'partial_eval'),
(4337, 'partial_eval'),
(4338, 'global_eval'),
(4339, 'partial_eval'),
(4340, 'partial_eval'),
(4341, 'partial_eval'),
(4342, 'global_eval'),
(4343, 'partial_eval'),
(4344, 'partial_eval'),
(4345, 'partial_eval'),
(4346, 'global_eval'),
(4347, 'partial_eval'),
(4348, 'partial_eval'),
(4349, 'partial_eval'),
(4350, 'global_eval'),
(4351, 'partial_eval'),
(4352, 'partial_eval'),
(4353, 'partial_eval'),
(4354, 'global_eval'),
(4355, 'partial_eval'),
(4356, 'partial_eval'),
(4357, 'partial_eval'),
(4358, 'global_eval'),
(4359, 'partial_eval'),
(4360, 'partial_eval'),
(4361, 'partial_eval'),
(4362, 'global_eval'),
(4363, 'partial_eval'),
(4364, 'partial_eval'),
(4365, 'partial_eval'),
(4366, 'global_eval'),
(4367, 'partial_eval'),
(4368, 'partial_eval'),
(4369, 'partial_eval'),
(4370, 'global_eval'),
(4371, 'partial_eval'),
(4372, 'partial_eval'),
(4373, 'global_eval'),
(4374, 'partial_eval'),
(4375, 'partial_eval'),
(4376, 'partial_eval'),
(4377, 'global_eval'),
(4379, 'partial_eval'),
(4380, 'partial_eval'),
(4381, 'global_eval'),
(4382, 'partial_eval'),
(4383, 'partial_eval'),
(4384, 'partial_eval'),
(4385, 'global_eval'),
(4386, 'partial_eval'),
(4387, 'partial_eval'),
(4388, 'partial_eval'),
(4389, 'global_eval'),
(4390, 'partial_eval'),
(4391, 'partial_eval'),
(4392, 'partial_eval'),
(4393, 'global_eval'),
(4394, 'partial_eval'),
(4395, 'partial_eval'),
(4396, 'partial_eval'),
(4397, 'global_eval'),
(4398, 'partial_eval'),
(4399, 'partial_eval'),
(4400, 'partial_eval'),
(4401, 'global_eval'),
(4402, 'partial_eval'),
(4403, 'partial_eval'),
(4404, 'partial_eval'),
(4405, 'global_eval'),
(4406, 'partial_eval'),
(4407, 'partial_eval'),
(4408, 'partial_eval'),
(4409, 'global_eval'),
(4410, 'partial_eval'),
(4411, 'partial_eval'),
(4412, 'partial_eval'),
(4413, 'global_eval'),
(4414, 'partial_eval'),
(4415, 'partial_eval'),
(4416, 'partial_eval'),
(4417, 'global_eval'),
(4418, 'partial_eval'),
(4419, 'partial_eval'),
(4420, 'partial_eval'),
(4421, 'global_eval'),
(4422, 'partial_eval'),
(4423, 'partial_eval'),
(4424, 'partial_eval'),
(4425, 'global_eval'),
(4426, 'partial_eval'),
(4427, 'partial_eval'),
(4428, 'partial_eval'),
(4429, 'global_eval'),
(4430, 'partial_eval'),
(4431, 'partial_eval'),
(4432, 'partial_eval'),
(4433, 'global_eval'),
(4434, 'partial_eval'),
(4435, 'partial_eval'),
(4436, 'partial_eval'),
(4437, 'global_eval'),
(4438, 'partial_eval'),
(4439, 'partial_eval'),
(4440, 'partial_eval'),
(4441, 'global_eval'),
(4442, 'partial_eval'),
(4443, 'partial_eval'),
(4444, 'partial_eval'),
(4445, 'global_eval'),
(4446, 'partial_eval'),
(4447, 'partial_eval'),
(4448, 'partial_eval'),
(4449, 'global_eval'),
(4450, 'partial_eval'),
(4451, 'partial_eval'),
(4452, 'partial_eval'),
(4453, 'global_eval'),
(4454, 'partial_eval'),
(4455, 'partial_eval'),
(4456, 'partial_eval'),
(4457, 'global_eval'),
(4458, 'partial_eval'),
(4459, 'partial_eval'),
(4460, 'partial_eval'),
(4461, 'global_eval'),
(4462, 'partial_eval'),
(4463, 'partial_eval'),
(4464, 'partial_eval'),
(4465, 'global_eval'),
(4466, 'partial_eval'),
(4467, 'partial_eval'),
(4468, 'partial_eval'),
(4469, 'global_eval'),
(4470, 'partial_eval'),
(4471, 'partial_eval'),
(4472, 'partial_eval'),
(4473, 'global_eval'),
(4474, 'partial_eval'),
(4475, 'partial_eval'),
(4476, 'partial_eval'),
(4477, 'global_eval'),
(4478, 'partial_eval'),
(4479, 'partial_eval'),
(4480, 'partial_eval'),
(4481, 'global_eval'),
(4482, 'partial_eval'),
(4483, 'partial_eval'),
(4484, 'partial_eval'),
(4485, 'global_eval'),
(4486, 'partial_eval'),
(4487, 'partial_eval'),
(4488, 'partial_eval'),
(4489, 'global_eval'),
(4490, 'partial_eval'),
(4491, 'partial_eval'),
(4492, 'partial_eval'),
(4493, 'global_eval'),
(4494, 'partial_eval'),
(4495, 'partial_eval'),
(4496, 'partial_eval'),
(4497, 'global_eval'),
(4498, 'partial_eval'),
(4499, 'partial_eval'),
(4500, 'partial_eval'),
(4501, 'global_eval'),
(4502, 'partial_eval'),
(4503, 'partial_eval'),
(4504, 'partial_eval'),
(4505, 'global_eval'),
(4506, 'partial_eval'),
(4507, 'partial_eval'),
(4508, 'partial_eval'),
(4509, 'global_eval'),
(4510, 'partial_eval'),
(4511, 'partial_eval'),
(4512, 'partial_eval'),
(4513, 'global_eval'),
(4514, 'partial_eval'),
(4515, 'partial_eval'),
(4516, 'partial_eval'),
(4517, 'global_eval'),
(4518, 'partial_eval'),
(4519, 'partial_eval'),
(4520, 'partial_eval'),
(4521, 'global_eval'),
(4522, 'partial_eval'),
(4523, 'partial_eval'),
(4524, 'global_eval'),
(4525, 'partial_eval'),
(4526, 'partial_eval'),
(4527, 'partial_eval'),
(4528, 'global_eval'),
(4529, 'partial_eval'),
(4530, 'partial_eval'),
(4531, 'partial_eval'),
(4532, 'global_eval'),
(4533, 'partial_eval'),
(4534, 'partial_eval'),
(4535, 'partial_eval'),
(4536, 'global_eval'),
(4537, 'partial_eval'),
(4538, 'partial_eval'),
(4539, 'partial_eval'),
(4540, 'global_eval'),
(4541, 'partial_eval'),
(4542, 'partial_eval'),
(4543, 'partial_eval'),
(4544, 'global_eval'),
(4545, 'partial_eval'),
(4546, 'partial_eval'),
(4547, 'partial_eval'),
(4548, 'global_eval'),
(4549, 'partial_eval'),
(4550, 'partial_eval'),
(4551, 'partial_eval'),
(4552, 'global_eval'),
(4553, 'partial_eval'),
(4554, 'partial_eval'),
(4555, 'partial_eval'),
(4556, 'global_eval'),
(4557, 'partial_eval'),
(4558, 'partial_eval'),
(4559, 'partial_eval'),
(4560, 'global_eval'),
(4561, 'partial_eval'),
(4562, 'partial_eval'),
(4563, 'partial_eval'),
(4564, 'global_eval'),
(4565, 'partial_eval'),
(4566, 'partial_eval'),
(4567, 'partial_eval'),
(4568, 'global_eval'),
(4569, 'partial_eval'),
(4570, 'partial_eval'),
(4571, 'partial_eval'),
(4572, 'global_eval'),
(4573, 'partial_eval'),
(4574, 'partial_eval'),
(4575, 'partial_eval'),
(4576, 'global_eval'),
(4577, 'partial_eval'),
(4578, 'partial_eval'),
(4579, 'partial_eval'),
(4580, 'global_eval'),
(4581, 'partial_eval'),
(4582, 'partial_eval'),
(4583, 'partial_eval'),
(4584, 'partial_eval'),
(4585, 'partial_eval'),
(4586, 'global_eval'),
(4587, 'partial_eval'),
(4588, 'partial_eval'),
(4589, 'partial_eval'),
(4590, 'partial_eval'),
(4591, 'partial_eval'),
(4592, 'global_eval'),
(4593, 'partial_eval'),
(4594, 'partial_eval'),
(4595, 'partial_eval'),
(4596, 'partial_eval'),
(4597, 'global_eval'),
(4598, 'partial_eval'),
(4599, 'partial_eval'),
(4600, 'partial_eval'),
(4601, 'partial_eval'),
(4602, 'global_eval'),
(4603, 'partial_eval'),
(4604, 'partial_eval'),
(4605, 'global_eval'),
(4606, 'partial_eval'),
(4607, 'partial_eval'),
(4608, 'partial_eval'),
(4609, 'partial_eval'),
(4610, 'global_eval'),
(4611, 'partial_eval'),
(4612, 'global_eval'),
(4613, 'partial_eval'),
(4614, 'global_eval'),
(4615, 'global_eval'),
(4616, 'partial_eval'),
(4617, 'partial_eval'),
(4618, 'partial_eval'),
(4619, 'partial_eval'),
(4620, 'partial_eval'),
(4621, 'partial_eval'),
(4622, 'global_eval'),
(4623, 'partial_eval'),
(4624, 'partial_eval'),
(4625, 'partial_eval'),
(4626, 'partial_eval'),
(4627, 'partial_eval'),
(4628, 'global_eval'),
(4629, 'partial_eval'),
(4630, 'partial_eval'),
(4631, 'partial_eval'),
(4632, 'partial_eval'),
(4633, 'global_eval'),
(4634, 'partial_eval'),
(4635, 'partial_eval'),
(4636, 'partial_eval'),
(4637, 'partial_eval'),
(4638, 'global_eval'),
(4639, 'partial_eval'),
(4640, 'partial_eval'),
(4641, 'partial_eval'),
(4642, 'global_eval'),
(4643, 'partial_eval'),
(4644, 'partial_eval'),
(4645, 'partial_eval'),
(4646, 'global_eval'),
(4647, 'partial_eval'),
(4648, 'global_eval'),
(4649, 'partial_eval'),
(4650, 'global_eval'),
(4651, 'partial_eval'),
(4652, 'global_eval'),
(4653, 'partial_eval'),
(4654, 'partial_eval'),
(4655, 'partial_eval'),
(4656, 'partial_eval'),
(4657, 'partial_eval'),
(4658, 'global_eval'),
(4659, 'partial_eval'),
(4660, 'partial_eval'),
(4661, 'partial_eval'),
(4662, 'partial_eval'),
(4663, 'partial_eval'),
(4664, 'global_eval'),
(4665, 'partial_eval'),
(4666, 'partial_eval'),
(4667, 'partial_eval'),
(4668, 'partial_eval'),
(4669, 'global_eval'),
(4670, 'partial_eval'),
(4671, 'partial_eval'),
(4672, 'partial_eval'),
(4673, 'partial_eval'),
(4674, 'global_eval'),
(4675, 'partial_eval'),
(4676, 'partial_eval'),
(4677, 'partial_eval'),
(4678, 'global_eval'),
(4679, 'partial_eval'),
(4680, 'global_eval'),
(4681, 'partial_eval'),
(4682, 'global_eval'),
(4683, 'partial_eval'),
(4684, 'global_eval'),
(4685, 'partial_eval'),
(4686, 'partial_eval'),
(4687, 'partial_eval'),
(4688, 'partial_eval'),
(4689, 'global_eval'),
(4690, 'partial_eval'),
(4691, 'partial_eval'),
(4692, 'partial_eval'),
(4693, 'partial_eval'),
(4694, 'global_eval'),
(4695, 'partial_eval'),
(4696, 'partial_eval'),
(4697, 'partial_eval'),
(4698, 'partial_eval'),
(4699, 'global_eval'),
(4700, 'partial_eval'),
(4701, 'partial_eval'),
(4702, 'partial_eval'),
(4703, 'partial_eval'),
(4704, 'global_eval'),
(4705, 'partial_eval'),
(4706, 'partial_eval'),
(4707, 'partial_eval'),
(4708, 'partial_eval'),
(4709, 'global_eval'),
(4710, 'partial_eval'),
(4711, 'partial_eval'),
(4712, 'partial_eval'),
(4713, 'partial_eval'),
(4714, 'global_eval'),
(4715, 'partial_eval'),
(4716, 'partial_eval'),
(4717, 'partial_eval'),
(4718, 'partial_eval'),
(4719, 'global_eval'),
(4720, 'partial_eval'),
(4721, 'partial_eval'),
(4722, 'partial_eval'),
(4723, 'partial_eval'),
(4724, 'global_eval'),
(4725, 'partial_eval'),
(4726, 'partial_eval'),
(4727, 'partial_eval'),
(4728, 'partial_eval'),
(4729, 'global_eval'),
(4730, 'partial_eval'),
(4731, 'partial_eval'),
(4732, 'partial_eval'),
(4733, 'partial_eval'),
(4734, 'global_eval'),
(4735, 'partial_eval'),
(4736, 'partial_eval'),
(4737, 'partial_eval'),
(4738, 'partial_eval'),
(4739, 'global_eval'),
(4740, 'partial_eval'),
(4741, 'partial_eval'),
(4742, 'partial_eval'),
(4743, 'partial_eval'),
(4744, 'global_eval'),
(4745, 'partial_eval'),
(4746, 'partial_eval'),
(4747, 'partial_eval'),
(4748, 'partial_eval'),
(4749, 'global_eval'),
(4750, 'partial_eval'),
(4751, 'partial_eval'),
(4752, 'partial_eval'),
(4753, 'partial_eval'),
(4754, 'global_eval'),
(4755, 'partial_eval'),
(4756, 'partial_eval'),
(4757, 'partial_eval'),
(4758, 'partial_eval'),
(4759, 'global_eval'),
(4760, 'partial_eval'),
(4761, 'partial_eval'),
(4762, 'partial_eval'),
(4763, 'partial_eval'),
(4764, 'global_eval'),
(4765, 'partial_eval'),
(4766, 'partial_eval'),
(4767, 'partial_eval'),
(4768, 'partial_eval'),
(4769, 'global_eval'),
(4770, 'partial_eval'),
(4771, 'partial_eval'),
(4772, 'partial_eval'),
(4773, 'partial_eval'),
(4774, 'global_eval'),
(4775, 'partial_eval'),
(4776, 'partial_eval'),
(4777, 'partial_eval'),
(4778, 'partial_eval'),
(4779, 'global_eval'),
(4780, 'partial_eval'),
(4781, 'partial_eval'),
(4782, 'partial_eval'),
(4783, 'partial_eval'),
(4784, 'global_eval'),
(4785, 'partial_eval'),
(4786, 'partial_eval'),
(4787, 'partial_eval'),
(4788, 'partial_eval'),
(4789, 'global_eval'),
(4790, 'partial_eval'),
(4791, 'partial_eval'),
(4792, 'partial_eval'),
(4793, 'partial_eval'),
(4794, 'global_eval'),
(4795, 'partial_eval'),
(4796, 'partial_eval'),
(4797, 'partial_eval'),
(4798, 'partial_eval'),
(4799, 'global_eval'),
(4800, 'partial_eval'),
(4801, 'partial_eval'),
(4802, 'partial_eval'),
(4803, 'partial_eval'),
(4804, 'global_eval'),
(4805, 'partial_eval'),
(4806, 'partial_eval'),
(4807, 'partial_eval'),
(4808, 'partial_eval'),
(4809, 'global_eval'),
(4810, 'partial_eval'),
(4811, 'partial_eval'),
(4812, 'partial_eval'),
(4813, 'partial_eval'),
(4814, 'global_eval'),
(4815, 'partial_eval'),
(4816, 'partial_eval'),
(4817, 'partial_eval'),
(4818, 'partial_eval'),
(4819, 'global_eval'),
(4820, 'partial_eval'),
(4821, 'partial_eval'),
(4822, 'partial_eval'),
(4823, 'partial_eval'),
(4824, 'global_eval'),
(4825, 'partial_eval'),
(4826, 'partial_eval'),
(4827, 'partial_eval'),
(4828, 'partial_eval'),
(4829, 'global_eval'),
(4830, 'partial_eval'),
(4831, 'partial_eval'),
(4832, 'partial_eval'),
(4833, 'partial_eval'),
(4834, 'global_eval'),
(4835, 'partial_eval'),
(4836, 'partial_eval'),
(4837, 'partial_eval'),
(4838, 'partial_eval'),
(4839, 'global_eval'),
(4840, 'partial_eval'),
(4841, 'partial_eval'),
(4842, 'partial_eval'),
(4843, 'partial_eval'),
(4844, 'global_eval'),
(4845, 'partial_eval'),
(4846, 'partial_eval'),
(4847, 'partial_eval'),
(4848, 'partial_eval'),
(4849, 'global_eval'),
(4850, 'partial_eval'),
(4851, 'partial_eval'),
(4852, 'partial_eval'),
(4853, 'partial_eval'),
(4854, 'global_eval'),
(4855, 'partial_eval'),
(4856, 'partial_eval'),
(4857, 'partial_eval'),
(4858, 'partial_eval'),
(4859, 'global_eval'),
(4860, 'partial_eval'),
(4861, 'partial_eval'),
(4862, 'partial_eval'),
(4863, 'partial_eval'),
(4864, 'global_eval'),
(4865, 'partial_eval'),
(4866, 'partial_eval'),
(4867, 'partial_eval'),
(4868, 'partial_eval'),
(4869, 'global_eval'),
(4870, 'partial_eval'),
(4871, 'partial_eval'),
(4872, 'partial_eval'),
(4873, 'partial_eval'),
(4874, 'global_eval'),
(4875, 'partial_eval'),
(4876, 'partial_eval'),
(4877, 'partial_eval'),
(4878, 'partial_eval'),
(4879, 'global_eval'),
(4880, 'partial_eval'),
(4881, 'partial_eval'),
(4882, 'partial_eval'),
(4883, 'global_eval'),
(4884, 'partial_eval'),
(4885, 'partial_eval'),
(4886, 'partial_eval'),
(4887, 'partial_eval'),
(4888, 'partial_eval'),
(4889, 'global_eval'),
(4890, 'partial_eval'),
(4891, 'partial_eval'),
(4892, 'partial_eval'),
(4893, 'partial_eval'),
(4894, 'global_eval'),
(4895, 'partial_eval'),
(4896, 'partial_eval'),
(4897, 'partial_eval'),
(4898, 'partial_eval'),
(4899, 'global_eval'),
(4900, 'partial_eval'),
(4901, 'partial_eval'),
(4902, 'partial_eval'),
(4903, 'partial_eval'),
(4904, 'global_eval'),
(4905, 'partial_eval'),
(4906, 'partial_eval'),
(4907, 'partial_eval'),
(4908, 'partial_eval'),
(4909, 'global_eval'),
(4910, 'partial_eval'),
(4911, 'partial_eval'),
(4912, 'partial_eval'),
(4913, 'partial_eval'),
(4914, 'global_eval'),
(4915, 'partial_eval'),
(4916, 'partial_eval'),
(4917, 'partial_eval'),
(4918, 'partial_eval'),
(4919, 'global_eval'),
(4920, 'partial_eval'),
(4921, 'partial_eval'),
(4922, 'partial_eval'),
(4923, 'global_eval'),
(4924, 'partial_eval'),
(4925, 'partial_eval'),
(4926, 'partial_eval'),
(4927, 'global_eval'),
(4928, 'partial_eval'),
(4929, 'partial_eval'),
(4930, 'partial_eval'),
(4931, 'global_eval'),
(4932, 'partial_eval'),
(4933, 'partial_eval'),
(4934, 'partial_eval'),
(4935, 'global_eval'),
(4936, 'partial_eval'),
(4937, 'partial_eval'),
(4938, 'partial_eval'),
(4939, 'global_eval'),
(4940, 'partial_eval'),
(4941, 'partial_eval'),
(4942, 'partial_eval'),
(4943, 'global_eval'),
(4944, 'partial_eval'),
(4945, 'partial_eval'),
(4946, 'partial_eval'),
(4947, 'global_eval'),
(4948, 'partial_eval'),
(4949, 'partial_eval'),
(4950, 'partial_eval'),
(4951, 'global_eval'),
(4952, 'partial_eval'),
(4953, 'partial_eval'),
(4954, 'partial_eval'),
(4955, 'global_eval'),
(4956, 'partial_eval'),
(4957, 'partial_eval'),
(4958, 'partial_eval'),
(4959, 'global_eval'),
(4960, 'partial_eval'),
(4961, 'partial_eval'),
(4962, 'partial_eval'),
(4963, 'global_eval'),
(4964, 'partial_eval'),
(4965, 'partial_eval'),
(4966, 'partial_eval'),
(4967, 'global_eval'),
(4968, 'partial_eval'),
(4969, 'partial_eval'),
(4970, 'partial_eval'),
(4971, 'global_eval'),
(4972, 'partial_eval'),
(4973, 'partial_eval'),
(4974, 'partial_eval'),
(4975, 'global_eval'),
(4976, 'partial_eval'),
(4977, 'partial_eval'),
(4978, 'partial_eval'),
(4979, 'global_eval'),
(4980, 'partial_eval'),
(4981, 'partial_eval'),
(4982, 'partial_eval'),
(4983, 'global_eval'),
(4984, 'partial_eval'),
(4985, 'partial_eval'),
(4986, 'partial_eval'),
(4987, 'global_eval'),
(4988, 'global_eval'),
(4989, 'global_eval'),
(4990, 'partial_eval'),
(4991, 'partial_eval'),
(4992, 'global_eval'),
(4993, 'partial_eval'),
(4994, 'global_eval'),
(4995, 'partial_eval'),
(4996, 'global_eval'),
(4997, 'partial_eval'),
(4998, 'global_eval'),
(4999, 'partial_eval'),
(5000, 'global_eval'),
(5001, 'partial_eval'),
(5002, 'global_eval'),
(5003, 'partial_eval'),
(5004, 'global_eval'),
(5005, 'partial_eval'),
(5006, 'global_eval'),
(5007, 'partial_eval'),
(5008, 'global_eval'),
(5009, 'partial_eval'),
(5010, 'global_eval'),
(5011, 'partial_eval'),
(5012, 'global_eval'),
(5013, 'partial_eval'),
(5014, 'global_eval'),
(5015, 'partial_eval'),
(5016, 'global_eval'),
(5017, 'partial_eval'),
(5018, 'global_eval'),
(5019, 'partial_eval'),
(5020, 'global_eval'),
(5021, 'partial_eval'),
(5022, 'global_eval'),
(5027, 'partial_eval'),
(5028, 'partial_eval'),
(5029, 'partial_eval'),
(5030, 'global_eval'),
(5031, 'partial_eval'),
(5032, 'partial_eval'),
(5033, 'partial_eval'),
(5034, 'global_eval'),
(5035, 'partial_eval'),
(5036, 'partial_eval'),
(5037, 'partial_eval'),
(5038, 'global_eval'),
(5039, 'partial_eval'),
(5040, 'partial_eval'),
(5042, 'partial_eval'),
(5043, 'global_eval'),
(5044, 'partial_eval'),
(5045, 'partial_eval'),
(5046, 'partial_eval'),
(5047, 'global_eval'),
(5048, 'partial_eval'),
(5049, 'partial_eval'),
(5050, 'partial_eval'),
(5051, 'global_eval'),
(5052, 'partial_eval'),
(5053, 'partial_eval'),
(5054, 'partial_eval'),
(5055, 'global_eval'),
(5056, 'partial_eval'),
(5057, 'partial_eval'),
(5058, 'partial_eval'),
(5059, 'global_eval'),
(5060, 'partial_eval'),
(5061, 'partial_eval'),
(5062, 'partial_eval'),
(5063, 'global_eval'),
(5064, 'partial_eval'),
(5065, 'partial_eval'),
(5066, 'partial_eval'),
(5067, 'global_eval'),
(5068, 'partial_eval'),
(5069, 'partial_eval'),
(5070, 'partial_eval'),
(5071, 'global_eval'),
(5072, 'partial_eval'),
(5073, 'partial_eval'),
(5074, 'partial_eval'),
(5075, 'global_eval'),
(5076, 'partial_eval'),
(5077, 'partial_eval'),
(5078, 'partial_eval'),
(5079, 'global_eval'),
(5080, 'partial_eval'),
(5081, 'partial_eval'),
(5082, 'partial_eval'),
(5083, 'global_eval'),
(5084, 'partial_eval'),
(5085, 'partial_eval'),
(5086, 'partial_eval'),
(5087, 'global_eval'),
(5088, 'partial_eval'),
(5089, 'partial_eval'),
(5090, 'partial_eval'),
(5091, 'global_eval'),
(5092, 'partial_eval'),
(5093, 'partial_eval'),
(5094, 'partial_eval'),
(5095, 'global_eval'),
(5096, 'partial_eval'),
(5097, 'partial_eval'),
(5098, 'partial_eval'),
(5099, 'global_eval'),
(5100, 'partial_eval'),
(5101, 'partial_eval'),
(5102, 'partial_eval'),
(5103, 'global_eval'),
(5104, 'partial_eval'),
(5105, 'partial_eval'),
(5106, 'partial_eval'),
(5107, 'global_eval'),
(5108, 'partial_eval'),
(5109, 'partial_eval'),
(5110, 'partial_eval'),
(5111, 'global_eval'),
(5112, 'partial_eval'),
(5113, 'partial_eval'),
(5114, 'partial_eval'),
(5115, 'global_eval'),
(5116, 'partial_eval'),
(5117, 'partial_eval'),
(5118, 'partial_eval'),
(5119, 'global_eval'),
(5120, 'partial_eval'),
(5121, 'partial_eval'),
(5122, 'partial_eval'),
(5123, 'global_eval'),
(5124, 'partial_eval'),
(5125, 'partial_eval'),
(5126, 'partial_eval'),
(5127, 'global_eval'),
(5128, 'partial_eval'),
(5129, 'partial_eval'),
(5130, 'partial_eval'),
(5131, 'global_eval'),
(5132, 'partial_eval'),
(5133, 'partial_eval'),
(5134, 'partial_eval'),
(5135, 'global_eval'),
(5136, 'partial_eval'),
(5137, 'partial_eval'),
(5138, 'partial_eval'),
(5139, 'global_eval'),
(5140, 'partial_eval'),
(5141, 'partial_eval'),
(5142, 'partial_eval'),
(5143, 'global_eval'),
(5144, 'partial_eval'),
(5145, 'partial_eval'),
(5146, 'partial_eval'),
(5147, 'global_eval'),
(5148, 'partial_eval'),
(5149, 'partial_eval'),
(5150, 'partial_eval'),
(5151, 'global_eval'),
(5152, 'partial_eval'),
(5153, 'partial_eval'),
(5154, 'partial_eval'),
(5155, 'global_eval'),
(5156, 'partial_eval'),
(5157, 'partial_eval'),
(5158, 'partial_eval'),
(5159, 'global_eval'),
(5160, 'partial_eval'),
(5161, 'partial_eval'),
(5162, 'partial_eval'),
(5163, 'global_eval'),
(5164, 'partial_eval'),
(5165, 'partial_eval'),
(5166, 'partial_eval'),
(5167, 'global_eval'),
(5168, 'partial_eval'),
(5169, 'partial_eval'),
(5170, 'partial_eval'),
(5171, 'global_eval'),
(5172, 'partial_eval'),
(5173, 'partial_eval'),
(5174, 'partial_eval'),
(5175, 'global_eval'),
(5176, 'partial_eval'),
(5177, 'partial_eval'),
(5178, 'partial_eval'),
(5179, 'partial_eval'),
(5180, 'partial_eval'),
(5181, 'global_eval'),
(5182, 'partial_eval'),
(5183, 'partial_eval'),
(5184, 'partial_eval'),
(5185, 'partial_eval'),
(5186, 'partial_eval'),
(5187, 'global_eval'),
(5188, 'partial_eval'),
(5189, 'partial_eval'),
(5190, 'partial_eval'),
(5191, 'partial_eval'),
(5192, 'partial_eval'),
(5193, 'global_eval'),
(5194, 'partial_eval'),
(5195, 'partial_eval'),
(5196, 'partial_eval'),
(5197, 'partial_eval'),
(5198, 'partial_eval'),
(5199, 'global_eval'),
(5200, 'partial_eval'),
(5201, 'partial_eval'),
(5202, 'partial_eval'),
(5203, 'partial_eval'),
(5204, 'partial_eval'),
(5205, 'global_eval'),
(5206, 'partial_eval'),
(5207, 'partial_eval'),
(5208, 'partial_eval'),
(5209, 'partial_eval'),
(5210, 'partial_eval'),
(5211, 'global_eval'),
(5212, 'partial_eval'),
(5213, 'partial_eval'),
(5214, 'partial_eval'),
(5215, 'partial_eval'),
(5216, 'partial_eval'),
(5217, 'global_eval'),
(5218, 'partial_eval'),
(5219, 'partial_eval'),
(5220, 'partial_eval'),
(5221, 'partial_eval'),
(5222, 'partial_eval'),
(5223, 'global_eval'),
(5224, 'partial_eval'),
(5225, 'partial_eval'),
(5226, 'partial_eval'),
(5227, 'partial_eval'),
(5228, 'partial_eval'),
(5229, 'global_eval'),
(5230, 'partial_eval'),
(5231, 'partial_eval'),
(5232, 'partial_eval'),
(5233, 'partial_eval'),
(5234, 'partial_eval'),
(5235, 'global_eval'),
(5236, 'partial_eval'),
(5237, 'partial_eval'),
(5238, 'partial_eval'),
(5239, 'partial_eval'),
(5240, 'global_eval'),
(5241, 'partial_eval'),
(5242, 'partial_eval'),
(5243, 'partial_eval'),
(5244, 'partial_eval'),
(5245, 'partial_eval'),
(5246, 'global_eval'),
(5247, 'partial_eval'),
(5248, 'partial_eval'),
(5249, 'partial_eval'),
(5250, 'partial_eval'),
(5251, 'partial_eval'),
(5252, 'global_eval'),
(5253, 'partial_eval'),
(5254, 'partial_eval'),
(5255, 'partial_eval'),
(5256, 'partial_eval'),
(5257, 'global_eval'),
(5258, 'partial_eval'),
(5259, 'partial_eval'),
(5260, 'partial_eval'),
(5261, 'partial_eval'),
(5262, 'partial_eval'),
(5263, 'partial_eval'),
(5264, 'global_eval'),
(5265, 'partial_eval'),
(5266, 'partial_eval'),
(5267, 'partial_eval'),
(5268, 'partial_eval'),
(5269, 'partial_eval'),
(5270, 'global_eval'),
(5271, 'partial_eval');
INSERT INTO `evaluations` (`id`, `discr`) VALUES
(5272, 'partial_eval'),
(5273, 'partial_eval'),
(5274, 'partial_eval'),
(5275, 'partial_eval'),
(5276, 'global_eval'),
(5277, 'partial_eval'),
(5278, 'partial_eval'),
(5279, 'partial_eval'),
(5280, 'partial_eval'),
(5281, 'global_eval'),
(5282, 'partial_eval'),
(5283, 'partial_eval'),
(5284, 'partial_eval'),
(5285, 'partial_eval'),
(5286, 'global_eval'),
(5287, 'partial_eval'),
(5288, 'partial_eval'),
(5289, 'partial_eval'),
(5290, 'partial_eval'),
(5291, 'global_eval'),
(5292, 'partial_eval'),
(5293, 'partial_eval'),
(5294, 'partial_eval'),
(5295, 'partial_eval'),
(5296, 'global_eval'),
(5297, 'partial_eval'),
(5298, 'partial_eval'),
(5299, 'partial_eval'),
(5300, 'partial_eval'),
(5301, 'global_eval'),
(5302, 'partial_eval'),
(5303, 'partial_eval'),
(5304, 'partial_eval'),
(5305, 'partial_eval'),
(5306, 'global_eval'),
(5307, 'partial_eval'),
(5308, 'partial_eval'),
(5309, 'partial_eval'),
(5310, 'partial_eval'),
(5311, 'global_eval'),
(5312, 'partial_eval'),
(5313, 'partial_eval'),
(5314, 'partial_eval'),
(5315, 'partial_eval'),
(5316, 'global_eval'),
(5317, 'partial_eval'),
(5318, 'partial_eval'),
(5319, 'partial_eval'),
(5320, 'partial_eval'),
(5321, 'global_eval'),
(5322, 'partial_eval'),
(5323, 'partial_eval'),
(5324, 'partial_eval'),
(5325, 'partial_eval'),
(5326, 'partial_eval'),
(5327, 'partial_eval'),
(5328, 'partial_eval'),
(5329, 'global_eval'),
(5330, 'partial_eval'),
(5331, 'global_eval'),
(5332, 'partial_eval'),
(5333, 'partial_eval'),
(5334, 'partial_eval'),
(5335, 'partial_eval'),
(5336, 'partial_eval'),
(5337, 'global_eval'),
(5338, 'partial_eval'),
(5339, 'partial_eval'),
(5340, 'partial_eval'),
(5341, 'global_eval'),
(5342, 'partial_eval'),
(5343, 'partial_eval'),
(5344, 'partial_eval'),
(5345, 'partial_eval'),
(5346, 'partial_eval'),
(5347, 'partial_eval'),
(5348, 'partial_eval'),
(5349, 'partial_eval'),
(5350, 'global_eval'),
(5351, 'global_eval'),
(5352, 'partial_eval'),
(5353, 'partial_eval'),
(5354, 'partial_eval'),
(5355, 'partial_eval'),
(5356, 'partial_eval'),
(5357, 'partial_eval'),
(5358, 'partial_eval'),
(5359, 'global_eval'),
(5360, 'partial_eval'),
(5361, 'global_eval'),
(5362, 'partial_eval'),
(5363, 'partial_eval'),
(5364, 'partial_eval'),
(5365, 'partial_eval'),
(5366, 'partial_eval'),
(5367, 'global_eval'),
(5368, 'partial_eval'),
(5369, 'partial_eval'),
(5370, 'partial_eval'),
(5371, 'partial_eval'),
(5372, 'partial_eval'),
(5373, 'partial_eval'),
(5374, 'partial_eval'),
(5375, 'global_eval'),
(5376, 'global_eval'),
(5377, 'partial_eval'),
(5378, 'partial_eval'),
(5379, 'partial_eval'),
(5380, 'partial_eval'),
(5381, 'partial_eval'),
(5382, 'partial_eval'),
(5383, 'partial_eval'),
(5384, 'partial_eval'),
(5385, 'global_eval'),
(5386, 'global_eval'),
(5387, 'partial_eval'),
(5388, 'partial_eval'),
(5389, 'partial_eval'),
(5390, 'partial_eval'),
(5391, 'partial_eval'),
(5392, 'partial_eval'),
(5393, 'global_eval'),
(5394, 'partial_eval'),
(5395, 'partial_eval'),
(5396, 'partial_eval'),
(5397, 'partial_eval'),
(5398, 'global_eval'),
(5399, 'partial_eval'),
(5400, 'partial_eval'),
(5401, 'global_eval'),
(5402, 'partial_eval'),
(5403, 'partial_eval'),
(5404, 'partial_eval'),
(5405, 'partial_eval'),
(5406, 'global_eval'),
(5407, 'partial_eval'),
(5408, 'partial_eval'),
(5409, 'partial_eval'),
(5410, 'partial_eval'),
(5411, 'partial_eval'),
(5412, 'partial_eval'),
(5413, 'partial_eval'),
(5414, 'partial_eval'),
(5415, 'global_eval'),
(5416, 'partial_eval'),
(5417, 'partial_eval'),
(5418, 'partial_eval'),
(5419, 'global_eval'),
(5420, 'partial_eval'),
(5421, 'global_eval'),
(5422, 'partial_eval'),
(5423, 'partial_eval'),
(5424, 'partial_eval'),
(5425, 'partial_eval'),
(5426, 'global_eval'),
(5427, 'partial_eval'),
(5428, 'partial_eval'),
(5429, 'partial_eval'),
(5430, 'partial_eval'),
(5431, 'global_eval'),
(5432, 'partial_eval'),
(5433, 'partial_eval'),
(5434, 'partial_eval'),
(5435, 'partial_eval'),
(5436, 'global_eval'),
(5437, 'partial_eval'),
(5438, 'partial_eval'),
(5439, 'partial_eval'),
(5440, 'partial_eval'),
(5441, 'global_eval'),
(5442, 'partial_eval'),
(5443, 'partial_eval'),
(5444, 'partial_eval'),
(5445, 'partial_eval'),
(5446, 'global_eval'),
(5447, 'partial_eval'),
(5448, 'partial_eval'),
(5449, 'partial_eval'),
(5450, 'partial_eval'),
(5451, 'global_eval'),
(5452, 'global_eval'),
(5453, 'partial_eval'),
(5454, 'partial_eval'),
(5455, 'partial_eval'),
(5456, 'partial_eval'),
(5457, 'partial_eval'),
(5458, 'partial_eval'),
(5459, 'partial_eval'),
(5460, 'partial_eval'),
(5461, 'global_eval'),
(5462, 'partial_eval'),
(5463, 'partial_eval'),
(5464, 'partial_eval'),
(5465, 'partial_eval'),
(5466, 'global_eval'),
(5467, 'partial_eval'),
(5468, 'partial_eval'),
(5469, 'partial_eval'),
(5470, 'partial_eval'),
(5471, 'global_eval'),
(5472, 'partial_eval'),
(5473, 'partial_eval'),
(5474, 'partial_eval'),
(5475, 'partial_eval'),
(5476, 'global_eval'),
(5477, 'partial_eval'),
(5478, 'partial_eval'),
(5479, 'partial_eval'),
(5480, 'partial_eval'),
(5481, 'global_eval'),
(5482, 'partial_eval'),
(5483, 'partial_eval'),
(5484, 'partial_eval'),
(5485, 'partial_eval'),
(5486, 'global_eval'),
(5487, 'partial_eval'),
(5488, 'partial_eval'),
(5489, 'partial_eval'),
(5490, 'partial_eval'),
(5491, 'global_eval'),
(5492, 'partial_eval'),
(5493, 'partial_eval'),
(5494, 'partial_eval'),
(5495, 'partial_eval'),
(5496, 'global_eval'),
(5497, 'partial_eval'),
(5498, 'partial_eval'),
(5499, 'partial_eval'),
(5500, 'partial_eval'),
(5501, 'global_eval'),
(5502, 'partial_eval'),
(5503, 'partial_eval'),
(5504, 'partial_eval'),
(5505, 'partial_eval'),
(5506, 'global_eval'),
(5507, 'partial_eval'),
(5508, 'partial_eval'),
(5509, 'partial_eval'),
(5510, 'partial_eval'),
(5511, 'global_eval'),
(5512, 'partial_eval'),
(5513, 'partial_eval'),
(5514, 'partial_eval'),
(5515, 'partial_eval'),
(5516, 'global_eval'),
(5517, 'partial_eval'),
(5518, 'partial_eval'),
(5519, 'partial_eval'),
(5520, 'partial_eval'),
(5521, 'global_eval'),
(5522, 'partial_eval'),
(5523, 'partial_eval'),
(5524, 'partial_eval'),
(5525, 'partial_eval'),
(5526, 'global_eval'),
(5527, 'partial_eval'),
(5528, 'partial_eval'),
(5529, 'partial_eval'),
(5530, 'partial_eval'),
(5531, 'global_eval'),
(5532, 'partial_eval'),
(5533, 'partial_eval'),
(5534, 'partial_eval'),
(5535, 'partial_eval'),
(5536, 'global_eval'),
(5537, 'partial_eval'),
(5538, 'partial_eval'),
(5539, 'partial_eval'),
(5540, 'partial_eval'),
(5541, 'global_eval'),
(5542, 'partial_eval'),
(5543, 'partial_eval'),
(5544, 'partial_eval'),
(5545, 'partial_eval'),
(5546, 'global_eval'),
(5547, 'partial_eval'),
(5548, 'partial_eval'),
(5549, 'partial_eval'),
(5550, 'partial_eval'),
(5551, 'global_eval'),
(5552, 'partial_eval'),
(5553, 'partial_eval'),
(5554, 'partial_eval'),
(5555, 'partial_eval'),
(5556, 'global_eval'),
(5557, 'partial_eval'),
(5558, 'partial_eval'),
(5559, 'partial_eval'),
(5560, 'partial_eval'),
(5561, 'global_eval'),
(5562, 'partial_eval'),
(5563, 'partial_eval'),
(5564, 'partial_eval'),
(5565, 'partial_eval'),
(5566, 'global_eval'),
(5567, 'partial_eval'),
(5568, 'global_eval'),
(5569, 'partial_eval'),
(5570, 'partial_eval'),
(5571, 'partial_eval'),
(5572, 'global_eval'),
(5573, 'global_eval'),
(5574, 'partial_eval'),
(5575, 'partial_eval'),
(5576, 'partial_eval'),
(5577, 'partial_eval'),
(5578, 'global_eval'),
(5579, 'global_eval'),
(5580, 'partial_eval'),
(5581, 'global_eval'),
(5582, 'partial_eval'),
(5583, 'global_eval'),
(5584, 'partial_eval'),
(5585, 'partial_eval'),
(5586, 'global_eval'),
(5587, 'global_eval'),
(5588, 'partial_eval'),
(5589, 'partial_eval'),
(5590, 'partial_eval'),
(5591, 'partial_eval'),
(5592, 'global_eval'),
(5593, 'global_eval'),
(5594, 'partial_eval'),
(5595, 'partial_eval'),
(5596, 'partial_eval'),
(5597, 'partial_eval'),
(5598, 'global_eval'),
(5599, 'global_eval'),
(5600, 'global_eval'),
(5601, 'global_eval'),
(5602, 'global_eval'),
(5603, 'global_eval'),
(5604, 'partial_eval'),
(5605, 'partial_eval'),
(5606, 'partial_eval'),
(5607, 'global_eval'),
(5608, 'partial_eval'),
(5609, 'global_eval'),
(5610, 'global_eval'),
(5611, 'partial_eval'),
(5612, 'partial_eval'),
(5613, 'partial_eval'),
(5614, 'partial_eval'),
(5615, 'global_eval'),
(5616, 'global_eval'),
(5617, 'global_eval'),
(5618, 'partial_eval'),
(5619, 'partial_eval'),
(5620, 'partial_eval'),
(5621, 'partial_eval'),
(5622, 'global_eval'),
(5623, 'partial_eval'),
(5624, 'partial_eval'),
(5625, 'partial_eval'),
(5626, 'partial_eval'),
(5627, 'global_eval'),
(5628, 'partial_eval'),
(5629, 'partial_eval'),
(5630, 'partial_eval'),
(5631, 'partial_eval'),
(5632, 'global_eval'),
(5633, 'global_eval'),
(5634, 'partial_eval'),
(5635, 'partial_eval'),
(5636, 'partial_eval'),
(5637, 'partial_eval'),
(5638, 'global_eval'),
(5639, 'global_eval'),
(5640, 'global_eval'),
(5641, 'global_eval'),
(5642, 'partial_eval'),
(5643, 'global_eval'),
(5644, 'partial_eval'),
(5645, 'partial_eval'),
(5646, 'partial_eval'),
(5647, 'global_eval'),
(5648, 'global_eval'),
(5649, 'global_eval'),
(5650, 'global_eval'),
(5651, 'global_eval'),
(5652, 'global_eval'),
(5653, 'global_eval'),
(5654, 'global_eval'),
(5655, 'global_eval'),
(5656, 'global_eval'),
(5657, 'global_eval'),
(5658, 'global_eval'),
(5659, 'global_eval'),
(5660, 'partial_eval'),
(5661, 'global_eval'),
(5662, 'partial_eval'),
(5663, 'global_eval'),
(5664, 'global_eval'),
(5665, 'partial_eval'),
(5666, 'partial_eval'),
(5667, 'global_eval'),
(5668, 'partial_eval'),
(5669, 'global_eval'),
(5670, 'partial_eval'),
(5671, 'global_eval'),
(5672, 'partial_eval'),
(5673, 'global_eval'),
(5674, 'partial_eval'),
(5675, 'global_eval'),
(5676, 'partial_eval'),
(5677, 'global_eval'),
(5678, 'global_eval'),
(5679, 'partial_eval'),
(5680, 'global_eval'),
(5681, 'partial_eval'),
(5682, 'global_eval'),
(5683, 'partial_eval'),
(5684, 'global_eval'),
(5685, 'partial_eval'),
(5686, 'global_eval'),
(5687, 'partial_eval'),
(5688, 'global_eval'),
(5689, 'partial_eval'),
(5690, 'global_eval'),
(5691, 'partial_eval'),
(5692, 'global_eval'),
(5693, 'partial_eval'),
(5694, 'partial_eval'),
(5695, 'partial_eval'),
(5696, 'partial_eval'),
(5697, 'global_eval'),
(5698, 'partial_eval'),
(5699, 'partial_eval'),
(5700, 'partial_eval'),
(5701, 'partial_eval'),
(5702, 'global_eval'),
(5703, 'partial_eval'),
(5704, 'partial_eval'),
(5705, 'partial_eval'),
(5706, 'partial_eval'),
(5707, 'global_eval'),
(5708, 'partial_eval'),
(5709, 'global_eval'),
(5710, 'partial_eval'),
(5711, 'partial_eval'),
(5712, 'partial_eval'),
(5713, 'partial_eval'),
(5714, 'global_eval'),
(5715, 'partial_eval'),
(5716, 'global_eval'),
(5717, 'partial_eval'),
(5718, 'global_eval'),
(5719, 'partial_eval'),
(5720, 'partial_eval'),
(5721, 'global_eval'),
(5722, 'partial_eval'),
(5723, 'partial_eval'),
(5724, 'partial_eval'),
(5725, 'global_eval'),
(5726, 'partial_eval'),
(5727, 'partial_eval'),
(5728, 'partial_eval'),
(5729, 'partial_eval'),
(5730, 'global_eval'),
(5731, 'partial_eval'),
(5732, 'global_eval'),
(5733, 'partial_eval'),
(5734, 'partial_eval'),
(5735, 'global_eval'),
(5736, 'partial_eval'),
(5737, 'partial_eval'),
(5738, 'partial_eval'),
(5739, 'global_eval'),
(5740, 'partial_eval'),
(5741, 'global_eval'),
(5742, 'partial_eval'),
(5743, 'partial_eval'),
(5744, 'partial_eval'),
(5745, 'partial_eval'),
(5746, 'global_eval'),
(5747, 'partial_eval'),
(5748, 'partial_eval'),
(5749, 'partial_eval'),
(5750, 'partial_eval'),
(5751, 'partial_eval'),
(5752, 'global_eval'),
(5753, 'global_eval'),
(5754, 'partial_eval'),
(5755, 'partial_eval'),
(5756, 'partial_eval'),
(5757, 'global_eval'),
(5758, 'partial_eval'),
(5759, 'partial_eval'),
(5760, 'global_eval'),
(5761, 'partial_eval'),
(5762, 'partial_eval'),
(5763, 'partial_eval'),
(5764, 'partial_eval'),
(5765, 'global_eval'),
(5766, 'partial_eval'),
(5767, 'partial_eval'),
(5768, 'partial_eval'),
(5769, 'global_eval'),
(5770, 'partial_eval'),
(5771, 'partial_eval'),
(5772, 'global_eval'),
(5773, 'partial_eval'),
(5774, 'partial_eval'),
(5775, 'global_eval'),
(5776, 'partial_eval'),
(5777, 'partial_eval'),
(5778, 'partial_eval'),
(5779, 'global_eval'),
(5780, 'partial_eval'),
(5781, 'global_eval'),
(5782, 'partial_eval'),
(5783, 'global_eval'),
(5784, 'partial_eval'),
(5785, 'partial_eval'),
(5786, 'partial_eval'),
(5787, 'partial_eval'),
(5788, 'global_eval'),
(5789, 'partial_eval'),
(5790, 'partial_eval'),
(5791, 'global_eval'),
(5792, 'global_eval'),
(5793, 'partial_eval'),
(5794, 'global_eval'),
(5795, 'partial_eval'),
(5796, 'global_eval'),
(5797, 'partial_eval'),
(5798, 'partial_eval'),
(5799, 'partial_eval'),
(5800, 'partial_eval'),
(5801, 'global_eval'),
(5802, 'partial_eval'),
(5803, 'partial_eval'),
(5804, 'partial_eval'),
(5805, 'partial_eval'),
(5806, 'global_eval'),
(5807, 'partial_eval'),
(5808, 'partial_eval'),
(5809, 'partial_eval'),
(5810, 'partial_eval'),
(5811, 'global_eval'),
(5812, 'partial_eval'),
(5813, 'partial_eval'),
(5814, 'partial_eval'),
(5815, 'partial_eval'),
(5816, 'global_eval'),
(5817, 'partial_eval'),
(5818, 'partial_eval'),
(5819, 'partial_eval'),
(5820, 'partial_eval'),
(5821, 'global_eval'),
(5822, 'partial_eval'),
(5823, 'partial_eval'),
(5824, 'partial_eval'),
(5825, 'partial_eval'),
(5826, 'global_eval'),
(5827, 'partial_eval'),
(5828, 'partial_eval'),
(5829, 'partial_eval'),
(5830, 'partial_eval'),
(5831, 'global_eval'),
(5832, 'partial_eval'),
(5833, 'partial_eval'),
(5834, 'partial_eval'),
(5835, 'partial_eval'),
(5836, 'global_eval'),
(5837, 'partial_eval'),
(5838, 'partial_eval'),
(5839, 'partial_eval'),
(5840, 'partial_eval'),
(5841, 'global_eval'),
(5842, 'partial_eval'),
(5843, 'partial_eval'),
(5844, 'partial_eval'),
(5845, 'partial_eval'),
(5846, 'global_eval'),
(5847, 'partial_eval'),
(5848, 'partial_eval'),
(5849, 'partial_eval'),
(5850, 'partial_eval'),
(5851, 'global_eval'),
(5852, 'partial_eval'),
(5853, 'partial_eval'),
(5854, 'partial_eval'),
(5855, 'partial_eval'),
(5856, 'global_eval'),
(5857, 'partial_eval'),
(5858, 'partial_eval'),
(5859, 'partial_eval'),
(5860, 'partial_eval'),
(5861, 'global_eval'),
(5862, 'partial_eval'),
(5863, 'partial_eval'),
(5864, 'partial_eval'),
(5865, 'partial_eval'),
(5866, 'global_eval'),
(5867, 'partial_eval'),
(5868, 'partial_eval'),
(5869, 'partial_eval'),
(5870, 'partial_eval'),
(5871, 'global_eval'),
(5872, 'partial_eval'),
(5873, 'partial_eval'),
(5874, 'partial_eval'),
(5875, 'partial_eval'),
(5876, 'global_eval'),
(5877, 'partial_eval'),
(5878, 'partial_eval'),
(5879, 'partial_eval'),
(5880, 'partial_eval'),
(5881, 'global_eval'),
(5882, 'partial_eval'),
(5883, 'partial_eval'),
(5884, 'partial_eval'),
(5885, 'partial_eval'),
(5886, 'global_eval'),
(5887, 'partial_eval'),
(5888, 'partial_eval'),
(5889, 'partial_eval'),
(5890, 'partial_eval'),
(5891, 'global_eval'),
(5892, 'partial_eval'),
(5893, 'partial_eval'),
(5894, 'partial_eval'),
(5895, 'partial_eval'),
(5896, 'global_eval'),
(5897, 'partial_eval'),
(5898, 'partial_eval'),
(5899, 'partial_eval'),
(5900, 'partial_eval'),
(5901, 'global_eval'),
(5902, 'partial_eval'),
(5903, 'partial_eval'),
(5904, 'partial_eval'),
(5905, 'partial_eval'),
(5906, 'global_eval'),
(5907, 'partial_eval'),
(5908, 'partial_eval'),
(5909, 'partial_eval'),
(5910, 'partial_eval'),
(5911, 'global_eval'),
(5912, 'partial_eval'),
(5913, 'partial_eval'),
(5914, 'partial_eval'),
(5915, 'partial_eval'),
(5916, 'global_eval'),
(5917, 'partial_eval'),
(5918, 'partial_eval'),
(5919, 'partial_eval'),
(5920, 'partial_eval'),
(5921, 'global_eval'),
(5922, 'partial_eval'),
(5923, 'partial_eval'),
(5924, 'partial_eval'),
(5925, 'partial_eval'),
(5926, 'global_eval'),
(5927, 'partial_eval'),
(5928, 'partial_eval'),
(5929, 'partial_eval'),
(5930, 'partial_eval'),
(5931, 'global_eval'),
(5932, 'partial_eval'),
(5933, 'partial_eval'),
(5934, 'partial_eval'),
(5935, 'partial_eval'),
(5936, 'global_eval'),
(5937, 'partial_eval'),
(5938, 'partial_eval'),
(5939, 'partial_eval'),
(5940, 'partial_eval'),
(5941, 'global_eval'),
(5942, 'partial_eval'),
(5943, 'partial_eval'),
(5944, 'partial_eval'),
(5945, 'partial_eval'),
(5946, 'global_eval'),
(5947, 'partial_eval'),
(5948, 'partial_eval'),
(5949, 'partial_eval'),
(5950, 'partial_eval'),
(5951, 'global_eval'),
(5952, 'partial_eval'),
(5953, 'partial_eval'),
(5954, 'partial_eval'),
(5955, 'partial_eval'),
(5956, 'global_eval'),
(5957, 'partial_eval'),
(5958, 'partial_eval'),
(5959, 'partial_eval'),
(5960, 'partial_eval'),
(5961, 'global_eval'),
(5962, 'partial_eval'),
(5963, 'partial_eval'),
(5964, 'partial_eval'),
(5965, 'partial_eval'),
(5966, 'global_eval'),
(5967, 'partial_eval'),
(5968, 'partial_eval'),
(5969, 'partial_eval'),
(5970, 'partial_eval'),
(5971, 'global_eval'),
(5972, 'partial_eval'),
(5973, 'partial_eval'),
(5974, 'partial_eval'),
(5975, 'partial_eval'),
(5976, 'global_eval'),
(5977, 'partial_eval'),
(5978, 'partial_eval'),
(5979, 'partial_eval'),
(5980, 'partial_eval'),
(5981, 'global_eval'),
(5982, 'partial_eval'),
(5983, 'partial_eval'),
(5984, 'partial_eval'),
(5985, 'partial_eval'),
(5986, 'global_eval'),
(5987, 'partial_eval'),
(5988, 'partial_eval'),
(5989, 'partial_eval'),
(5990, 'partial_eval'),
(5991, 'global_eval'),
(5992, 'partial_eval'),
(5993, 'partial_eval'),
(5994, 'partial_eval'),
(5995, 'partial_eval'),
(5996, 'global_eval'),
(5997, 'partial_eval'),
(5998, 'partial_eval'),
(5999, 'partial_eval'),
(6000, 'partial_eval'),
(6001, 'global_eval'),
(6002, 'partial_eval'),
(6003, 'partial_eval'),
(6004, 'partial_eval'),
(6005, 'partial_eval'),
(6006, 'global_eval'),
(6007, 'partial_eval'),
(6008, 'partial_eval'),
(6009, 'partial_eval'),
(6010, 'partial_eval'),
(6011, 'global_eval'),
(6012, 'partial_eval'),
(6013, 'global_eval'),
(6014, 'partial_eval'),
(6015, 'partial_eval'),
(6016, 'partial_eval'),
(6017, 'global_eval'),
(6018, 'partial_eval'),
(6019, 'partial_eval'),
(6020, 'global_eval'),
(6021, 'partial_eval'),
(6022, 'partial_eval'),
(6023, 'global_eval'),
(6024, 'partial_eval'),
(6025, 'partial_eval'),
(6026, 'global_eval'),
(6027, 'partial_eval'),
(6028, 'partial_eval'),
(6029, 'global_eval'),
(6030, 'partial_eval'),
(6031, 'partial_eval'),
(6032, 'global_eval'),
(6033, 'partial_eval'),
(6034, 'partial_eval'),
(6035, 'global_eval'),
(6036, 'partial_eval'),
(6037, 'partial_eval'),
(6038, 'global_eval'),
(6039, 'partial_eval'),
(6040, 'partial_eval'),
(6041, 'global_eval'),
(6042, 'partial_eval'),
(6043, 'partial_eval'),
(6044, 'global_eval'),
(6045, 'partial_eval'),
(6046, 'partial_eval'),
(6047, 'global_eval'),
(6048, 'partial_eval'),
(6049, 'partial_eval'),
(6050, 'global_eval'),
(6051, 'partial_eval'),
(6052, 'partial_eval'),
(6053, 'global_eval'),
(6054, 'partial_eval'),
(6055, 'partial_eval'),
(6056, 'global_eval'),
(6057, 'partial_eval'),
(6058, 'partial_eval'),
(6059, 'global_eval'),
(6060, 'partial_eval'),
(6061, 'partial_eval'),
(6062, 'global_eval'),
(6063, 'partial_eval'),
(6064, 'partial_eval'),
(6065, 'global_eval'),
(6066, 'partial_eval'),
(6067, 'partial_eval'),
(6068, 'global_eval'),
(6069, 'partial_eval'),
(6070, 'partial_eval'),
(6071, 'global_eval'),
(6072, 'partial_eval'),
(6073, 'partial_eval'),
(6074, 'global_eval'),
(6075, 'partial_eval'),
(6076, 'partial_eval'),
(6077, 'global_eval'),
(6078, 'partial_eval'),
(6079, 'partial_eval'),
(6080, 'global_eval'),
(6081, 'partial_eval'),
(6082, 'partial_eval'),
(6083, 'global_eval'),
(6084, 'partial_eval'),
(6085, 'partial_eval'),
(6086, 'global_eval'),
(6087, 'partial_eval'),
(6088, 'partial_eval'),
(6089, 'global_eval'),
(6090, 'partial_eval'),
(6091, 'partial_eval'),
(6092, 'global_eval'),
(6093, 'partial_eval'),
(6094, 'partial_eval'),
(6095, 'global_eval'),
(6096, 'partial_eval'),
(6097, 'partial_eval'),
(6098, 'global_eval'),
(6099, 'partial_eval'),
(6100, 'partial_eval'),
(6101, 'global_eval'),
(6102, 'partial_eval'),
(6103, 'partial_eval'),
(6104, 'global_eval'),
(6105, 'partial_eval'),
(6106, 'partial_eval'),
(6107, 'global_eval'),
(6108, 'partial_eval'),
(6109, 'partial_eval'),
(6110, 'global_eval'),
(6111, 'partial_eval'),
(6112, 'partial_eval'),
(6113, 'global_eval'),
(6114, 'partial_eval'),
(6115, 'partial_eval'),
(6116, 'global_eval'),
(6117, 'partial_eval'),
(6118, 'partial_eval'),
(6119, 'global_eval'),
(6120, 'partial_eval'),
(6121, 'partial_eval'),
(6122, 'global_eval'),
(6123, 'partial_eval'),
(6124, 'partial_eval'),
(6125, 'global_eval'),
(6126, 'partial_eval'),
(6127, 'partial_eval'),
(6128, 'global_eval'),
(6129, 'partial_eval'),
(6130, 'partial_eval'),
(6131, 'global_eval'),
(6132, 'partial_eval'),
(6133, 'partial_eval'),
(6134, 'global_eval'),
(6135, 'partial_eval'),
(6136, 'partial_eval'),
(6137, 'global_eval'),
(6138, 'partial_eval'),
(6139, 'partial_eval'),
(6140, 'global_eval'),
(6141, 'partial_eval'),
(6142, 'partial_eval'),
(6143, 'global_eval'),
(6144, 'partial_eval'),
(6145, 'partial_eval'),
(6146, 'global_eval'),
(6147, 'partial_eval'),
(6148, 'partial_eval'),
(6149, 'global_eval'),
(6150, 'partial_eval'),
(6151, 'partial_eval'),
(6152, 'global_eval'),
(6153, 'partial_eval'),
(6154, 'partial_eval'),
(6155, 'global_eval'),
(6156, 'partial_eval'),
(6157, 'partial_eval'),
(6158, 'global_eval'),
(6159, 'partial_eval'),
(6160, 'partial_eval'),
(6161, 'global_eval'),
(6162, 'partial_eval'),
(6163, 'partial_eval'),
(6164, 'partial_eval'),
(6165, 'partial_eval'),
(6166, 'partial_eval'),
(6167, 'partial_eval'),
(6168, 'partial_eval'),
(6169, 'partial_eval'),
(6170, 'partial_eval'),
(6171, 'partial_eval'),
(6172, 'partial_eval'),
(6173, 'partial_eval'),
(6174, 'partial_eval'),
(6175, 'partial_eval'),
(6176, 'partial_eval'),
(6177, 'partial_eval'),
(6178, 'partial_eval'),
(6179, 'partial_eval'),
(6180, 'partial_eval'),
(6181, 'partial_eval'),
(6182, 'partial_eval'),
(6183, 'partial_eval'),
(6184, 'partial_eval'),
(6185, 'partial_eval'),
(6186, 'partial_eval'),
(6187, 'partial_eval'),
(6188, 'partial_eval'),
(6189, 'partial_eval'),
(6190, 'partial_eval'),
(6191, 'partial_eval'),
(6192, 'partial_eval'),
(6193, 'partial_eval'),
(6194, 'partial_eval'),
(6195, 'partial_eval'),
(6196, 'partial_eval'),
(6197, 'partial_eval'),
(6198, 'partial_eval'),
(6199, 'partial_eval'),
(6200, 'partial_eval'),
(6201, 'partial_eval'),
(6202, 'partial_eval'),
(6203, 'partial_eval'),
(6204, 'partial_eval'),
(6205, 'partial_eval'),
(6206, 'partial_eval'),
(6207, 'partial_eval'),
(6208, 'partial_eval'),
(6209, 'partial_eval'),
(6210, 'partial_eval'),
(6211, 'partial_eval'),
(6212, 'partial_eval'),
(6213, 'partial_eval'),
(6214, 'partial_eval'),
(6215, 'partial_eval'),
(6216, 'partial_eval'),
(6217, 'partial_eval'),
(6218, 'partial_eval'),
(6219, 'partial_eval'),
(6220, 'partial_eval'),
(6221, 'partial_eval'),
(6222, 'partial_eval'),
(6223, 'partial_eval'),
(6224, 'partial_eval'),
(6225, 'partial_eval'),
(6226, 'partial_eval'),
(6227, 'partial_eval'),
(6228, 'global_eval'),
(6229, 'partial_eval'),
(6230, 'partial_eval'),
(6231, 'partial_eval'),
(6232, 'partial_eval'),
(6233, 'partial_eval'),
(6234, 'partial_eval'),
(6235, 'global_eval'),
(6236, 'partial_eval'),
(6237, 'partial_eval'),
(6238, 'partial_eval'),
(6239, 'partial_eval'),
(6240, 'global_eval'),
(6241, 'partial_eval'),
(6242, 'partial_eval'),
(6243, 'partial_eval'),
(6244, 'partial_eval'),
(6245, 'global_eval'),
(6246, 'partial_eval'),
(6247, 'partial_eval'),
(6248, 'partial_eval'),
(6249, 'partial_eval'),
(6250, 'global_eval'),
(6251, 'partial_eval'),
(6252, 'partial_eval'),
(6253, 'partial_eval'),
(6254, 'partial_eval'),
(6255, 'global_eval'),
(6256, 'partial_eval'),
(6257, 'partial_eval'),
(6258, 'partial_eval'),
(6259, 'partial_eval'),
(6260, 'global_eval'),
(6261, 'partial_eval'),
(6262, 'partial_eval'),
(6263, 'partial_eval'),
(6264, 'partial_eval'),
(6265, 'global_eval'),
(6266, 'partial_eval'),
(6267, 'partial_eval'),
(6268, 'partial_eval'),
(6269, 'partial_eval'),
(6270, 'global_eval'),
(6271, 'partial_eval'),
(6272, 'partial_eval'),
(6273, 'partial_eval'),
(6274, 'partial_eval'),
(6275, 'global_eval'),
(6276, 'partial_eval'),
(6277, 'partial_eval'),
(6278, 'partial_eval'),
(6279, 'partial_eval'),
(6280, 'global_eval'),
(6281, 'partial_eval'),
(6282, 'partial_eval'),
(6283, 'partial_eval'),
(6284, 'partial_eval'),
(6285, 'global_eval'),
(6286, 'partial_eval'),
(6287, 'partial_eval'),
(6288, 'partial_eval'),
(6289, 'partial_eval'),
(6290, 'global_eval'),
(6291, 'partial_eval'),
(6292, 'partial_eval'),
(6293, 'partial_eval'),
(6294, 'partial_eval'),
(6295, 'global_eval'),
(6296, 'partial_eval'),
(6297, 'partial_eval'),
(6298, 'partial_eval'),
(6299, 'partial_eval'),
(6300, 'global_eval'),
(6301, 'partial_eval'),
(6302, 'partial_eval'),
(6303, 'partial_eval'),
(6304, 'partial_eval'),
(6305, 'global_eval'),
(6306, 'partial_eval'),
(6307, 'partial_eval'),
(6308, 'partial_eval'),
(6309, 'partial_eval'),
(6310, 'global_eval'),
(6311, 'partial_eval'),
(6312, 'partial_eval'),
(6313, 'partial_eval'),
(6314, 'partial_eval'),
(6315, 'global_eval'),
(6316, 'partial_eval'),
(6317, 'partial_eval'),
(6318, 'partial_eval'),
(6319, 'partial_eval'),
(6320, 'global_eval'),
(6321, 'partial_eval'),
(6322, 'partial_eval'),
(6323, 'partial_eval'),
(6324, 'partial_eval'),
(6325, 'global_eval'),
(6326, 'partial_eval'),
(6327, 'partial_eval'),
(6328, 'partial_eval'),
(6329, 'partial_eval'),
(6330, 'global_eval'),
(6331, 'partial_eval'),
(6332, 'partial_eval'),
(6333, 'partial_eval'),
(6334, 'partial_eval'),
(6335, 'global_eval'),
(6336, 'partial_eval'),
(6337, 'partial_eval'),
(6338, 'partial_eval'),
(6339, 'partial_eval'),
(6340, 'global_eval'),
(6341, 'partial_eval'),
(6342, 'partial_eval'),
(6343, 'partial_eval'),
(6344, 'partial_eval'),
(6345, 'global_eval'),
(6346, 'partial_eval'),
(6347, 'partial_eval'),
(6348, 'partial_eval'),
(6349, 'partial_eval'),
(6350, 'global_eval'),
(6351, 'partial_eval'),
(6352, 'partial_eval'),
(6353, 'global_eval'),
(6354, 'partial_eval'),
(6355, 'partial_eval'),
(6356, 'partial_eval'),
(6357, 'partial_eval'),
(6358, 'global_eval'),
(6359, 'partial_eval'),
(6360, 'partial_eval'),
(6361, 'partial_eval'),
(6362, 'partial_eval'),
(6363, 'global_eval'),
(6364, 'partial_eval'),
(6365, 'partial_eval'),
(6366, 'partial_eval'),
(6367, 'partial_eval'),
(6368, 'global_eval'),
(6369, 'partial_eval'),
(6370, 'partial_eval'),
(6371, 'partial_eval'),
(6372, 'partial_eval'),
(6373, 'global_eval'),
(6374, 'partial_eval'),
(6375, 'partial_eval'),
(6376, 'partial_eval'),
(6377, 'partial_eval'),
(6378, 'global_eval'),
(6379, 'partial_eval'),
(6380, 'partial_eval'),
(6381, 'partial_eval'),
(6382, 'partial_eval'),
(6383, 'global_eval'),
(6384, 'partial_eval'),
(6385, 'partial_eval'),
(6386, 'partial_eval'),
(6387, 'partial_eval'),
(6388, 'global_eval'),
(6389, 'partial_eval'),
(6390, 'partial_eval'),
(6391, 'partial_eval'),
(6392, 'partial_eval'),
(6393, 'global_eval'),
(6394, 'partial_eval'),
(6395, 'partial_eval'),
(6396, 'partial_eval'),
(6397, 'partial_eval'),
(6398, 'global_eval'),
(6399, 'partial_eval'),
(6400, 'partial_eval'),
(6401, 'partial_eval'),
(6402, 'partial_eval'),
(6403, 'global_eval'),
(6404, 'partial_eval'),
(6405, 'partial_eval'),
(6406, 'partial_eval'),
(6407, 'partial_eval'),
(6408, 'global_eval'),
(6409, 'partial_eval'),
(6410, 'partial_eval'),
(6411, 'partial_eval'),
(6412, 'partial_eval'),
(6413, 'global_eval'),
(6414, 'partial_eval'),
(6415, 'partial_eval'),
(6416, 'partial_eval'),
(6417, 'partial_eval'),
(6418, 'global_eval'),
(6419, 'partial_eval'),
(6420, 'partial_eval'),
(6421, 'partial_eval'),
(6422, 'partial_eval'),
(6423, 'global_eval'),
(6424, 'partial_eval'),
(6425, 'partial_eval'),
(6426, 'partial_eval'),
(6427, 'partial_eval'),
(6428, 'global_eval'),
(6429, 'partial_eval'),
(6430, 'partial_eval'),
(6431, 'partial_eval'),
(6432, 'partial_eval'),
(6433, 'global_eval'),
(6434, 'partial_eval'),
(6435, 'partial_eval'),
(6436, 'partial_eval'),
(6437, 'partial_eval'),
(6438, 'global_eval'),
(6439, 'partial_eval'),
(6440, 'partial_eval'),
(6441, 'partial_eval'),
(6442, 'partial_eval'),
(6443, 'global_eval'),
(6444, 'partial_eval'),
(6445, 'partial_eval'),
(6446, 'partial_eval'),
(6447, 'partial_eval'),
(6448, 'global_eval'),
(6449, 'partial_eval'),
(6450, 'partial_eval'),
(6451, 'partial_eval'),
(6452, 'partial_eval'),
(6453, 'global_eval'),
(6454, 'partial_eval'),
(6455, 'partial_eval'),
(6456, 'partial_eval'),
(6457, 'partial_eval'),
(6458, 'global_eval'),
(6459, 'partial_eval'),
(6460, 'partial_eval'),
(6461, 'partial_eval'),
(6462, 'partial_eval'),
(6463, 'global_eval'),
(6464, 'partial_eval'),
(6465, 'partial_eval'),
(6466, 'partial_eval'),
(6467, 'partial_eval'),
(6468, 'global_eval'),
(6469, 'partial_eval'),
(6470, 'partial_eval'),
(6471, 'partial_eval'),
(6472, 'partial_eval'),
(6473, 'global_eval'),
(6474, 'partial_eval'),
(6475, 'partial_eval'),
(6476, 'partial_eval'),
(6477, 'partial_eval'),
(6478, 'global_eval'),
(6479, 'partial_eval'),
(6480, 'partial_eval'),
(6481, 'partial_eval'),
(6482, 'partial_eval'),
(6483, 'global_eval'),
(6484, 'partial_eval'),
(6485, 'partial_eval'),
(6486, 'partial_eval'),
(6487, 'partial_eval'),
(6488, 'global_eval'),
(6489, 'partial_eval'),
(6490, 'partial_eval'),
(6491, 'partial_eval'),
(6492, 'partial_eval'),
(6493, 'global_eval'),
(6494, 'global_eval'),
(6495, 'partial_eval'),
(6496, 'partial_eval'),
(6497, 'partial_eval'),
(6498, 'partial_eval'),
(6499, 'partial_eval'),
(6500, 'partial_eval'),
(6501, 'partial_eval'),
(6502, 'partial_eval'),
(6503, 'global_eval'),
(6504, 'partial_eval'),
(6505, 'partial_eval'),
(6506, 'partial_eval'),
(6507, 'partial_eval'),
(6508, 'global_eval'),
(6509, 'partial_eval'),
(6510, 'partial_eval'),
(6511, 'partial_eval'),
(6512, 'partial_eval'),
(6513, 'global_eval'),
(6514, 'partial_eval'),
(6515, 'partial_eval'),
(6516, 'partial_eval'),
(6517, 'partial_eval'),
(6518, 'global_eval'),
(6519, 'partial_eval'),
(6520, 'partial_eval'),
(6521, 'partial_eval'),
(6522, 'partial_eval'),
(6523, 'global_eval'),
(6524, 'partial_eval'),
(6525, 'partial_eval'),
(6526, 'partial_eval'),
(6527, 'partial_eval'),
(6528, 'global_eval'),
(6529, 'partial_eval'),
(6530, 'partial_eval'),
(6531, 'partial_eval'),
(6532, 'partial_eval'),
(6533, 'global_eval'),
(6534, 'partial_eval'),
(6535, 'partial_eval'),
(6536, 'partial_eval'),
(6537, 'partial_eval'),
(6538, 'global_eval'),
(6539, 'partial_eval'),
(6540, 'partial_eval'),
(6541, 'partial_eval'),
(6542, 'partial_eval'),
(6543, 'global_eval'),
(6544, 'partial_eval'),
(6545, 'partial_eval'),
(6546, 'partial_eval'),
(6547, 'partial_eval'),
(6548, 'global_eval'),
(6549, 'partial_eval'),
(6550, 'partial_eval'),
(6551, 'partial_eval'),
(6552, 'partial_eval'),
(6553, 'global_eval'),
(6554, 'partial_eval'),
(6555, 'partial_eval'),
(6556, 'partial_eval'),
(6557, 'partial_eval'),
(6558, 'global_eval'),
(6559, 'partial_eval'),
(6560, 'partial_eval'),
(6561, 'partial_eval'),
(6562, 'partial_eval'),
(6563, 'partial_eval'),
(6564, 'partial_eval'),
(6565, 'partial_eval'),
(6566, 'partial_eval'),
(6567, 'global_eval'),
(6568, 'partial_eval'),
(6569, 'partial_eval'),
(6570, 'partial_eval'),
(6571, 'partial_eval'),
(6572, 'global_eval'),
(6573, 'partial_eval'),
(6574, 'partial_eval'),
(6575, 'partial_eval'),
(6576, 'partial_eval'),
(6577, 'global_eval'),
(6578, 'partial_eval'),
(6579, 'partial_eval'),
(6580, 'partial_eval'),
(6581, 'partial_eval'),
(6582, 'global_eval'),
(6583, 'partial_eval'),
(6584, 'partial_eval'),
(6585, 'partial_eval'),
(6586, 'partial_eval'),
(6587, 'global_eval'),
(6588, 'partial_eval'),
(6589, 'partial_eval'),
(6590, 'partial_eval'),
(6591, 'partial_eval'),
(6592, 'global_eval'),
(6593, 'partial_eval'),
(6594, 'partial_eval'),
(6595, 'partial_eval'),
(6596, 'partial_eval'),
(6597, 'global_eval'),
(6598, 'partial_eval'),
(6599, 'partial_eval'),
(6600, 'partial_eval'),
(6601, 'partial_eval'),
(6602, 'global_eval'),
(6603, 'partial_eval'),
(6604, 'partial_eval'),
(6605, 'partial_eval'),
(6606, 'partial_eval'),
(6607, 'global_eval'),
(6608, 'partial_eval'),
(6609, 'partial_eval'),
(6610, 'partial_eval'),
(6611, 'partial_eval'),
(6612, 'global_eval'),
(6613, 'partial_eval'),
(6614, 'partial_eval'),
(6615, 'partial_eval'),
(6616, 'partial_eval'),
(6617, 'global_eval'),
(6618, 'partial_eval'),
(6619, 'partial_eval'),
(6620, 'partial_eval'),
(6621, 'partial_eval'),
(6622, 'global_eval'),
(6623, 'partial_eval'),
(6624, 'partial_eval'),
(6625, 'partial_eval'),
(6626, 'partial_eval'),
(6627, 'global_eval'),
(6628, 'partial_eval'),
(6629, 'partial_eval'),
(6630, 'partial_eval'),
(6631, 'partial_eval'),
(6632, 'global_eval'),
(6633, 'partial_eval'),
(6634, 'partial_eval'),
(6635, 'partial_eval'),
(6636, 'partial_eval'),
(6637, 'global_eval'),
(6638, 'partial_eval'),
(6639, 'partial_eval'),
(6640, 'partial_eval'),
(6641, 'partial_eval'),
(6642, 'global_eval'),
(6643, 'partial_eval'),
(6644, 'partial_eval'),
(6645, 'partial_eval'),
(6646, 'partial_eval'),
(6647, 'global_eval'),
(6648, 'partial_eval'),
(6649, 'partial_eval'),
(6650, 'partial_eval'),
(6651, 'partial_eval'),
(6652, 'global_eval'),
(6653, 'partial_eval'),
(6654, 'partial_eval'),
(6655, 'partial_eval'),
(6656, 'partial_eval'),
(6657, 'global_eval'),
(6658, 'partial_eval'),
(6659, 'partial_eval'),
(6660, 'partial_eval'),
(6661, 'partial_eval'),
(6662, 'global_eval'),
(6663, 'partial_eval'),
(6664, 'partial_eval'),
(6665, 'partial_eval'),
(6666, 'partial_eval'),
(6667, 'global_eval'),
(6668, 'partial_eval'),
(6669, 'partial_eval'),
(6670, 'partial_eval'),
(6671, 'partial_eval'),
(6672, 'global_eval'),
(6673, 'partial_eval'),
(6674, 'partial_eval'),
(6675, 'partial_eval'),
(6676, 'partial_eval'),
(6677, 'global_eval'),
(6678, 'partial_eval'),
(6679, 'partial_eval'),
(6680, 'partial_eval'),
(6681, 'partial_eval'),
(6682, 'global_eval'),
(6683, 'partial_eval'),
(6684, 'partial_eval'),
(6685, 'partial_eval'),
(6686, 'partial_eval'),
(6687, 'global_eval'),
(6688, 'partial_eval'),
(6689, 'partial_eval'),
(6690, 'partial_eval'),
(6691, 'partial_eval'),
(6692, 'global_eval'),
(6693, 'partial_eval'),
(6694, 'partial_eval'),
(6695, 'partial_eval'),
(6696, 'partial_eval'),
(6697, 'global_eval'),
(6698, 'partial_eval'),
(6699, 'partial_eval'),
(6700, 'partial_eval'),
(6701, 'partial_eval'),
(6702, 'global_eval'),
(6703, 'partial_eval'),
(6704, 'partial_eval'),
(6705, 'partial_eval'),
(6706, 'partial_eval'),
(6707, 'global_eval'),
(6708, 'partial_eval'),
(6709, 'partial_eval'),
(6710, 'partial_eval'),
(6711, 'partial_eval'),
(6712, 'global_eval'),
(6713, 'partial_eval'),
(6714, 'partial_eval'),
(6715, 'partial_eval'),
(6716, 'partial_eval'),
(6717, 'global_eval'),
(6718, 'partial_eval'),
(6719, 'partial_eval'),
(6720, 'partial_eval'),
(6721, 'partial_eval'),
(6722, 'global_eval'),
(6723, 'partial_eval'),
(6724, 'partial_eval'),
(6725, 'partial_eval'),
(6726, 'partial_eval'),
(6727, 'global_eval'),
(6728, 'partial_eval'),
(6729, 'partial_eval'),
(6730, 'partial_eval'),
(6731, 'partial_eval'),
(6732, 'global_eval'),
(6733, 'partial_eval'),
(6734, 'partial_eval'),
(6735, 'partial_eval'),
(6736, 'partial_eval'),
(6737, 'global_eval'),
(6738, 'partial_eval'),
(6739, 'partial_eval'),
(6740, 'partial_eval'),
(6741, 'partial_eval'),
(6742, 'global_eval'),
(6743, 'partial_eval'),
(6744, 'partial_eval'),
(6745, 'partial_eval'),
(6746, 'partial_eval'),
(6747, 'global_eval'),
(6748, 'partial_eval'),
(6749, 'partial_eval'),
(6750, 'partial_eval'),
(6751, 'partial_eval'),
(6752, 'global_eval'),
(6753, 'partial_eval'),
(6754, 'partial_eval'),
(6755, 'partial_eval'),
(6756, 'partial_eval'),
(6757, 'global_eval'),
(6758, 'partial_eval'),
(6759, 'partial_eval'),
(6760, 'partial_eval'),
(6761, 'partial_eval'),
(6762, 'global_eval'),
(6763, 'partial_eval'),
(6764, 'partial_eval'),
(6765, 'partial_eval'),
(6766, 'partial_eval'),
(6767, 'partial_eval'),
(6768, 'partial_eval'),
(6769, 'partial_eval'),
(6770, 'partial_eval'),
(6771, 'global_eval'),
(6772, 'partial_eval'),
(6773, 'partial_eval'),
(6774, 'partial_eval'),
(6775, 'global_eval'),
(6776, 'partial_eval'),
(6777, 'partial_eval'),
(6778, 'partial_eval'),
(6779, 'partial_eval'),
(6780, 'partial_eval'),
(6781, 'global_eval'),
(6782, 'partial_eval'),
(6783, 'partial_eval'),
(6784, 'partial_eval'),
(6785, 'partial_eval'),
(6786, 'global_eval'),
(6787, 'partial_eval'),
(6788, 'partial_eval'),
(6789, 'partial_eval'),
(6790, 'partial_eval'),
(6791, 'global_eval'),
(6792, 'global_eval'),
(6793, 'partial_eval'),
(6794, 'partial_eval'),
(6795, 'partial_eval'),
(6796, 'partial_eval'),
(6797, 'partial_eval'),
(6798, 'partial_eval'),
(6799, 'partial_eval'),
(6800, 'partial_eval'),
(6801, 'global_eval'),
(6802, 'partial_eval'),
(6803, 'partial_eval'),
(6804, 'partial_eval'),
(6805, 'partial_eval'),
(6806, 'global_eval'),
(6807, 'partial_eval'),
(6808, 'partial_eval'),
(6809, 'partial_eval'),
(6810, 'partial_eval'),
(6811, 'global_eval'),
(6812, 'partial_eval'),
(6813, 'partial_eval'),
(6814, 'partial_eval'),
(6815, 'partial_eval'),
(6816, 'global_eval'),
(6817, 'partial_eval'),
(6818, 'partial_eval'),
(6819, 'partial_eval'),
(6820, 'partial_eval'),
(6821, 'partial_eval'),
(6822, 'partial_eval'),
(6823, 'partial_eval'),
(6824, 'partial_eval'),
(6825, 'global_eval'),
(6826, 'global_eval'),
(6827, 'partial_eval'),
(6828, 'partial_eval'),
(6829, 'partial_eval'),
(6830, 'partial_eval'),
(6831, 'partial_eval'),
(6832, 'partial_eval'),
(6833, 'partial_eval'),
(6834, 'partial_eval'),
(6835, 'global_eval'),
(6836, 'global_eval'),
(6837, 'partial_eval'),
(6838, 'partial_eval'),
(6839, 'partial_eval'),
(6840, 'partial_eval'),
(6841, 'global_eval'),
(6842, 'partial_eval'),
(6843, 'partial_eval'),
(6844, 'partial_eval'),
(6845, 'partial_eval'),
(6846, 'global_eval'),
(6847, 'partial_eval'),
(6848, 'partial_eval'),
(6849, 'partial_eval'),
(6850, 'partial_eval'),
(6851, 'global_eval'),
(6852, 'partial_eval'),
(6853, 'partial_eval'),
(6854, 'partial_eval'),
(6855, 'partial_eval'),
(6856, 'global_eval'),
(6857, 'partial_eval'),
(6858, 'partial_eval'),
(6859, 'partial_eval'),
(6860, 'partial_eval'),
(6861, 'global_eval'),
(6862, 'partial_eval'),
(6863, 'partial_eval'),
(6864, 'partial_eval'),
(6865, 'partial_eval'),
(6866, 'global_eval'),
(6867, 'partial_eval'),
(6868, 'partial_eval'),
(6869, 'partial_eval'),
(6870, 'partial_eval'),
(6871, 'global_eval'),
(6872, 'partial_eval'),
(6873, 'partial_eval'),
(6874, 'partial_eval'),
(6875, 'partial_eval'),
(6876, 'global_eval'),
(6877, 'partial_eval'),
(6878, 'partial_eval'),
(6879, 'partial_eval'),
(6880, 'partial_eval'),
(6881, 'global_eval'),
(6882, 'global_eval'),
(6883, 'partial_eval'),
(6884, 'partial_eval'),
(6885, 'partial_eval'),
(6886, 'partial_eval'),
(6887, 'partial_eval'),
(6888, 'partial_eval'),
(6889, 'partial_eval'),
(6890, 'partial_eval'),
(6891, 'global_eval'),
(6892, 'partial_eval'),
(6893, 'partial_eval'),
(6894, 'partial_eval'),
(6895, 'partial_eval'),
(6896, 'global_eval'),
(6897, 'partial_eval'),
(6898, 'partial_eval'),
(6899, 'partial_eval'),
(6900, 'partial_eval'),
(6901, 'global_eval'),
(6902, 'partial_eval'),
(6903, 'partial_eval'),
(6904, 'partial_eval'),
(6905, 'partial_eval'),
(6906, 'global_eval'),
(6907, 'partial_eval'),
(6908, 'partial_eval'),
(6909, 'partial_eval'),
(6910, 'partial_eval'),
(6911, 'global_eval'),
(6912, 'partial_eval'),
(6913, 'partial_eval'),
(6914, 'partial_eval'),
(6915, 'partial_eval'),
(6916, 'global_eval'),
(6917, 'partial_eval'),
(6918, 'partial_eval'),
(6919, 'partial_eval'),
(6920, 'partial_eval'),
(6921, 'global_eval'),
(6922, 'partial_eval'),
(6923, 'partial_eval'),
(6924, 'partial_eval'),
(6925, 'partial_eval'),
(6926, 'global_eval'),
(6927, 'partial_eval'),
(6928, 'partial_eval'),
(6929, 'partial_eval'),
(6930, 'partial_eval'),
(6931, 'global_eval'),
(6932, 'partial_eval'),
(6933, 'partial_eval'),
(6934, 'partial_eval'),
(6935, 'partial_eval'),
(6936, 'global_eval'),
(6937, 'partial_eval'),
(6938, 'partial_eval'),
(6939, 'partial_eval'),
(6940, 'partial_eval'),
(6941, 'global_eval'),
(6942, 'partial_eval'),
(6943, 'partial_eval'),
(6944, 'partial_eval'),
(6945, 'partial_eval'),
(6946, 'global_eval'),
(6947, 'partial_eval'),
(6948, 'partial_eval'),
(6949, 'partial_eval'),
(6950, 'partial_eval'),
(6951, 'global_eval'),
(6952, 'partial_eval'),
(6953, 'partial_eval'),
(6954, 'partial_eval'),
(6955, 'partial_eval'),
(6956, 'global_eval'),
(6957, 'partial_eval'),
(6958, 'partial_eval'),
(6959, 'partial_eval'),
(6960, 'partial_eval'),
(6961, 'global_eval'),
(6962, 'partial_eval'),
(6963, 'partial_eval'),
(6964, 'partial_eval'),
(6965, 'partial_eval'),
(6966, 'global_eval'),
(6967, 'partial_eval'),
(6968, 'partial_eval'),
(6969, 'partial_eval'),
(6970, 'partial_eval'),
(6971, 'global_eval'),
(6972, 'partial_eval'),
(6973, 'partial_eval'),
(6974, 'partial_eval'),
(6975, 'partial_eval'),
(6976, 'global_eval'),
(6977, 'partial_eval'),
(6978, 'partial_eval'),
(6979, 'partial_eval'),
(6980, 'partial_eval'),
(6981, 'global_eval'),
(6982, 'partial_eval'),
(6983, 'partial_eval'),
(6984, 'partial_eval'),
(6985, 'partial_eval'),
(6986, 'global_eval'),
(6987, 'partial_eval'),
(6988, 'partial_eval'),
(6989, 'partial_eval'),
(6990, 'partial_eval'),
(6991, 'global_eval'),
(6992, 'partial_eval'),
(6993, 'partial_eval'),
(6994, 'partial_eval'),
(6995, 'partial_eval'),
(6996, 'global_eval'),
(6997, 'partial_eval'),
(6998, 'partial_eval'),
(6999, 'partial_eval'),
(7000, 'partial_eval'),
(7001, 'global_eval'),
(7002, 'partial_eval'),
(7003, 'partial_eval'),
(7004, 'partial_eval'),
(7005, 'partial_eval'),
(7006, 'global_eval'),
(7007, 'partial_eval'),
(7008, 'partial_eval'),
(7009, 'partial_eval'),
(7010, 'partial_eval'),
(7011, 'global_eval'),
(7012, 'partial_eval'),
(7013, 'partial_eval'),
(7014, 'partial_eval'),
(7015, 'partial_eval'),
(7016, 'global_eval'),
(7017, 'partial_eval'),
(7018, 'partial_eval'),
(7019, 'partial_eval'),
(7020, 'partial_eval'),
(7021, 'global_eval'),
(7022, 'partial_eval'),
(7023, 'partial_eval'),
(7024, 'partial_eval'),
(7025, 'partial_eval'),
(7026, 'global_eval'),
(7027, 'partial_eval'),
(7028, 'partial_eval'),
(7029, 'partial_eval'),
(7030, 'partial_eval'),
(7031, 'global_eval'),
(7032, 'partial_eval'),
(7033, 'partial_eval'),
(7034, 'partial_eval'),
(7035, 'partial_eval'),
(7036, 'global_eval'),
(7037, 'partial_eval'),
(7038, 'partial_eval'),
(7039, 'partial_eval'),
(7040, 'partial_eval'),
(7041, 'global_eval'),
(7042, 'partial_eval'),
(7043, 'partial_eval'),
(7044, 'partial_eval'),
(7045, 'partial_eval'),
(7046, 'global_eval'),
(7047, 'partial_eval'),
(7048, 'partial_eval'),
(7049, 'partial_eval'),
(7050, 'partial_eval'),
(7051, 'global_eval'),
(7052, 'partial_eval'),
(7053, 'partial_eval'),
(7054, 'partial_eval'),
(7055, 'partial_eval'),
(7056, 'global_eval'),
(7057, 'partial_eval'),
(7058, 'partial_eval'),
(7059, 'partial_eval'),
(7060, 'partial_eval'),
(7061, 'global_eval'),
(7062, 'partial_eval'),
(7063, 'partial_eval'),
(7064, 'partial_eval'),
(7065, 'partial_eval'),
(7066, 'global_eval'),
(7067, 'partial_eval'),
(7068, 'partial_eval'),
(7069, 'partial_eval'),
(7070, 'global_eval'),
(7071, 'partial_eval'),
(7072, 'partial_eval'),
(7073, 'partial_eval'),
(7074, 'partial_eval'),
(7075, 'partial_eval'),
(7076, 'global_eval'),
(7077, 'partial_eval'),
(7078, 'partial_eval'),
(7079, 'partial_eval'),
(7080, 'partial_eval'),
(7081, 'global_eval'),
(7082, 'partial_eval'),
(7083, 'partial_eval'),
(7084, 'partial_eval'),
(7085, 'partial_eval'),
(7086, 'global_eval'),
(7087, 'partial_eval'),
(7088, 'partial_eval'),
(7089, 'partial_eval'),
(7090, 'partial_eval'),
(7091, 'global_eval'),
(7092, 'partial_eval'),
(7093, 'partial_eval'),
(7094, 'partial_eval'),
(7095, 'partial_eval'),
(7096, 'global_eval'),
(7097, 'partial_eval'),
(7098, 'partial_eval'),
(7099, 'partial_eval'),
(7100, 'partial_eval'),
(7101, 'global_eval'),
(7102, 'partial_eval'),
(7103, 'partial_eval'),
(7104, 'partial_eval'),
(7105, 'partial_eval'),
(7106, 'global_eval'),
(7107, 'partial_eval'),
(7108, 'partial_eval'),
(7109, 'partial_eval'),
(7110, 'partial_eval'),
(7111, 'global_eval'),
(7112, 'partial_eval'),
(7113, 'partial_eval'),
(7114, 'partial_eval'),
(7115, 'partial_eval'),
(7116, 'global_eval'),
(7117, 'partial_eval'),
(7118, 'partial_eval'),
(7119, 'partial_eval'),
(7120, 'partial_eval'),
(7121, 'global_eval'),
(7122, 'partial_eval'),
(7123, 'partial_eval'),
(7124, 'partial_eval'),
(7125, 'partial_eval'),
(7126, 'global_eval'),
(7127, 'partial_eval'),
(7128, 'partial_eval'),
(7129, 'partial_eval'),
(7130, 'partial_eval'),
(7131, 'global_eval'),
(7132, 'partial_eval'),
(7133, 'partial_eval'),
(7134, 'partial_eval'),
(7135, 'partial_eval'),
(7136, 'global_eval'),
(7137, 'partial_eval'),
(7138, 'partial_eval'),
(7139, 'partial_eval'),
(7140, 'global_eval'),
(7141, 'partial_eval'),
(7142, 'partial_eval'),
(7143, 'partial_eval'),
(7144, 'partial_eval'),
(7145, 'partial_eval'),
(7146, 'global_eval'),
(7147, 'partial_eval'),
(7148, 'partial_eval'),
(7149, 'partial_eval'),
(7150, 'partial_eval'),
(7151, 'global_eval'),
(7152, 'partial_eval'),
(7153, 'partial_eval'),
(7154, 'partial_eval'),
(7155, 'partial_eval'),
(7156, 'global_eval'),
(7157, 'partial_eval'),
(7158, 'partial_eval'),
(7159, 'partial_eval'),
(7160, 'partial_eval'),
(7161, 'global_eval'),
(7162, 'partial_eval'),
(7163, 'partial_eval'),
(7164, 'partial_eval'),
(7165, 'partial_eval'),
(7166, 'global_eval'),
(7167, 'partial_eval'),
(7168, 'partial_eval'),
(7169, 'partial_eval'),
(7170, 'partial_eval'),
(7171, 'global_eval'),
(7172, 'partial_eval'),
(7173, 'partial_eval'),
(7174, 'partial_eval'),
(7175, 'partial_eval'),
(7176, 'global_eval'),
(7177, 'partial_eval'),
(7178, 'partial_eval'),
(7179, 'partial_eval'),
(7180, 'partial_eval'),
(7181, 'global_eval'),
(7182, 'partial_eval'),
(7183, 'partial_eval'),
(7184, 'partial_eval'),
(7185, 'partial_eval'),
(7186, 'global_eval'),
(7187, 'partial_eval'),
(7188, 'partial_eval'),
(7189, 'partial_eval'),
(7190, 'partial_eval'),
(7191, 'global_eval'),
(7192, 'partial_eval'),
(7193, 'partial_eval'),
(7194, 'partial_eval'),
(7195, 'global_eval'),
(7196, 'partial_eval'),
(7197, 'partial_eval'),
(7198, 'partial_eval'),
(7199, 'partial_eval'),
(7200, 'partial_eval'),
(7201, 'global_eval'),
(7202, 'partial_eval'),
(7203, 'partial_eval'),
(7204, 'partial_eval'),
(7205, 'partial_eval'),
(7206, 'global_eval'),
(7207, 'partial_eval'),
(7208, 'partial_eval'),
(7209, 'partial_eval'),
(7210, 'partial_eval'),
(7211, 'global_eval'),
(7212, 'partial_eval'),
(7213, 'partial_eval'),
(7214, 'partial_eval'),
(7215, 'partial_eval'),
(7216, 'global_eval'),
(7217, 'partial_eval'),
(7218, 'partial_eval'),
(7219, 'partial_eval'),
(7220, 'partial_eval'),
(7221, 'global_eval'),
(7222, 'partial_eval'),
(7223, 'partial_eval'),
(7224, 'partial_eval'),
(7225, 'partial_eval'),
(7226, 'global_eval'),
(7227, 'partial_eval'),
(7228, 'partial_eval'),
(7229, 'partial_eval'),
(7230, 'partial_eval'),
(7231, 'global_eval'),
(7232, 'partial_eval'),
(7233, 'partial_eval'),
(7234, 'partial_eval'),
(7235, 'partial_eval'),
(7236, 'global_eval'),
(7237, 'partial_eval'),
(7238, 'partial_eval'),
(7239, 'partial_eval'),
(7240, 'partial_eval'),
(7241, 'global_eval'),
(7242, 'partial_eval'),
(7243, 'partial_eval'),
(7244, 'partial_eval'),
(7245, 'partial_eval'),
(7246, 'global_eval'),
(7247, 'partial_eval'),
(7248, 'partial_eval'),
(7249, 'partial_eval'),
(7250, 'partial_eval'),
(7251, 'global_eval'),
(7252, 'partial_eval'),
(7253, 'partial_eval'),
(7254, 'partial_eval'),
(7255, 'partial_eval'),
(7256, 'partial_eval'),
(7257, 'partial_eval'),
(7258, 'partial_eval'),
(7259, 'partial_eval'),
(7260, 'global_eval'),
(7261, 'partial_eval'),
(7262, 'partial_eval'),
(7263, 'partial_eval'),
(7264, 'partial_eval'),
(7265, 'global_eval'),
(7266, 'partial_eval'),
(7267, 'partial_eval'),
(7268, 'partial_eval'),
(7269, 'partial_eval'),
(7270, 'global_eval'),
(7271, 'partial_eval'),
(7272, 'partial_eval'),
(7273, 'partial_eval'),
(7274, 'partial_eval'),
(7275, 'global_eval'),
(7276, 'partial_eval'),
(7277, 'partial_eval'),
(7278, 'partial_eval'),
(7279, 'partial_eval'),
(7280, 'global_eval'),
(7281, 'partial_eval'),
(7282, 'partial_eval'),
(7283, 'partial_eval'),
(7284, 'partial_eval'),
(7285, 'global_eval'),
(7286, 'partial_eval'),
(7287, 'partial_eval'),
(7288, 'partial_eval'),
(7289, 'partial_eval'),
(7290, 'global_eval'),
(7291, 'partial_eval'),
(7292, 'partial_eval'),
(7293, 'partial_eval'),
(7294, 'partial_eval'),
(7295, 'global_eval'),
(7296, 'partial_eval'),
(7297, 'partial_eval'),
(7298, 'partial_eval'),
(7299, 'partial_eval'),
(7300, 'global_eval'),
(7301, 'partial_eval'),
(7302, 'partial_eval'),
(7303, 'partial_eval'),
(7304, 'partial_eval'),
(7305, 'global_eval'),
(7306, 'partial_eval'),
(7307, 'partial_eval'),
(7308, 'partial_eval'),
(7309, 'partial_eval'),
(7310, 'global_eval'),
(7311, 'partial_eval'),
(7312, 'partial_eval'),
(7313, 'partial_eval'),
(7314, 'partial_eval'),
(7315, 'global_eval'),
(7316, 'partial_eval'),
(7317, 'partial_eval'),
(7318, 'partial_eval'),
(7319, 'partial_eval'),
(7320, 'global_eval'),
(7321, 'partial_eval'),
(7322, 'partial_eval'),
(7323, 'partial_eval'),
(7324, 'partial_eval'),
(7325, 'global_eval'),
(7326, 'partial_eval'),
(7327, 'partial_eval'),
(7328, 'partial_eval'),
(7329, 'partial_eval'),
(7330, 'global_eval'),
(7331, 'partial_eval'),
(7332, 'partial_eval'),
(7333, 'partial_eval'),
(7334, 'partial_eval'),
(7335, 'global_eval'),
(7336, 'partial_eval'),
(7337, 'partial_eval'),
(7338, 'partial_eval'),
(7339, 'partial_eval'),
(7340, 'global_eval'),
(7341, 'partial_eval'),
(7342, 'partial_eval'),
(7343, 'partial_eval'),
(7344, 'partial_eval'),
(7345, 'global_eval'),
(7346, 'global_eval'),
(7347, 'partial_eval'),
(7348, 'global_eval'),
(7349, 'partial_eval'),
(7350, 'global_eval'),
(7351, 'global_eval'),
(7352, 'partial_eval'),
(7353, 'partial_eval'),
(7354, 'partial_eval'),
(7355, 'partial_eval'),
(7356, 'partial_eval'),
(7357, 'partial_eval'),
(7358, 'partial_eval'),
(7359, 'global_eval'),
(7360, 'partial_eval'),
(7361, 'partial_eval'),
(7362, 'partial_eval'),
(7363, 'partial_eval'),
(7364, 'global_eval'),
(7365, 'partial_eval'),
(7366, 'partial_eval'),
(7367, 'partial_eval'),
(7368, 'global_eval'),
(7369, 'partial_eval'),
(7370, 'partial_eval'),
(7371, 'partial_eval'),
(7372, 'partial_eval'),
(7373, 'partial_eval'),
(7374, 'global_eval'),
(7375, 'partial_eval'),
(7376, 'partial_eval'),
(7377, 'partial_eval'),
(7378, 'partial_eval'),
(7379, 'global_eval'),
(7380, 'global_eval'),
(7381, 'partial_eval'),
(7382, 'partial_eval'),
(7383, 'partial_eval'),
(7384, 'partial_eval'),
(7385, 'global_eval'),
(7386, 'global_eval'),
(7387, 'partial_eval'),
(7388, 'partial_eval'),
(7389, 'partial_eval'),
(7390, 'partial_eval'),
(7391, 'partial_eval'),
(7392, 'partial_eval'),
(7393, 'partial_eval'),
(7394, 'partial_eval'),
(7395, 'partial_eval'),
(7396, 'global_eval'),
(7397, 'partial_eval'),
(7398, 'partial_eval'),
(7399, 'partial_eval'),
(7400, 'partial_eval'),
(7401, 'global_eval'),
(7402, 'partial_eval'),
(7403, 'partial_eval'),
(7404, 'partial_eval'),
(7405, 'partial_eval'),
(7406, 'global_eval'),
(7407, 'partial_eval'),
(7408, 'partial_eval'),
(7409, 'partial_eval'),
(7410, 'partial_eval'),
(7411, 'partial_eval'),
(7412, 'global_eval'),
(7413, 'partial_eval'),
(7414, 'partial_eval'),
(7415, 'partial_eval'),
(7416, 'partial_eval'),
(7417, 'global_eval'),
(7418, 'global_eval'),
(7419, 'partial_eval'),
(7420, 'partial_eval'),
(7421, 'partial_eval'),
(7422, 'partial_eval'),
(7423, 'partial_eval'),
(7424, 'partial_eval'),
(7425, 'partial_eval'),
(7426, 'partial_eval'),
(7427, 'global_eval'),
(7428, 'partial_eval'),
(7429, 'partial_eval'),
(7430, 'partial_eval'),
(7431, 'partial_eval'),
(7432, 'global_eval'),
(7433, 'partial_eval'),
(7434, 'partial_eval'),
(7435, 'partial_eval'),
(7436, 'partial_eval'),
(7437, 'global_eval'),
(7438, 'partial_eval'),
(7439, 'partial_eval'),
(7440, 'partial_eval'),
(7441, 'partial_eval'),
(7442, 'global_eval'),
(7443, 'partial_eval'),
(7444, 'partial_eval'),
(7445, 'partial_eval'),
(7446, 'partial_eval'),
(7447, 'global_eval'),
(7448, 'partial_eval'),
(7449, 'partial_eval'),
(7450, 'partial_eval'),
(7451, 'partial_eval'),
(7452, 'global_eval'),
(7453, 'partial_eval'),
(7454, 'partial_eval'),
(7455, 'partial_eval'),
(7456, 'partial_eval'),
(7457, 'global_eval'),
(7458, 'partial_eval'),
(7459, 'partial_eval'),
(7460, 'partial_eval'),
(7461, 'partial_eval'),
(7462, 'global_eval'),
(7463, 'partial_eval'),
(7464, 'partial_eval'),
(7465, 'global_eval'),
(7466, 'partial_eval'),
(7467, 'partial_eval'),
(7468, 'partial_eval'),
(7469, 'partial_eval'),
(7470, 'partial_eval'),
(7471, 'partial_eval'),
(7472, 'global_eval'),
(7473, 'global_eval'),
(7474, 'partial_eval'),
(7475, 'partial_eval'),
(7476, 'partial_eval'),
(7477, 'partial_eval'),
(7478, 'partial_eval'),
(7479, 'partial_eval'),
(7480, 'partial_eval'),
(7481, 'partial_eval'),
(7482, 'global_eval'),
(7483, 'partial_eval'),
(7484, 'partial_eval'),
(7485, 'partial_eval'),
(7486, 'partial_eval'),
(7487, 'global_eval'),
(7488, 'global_eval'),
(7489, 'partial_eval'),
(7490, 'partial_eval'),
(7491, 'partial_eval'),
(7492, 'partial_eval'),
(7493, 'partial_eval'),
(7494, 'partial_eval'),
(7495, 'partial_eval'),
(7496, 'global_eval'),
(7497, 'global_eval'),
(7498, 'partial_eval'),
(7499, 'partial_eval'),
(7500, 'partial_eval'),
(7501, 'partial_eval'),
(7502, 'partial_eval'),
(7504, 'partial_eval'),
(7505, 'partial_eval'),
(7506, 'partial_eval'),
(7507, 'partial_eval'),
(7508, 'global_eval'),
(7509, 'partial_eval'),
(7510, 'partial_eval'),
(7511, 'partial_eval'),
(7512, 'partial_eval'),
(7513, 'partial_eval'),
(7514, 'global_eval'),
(7515, 'partial_eval'),
(7516, 'partial_eval'),
(7517, 'partial_eval'),
(7518, 'partial_eval'),
(7519, 'global_eval'),
(7520, 'partial_eval'),
(7521, 'partial_eval'),
(7522, 'partial_eval'),
(7523, 'global_eval'),
(7524, 'partial_eval'),
(7525, 'partial_eval'),
(7526, 'partial_eval'),
(7527, 'global_eval'),
(7528, 'partial_eval'),
(7529, 'partial_eval'),
(7530, 'partial_eval'),
(7531, 'global_eval'),
(7532, 'partial_eval'),
(7533, 'global_eval'),
(7534, 'partial_eval'),
(7535, 'global_eval'),
(7536, 'partial_eval'),
(7537, 'global_eval'),
(7538, 'partial_eval'),
(7539, 'partial_eval'),
(7540, 'partial_eval'),
(7541, 'partial_eval'),
(7542, 'partial_eval'),
(7544, 'partial_eval'),
(7545, 'partial_eval'),
(7546, 'partial_eval'),
(7547, 'partial_eval'),
(7548, 'partial_eval'),
(7549, 'global_eval'),
(7550, 'partial_eval'),
(7551, 'partial_eval'),
(7552, 'partial_eval'),
(7553, 'partial_eval'),
(7554, 'global_eval'),
(7555, 'partial_eval'),
(7556, 'partial_eval'),
(7557, 'partial_eval'),
(7558, 'global_eval'),
(7559, 'partial_eval'),
(7560, 'partial_eval'),
(7561, 'partial_eval'),
(7562, 'global_eval'),
(7563, 'partial_eval'),
(7564, 'partial_eval'),
(7565, 'partial_eval'),
(7566, 'global_eval');
INSERT INTO `evaluations` (`id`, `discr`) VALUES
(7567, 'partial_eval'),
(7568, 'global_eval'),
(7569, 'partial_eval'),
(7570, 'global_eval'),
(7571, 'partial_eval'),
(7572, 'global_eval'),
(7573, 'partial_eval'),
(7574, 'partial_eval'),
(7575, 'partial_eval'),
(7576, 'global_eval'),
(7577, 'partial_eval'),
(7578, 'partial_eval'),
(7579, 'partial_eval'),
(7580, 'partial_eval'),
(7581, 'partial_eval'),
(7582, 'global_eval'),
(7583, 'partial_eval'),
(7584, 'partial_eval'),
(7585, 'partial_eval'),
(7586, 'partial_eval'),
(7587, 'partial_eval'),
(7588, 'global_eval'),
(7589, 'partial_eval'),
(7590, 'partial_eval'),
(7591, 'partial_eval'),
(7592, 'global_eval'),
(7593, 'partial_eval'),
(7594, 'partial_eval'),
(7595, 'partial_eval'),
(7596, 'global_eval'),
(7597, 'partial_eval'),
(7598, 'partial_eval'),
(7599, 'partial_eval'),
(7600, 'global_eval'),
(7601, 'partial_eval'),
(7602, 'global_eval'),
(7603, 'partial_eval'),
(7604, 'global_eval'),
(7605, 'partial_eval'),
(7606, 'global_eval'),
(7607, 'partial_eval'),
(7608, 'partial_eval'),
(7609, 'partial_eval'),
(7610, 'partial_eval'),
(7611, 'global_eval'),
(7612, 'partial_eval'),
(7613, 'partial_eval'),
(7614, 'partial_eval'),
(7615, 'partial_eval'),
(7616, 'partial_eval'),
(7617, 'global_eval'),
(7618, 'partial_eval'),
(7619, 'partial_eval'),
(7620, 'partial_eval'),
(7621, 'partial_eval'),
(7622, 'global_eval'),
(7623, 'partial_eval'),
(7624, 'partial_eval'),
(7625, 'partial_eval'),
(7626, 'global_eval'),
(7627, 'partial_eval'),
(7628, 'partial_eval'),
(7629, 'partial_eval'),
(7630, 'global_eval'),
(7631, 'partial_eval'),
(7632, 'partial_eval'),
(7633, 'partial_eval'),
(7634, 'global_eval'),
(7635, 'partial_eval'),
(7636, 'global_eval'),
(7637, 'partial_eval'),
(7638, 'global_eval'),
(7639, 'partial_eval'),
(7640, 'global_eval'),
(7641, 'partial_eval'),
(7642, 'partial_eval'),
(7643, 'partial_eval'),
(7644, 'partial_eval'),
(7645, 'partial_eval'),
(7646, 'global_eval'),
(7647, 'partial_eval'),
(7648, 'partial_eval'),
(7649, 'partial_eval'),
(7650, 'partial_eval'),
(7651, 'global_eval'),
(7652, 'partial_eval'),
(7653, 'partial_eval'),
(7654, 'partial_eval'),
(7655, 'partial_eval'),
(7656, 'partial_eval'),
(7657, 'global_eval'),
(7658, 'partial_eval'),
(7659, 'partial_eval'),
(7660, 'partial_eval'),
(7661, 'global_eval'),
(7662, 'partial_eval'),
(7663, 'partial_eval'),
(7664, 'partial_eval'),
(7665, 'global_eval'),
(7666, 'partial_eval'),
(7667, 'partial_eval'),
(7668, 'partial_eval'),
(7669, 'global_eval'),
(7670, 'partial_eval'),
(7671, 'global_eval'),
(7672, 'partial_eval'),
(7673, 'global_eval'),
(7674, 'partial_eval'),
(7675, 'global_eval'),
(7676, 'partial_eval'),
(7677, 'partial_eval'),
(7678, 'partial_eval'),
(7679, 'partial_eval'),
(7680, 'global_eval'),
(7681, 'partial_eval'),
(7682, 'partial_eval'),
(7683, 'partial_eval'),
(7684, 'partial_eval'),
(7685, 'partial_eval'),
(7686, 'global_eval'),
(7687, 'partial_eval'),
(7688, 'partial_eval'),
(7689, 'partial_eval'),
(7690, 'partial_eval'),
(7691, 'partial_eval'),
(7692, 'global_eval'),
(7693, 'partial_eval'),
(7694, 'partial_eval'),
(7695, 'partial_eval'),
(7696, 'global_eval'),
(7697, 'partial_eval'),
(7698, 'partial_eval'),
(7699, 'partial_eval'),
(7700, 'global_eval'),
(7701, 'partial_eval'),
(7702, 'partial_eval'),
(7703, 'partial_eval'),
(7704, 'global_eval'),
(7705, 'partial_eval'),
(7706, 'global_eval'),
(7707, 'partial_eval'),
(7708, 'global_eval'),
(7709, 'partial_eval'),
(7710, 'global_eval'),
(7712, 'partial_eval'),
(7713, 'partial_eval'),
(7714, 'partial_eval'),
(7715, 'partial_eval'),
(7716, 'global_eval'),
(7717, 'partial_eval'),
(7718, 'partial_eval'),
(7719, 'partial_eval'),
(7720, 'partial_eval'),
(7721, 'partial_eval'),
(7722, 'global_eval'),
(7723, 'partial_eval'),
(7724, 'partial_eval'),
(7725, 'partial_eval'),
(7726, 'partial_eval'),
(7727, 'global_eval'),
(7728, 'partial_eval'),
(7729, 'partial_eval'),
(7730, 'partial_eval'),
(7731, 'global_eval'),
(7732, 'partial_eval'),
(7733, 'partial_eval'),
(7734, 'partial_eval'),
(7735, 'global_eval'),
(7736, 'partial_eval'),
(7737, 'partial_eval'),
(7738, 'partial_eval'),
(7739, 'global_eval'),
(7740, 'partial_eval'),
(7741, 'global_eval'),
(7742, 'partial_eval'),
(7743, 'global_eval'),
(7744, 'partial_eval'),
(7745, 'global_eval'),
(7746, 'partial_eval'),
(7747, 'partial_eval'),
(7748, 'partial_eval'),
(7749, 'partial_eval'),
(7750, 'global_eval'),
(7751, 'partial_eval'),
(7752, 'partial_eval'),
(7753, 'partial_eval'),
(7754, 'partial_eval'),
(7755, 'partial_eval'),
(7756, 'global_eval'),
(7757, 'partial_eval'),
(7758, 'partial_eval'),
(7759, 'partial_eval'),
(7760, 'partial_eval'),
(7761, 'partial_eval'),
(7762, 'partial_eval'),
(7763, 'partial_eval'),
(7764, 'partial_eval'),
(7765, 'global_eval'),
(7766, 'partial_eval'),
(7767, 'partial_eval'),
(7768, 'partial_eval'),
(7769, 'global_eval'),
(7770, 'partial_eval'),
(7771, 'partial_eval'),
(7772, 'partial_eval'),
(7773, 'global_eval'),
(7774, 'partial_eval'),
(7775, 'global_eval'),
(7776, 'partial_eval'),
(7777, 'global_eval'),
(7778, 'partial_eval'),
(7779, 'global_eval'),
(7780, 'partial_eval'),
(7781, 'partial_eval'),
(7782, 'partial_eval'),
(7783, 'partial_eval'),
(7784, 'partial_eval'),
(7785, 'global_eval'),
(7786, 'partial_eval'),
(7787, 'partial_eval'),
(7788, 'partial_eval'),
(7789, 'partial_eval'),
(7790, 'partial_eval'),
(7791, 'global_eval'),
(7792, 'partial_eval'),
(7793, 'partial_eval'),
(7794, 'partial_eval'),
(7795, 'partial_eval'),
(7796, 'global_eval'),
(7797, 'partial_eval'),
(7798, 'partial_eval'),
(7799, 'partial_eval'),
(7800, 'global_eval'),
(7801, 'partial_eval'),
(7802, 'partial_eval'),
(7803, 'partial_eval'),
(7804, 'global_eval'),
(7805, 'partial_eval'),
(7806, 'partial_eval'),
(7807, 'partial_eval'),
(7808, 'global_eval'),
(7809, 'partial_eval'),
(7810, 'global_eval'),
(7811, 'partial_eval'),
(7812, 'global_eval'),
(7813, 'partial_eval'),
(7814, 'global_eval'),
(7815, 'partial_eval'),
(7816, 'partial_eval'),
(7817, 'partial_eval'),
(7818, 'partial_eval'),
(7819, 'global_eval'),
(7820, 'partial_eval'),
(7821, 'partial_eval'),
(7822, 'partial_eval'),
(7823, 'partial_eval'),
(7824, 'partial_eval'),
(7825, 'global_eval'),
(7826, 'partial_eval'),
(7827, 'partial_eval'),
(7828, 'partial_eval'),
(7829, 'partial_eval'),
(7830, 'partial_eval'),
(7831, 'global_eval'),
(7832, 'partial_eval'),
(7833, 'partial_eval'),
(7834, 'partial_eval'),
(7835, 'global_eval'),
(7836, 'partial_eval'),
(7837, 'partial_eval'),
(7838, 'partial_eval'),
(7839, 'global_eval'),
(7840, 'partial_eval'),
(7841, 'partial_eval'),
(7842, 'partial_eval'),
(7843, 'global_eval'),
(7844, 'partial_eval'),
(7845, 'global_eval'),
(7846, 'partial_eval'),
(7847, 'global_eval'),
(7848, 'partial_eval'),
(7849, 'global_eval'),
(7850, 'partial_eval'),
(7851, 'partial_eval'),
(7852, 'partial_eval'),
(7853, 'partial_eval'),
(7854, 'partial_eval'),
(7855, 'global_eval'),
(7856, 'partial_eval'),
(7857, 'partial_eval'),
(7858, 'partial_eval'),
(7859, 'partial_eval'),
(7860, 'partial_eval'),
(7861, 'global_eval'),
(7862, 'partial_eval'),
(7863, 'partial_eval'),
(7864, 'partial_eval'),
(7865, 'partial_eval'),
(7866, 'global_eval'),
(7867, 'partial_eval'),
(7868, 'partial_eval'),
(7869, 'partial_eval'),
(7870, 'global_eval'),
(7871, 'partial_eval'),
(7872, 'partial_eval'),
(7873, 'partial_eval'),
(7874, 'global_eval'),
(7875, 'partial_eval'),
(7876, 'partial_eval'),
(7877, 'partial_eval'),
(7878, 'global_eval'),
(7879, 'partial_eval'),
(7880, 'global_eval'),
(7881, 'partial_eval'),
(7882, 'global_eval'),
(7883, 'partial_eval'),
(7884, 'global_eval'),
(7885, 'partial_eval'),
(7886, 'partial_eval'),
(7887, 'partial_eval'),
(7888, 'global_eval'),
(7889, 'partial_eval'),
(7890, 'partial_eval'),
(7891, 'partial_eval'),
(7892, 'partial_eval'),
(7893, 'partial_eval'),
(7894, 'global_eval'),
(7895, 'partial_eval'),
(7896, 'partial_eval'),
(7897, 'partial_eval'),
(7898, 'partial_eval'),
(7899, 'partial_eval'),
(7900, 'global_eval'),
(7901, 'partial_eval'),
(7902, 'partial_eval'),
(7903, 'partial_eval'),
(7904, 'global_eval'),
(7905, 'partial_eval'),
(7906, 'partial_eval'),
(7907, 'partial_eval'),
(7908, 'global_eval'),
(7909, 'partial_eval'),
(7910, 'partial_eval'),
(7911, 'global_eval'),
(7912, 'partial_eval'),
(7913, 'global_eval'),
(7914, 'partial_eval'),
(7915, 'global_eval'),
(7916, 'partial_eval'),
(7917, 'global_eval'),
(7918, 'partial_eval'),
(7919, 'partial_eval'),
(7920, 'partial_eval'),
(7921, 'partial_eval'),
(7922, 'partial_eval'),
(7923, 'global_eval'),
(7924, 'partial_eval'),
(7925, 'partial_eval'),
(7926, 'partial_eval'),
(7927, 'partial_eval'),
(7928, 'partial_eval'),
(7929, 'global_eval'),
(7930, 'partial_eval'),
(7931, 'partial_eval'),
(7932, 'partial_eval'),
(7933, 'partial_eval'),
(7934, 'global_eval'),
(7935, 'partial_eval'),
(7936, 'partial_eval'),
(7937, 'partial_eval'),
(7938, 'global_eval'),
(7939, 'partial_eval'),
(7940, 'partial_eval'),
(7941, 'partial_eval'),
(7942, 'global_eval'),
(7943, 'partial_eval'),
(7944, 'partial_eval'),
(7945, 'global_eval'),
(7946, 'partial_eval'),
(7947, 'global_eval'),
(7948, 'partial_eval'),
(7949, 'global_eval'),
(7950, 'partial_eval'),
(7951, 'global_eval'),
(7952, 'partial_eval'),
(7953, 'partial_eval'),
(7954, 'partial_eval'),
(7955, 'partial_eval'),
(7956, 'global_eval'),
(7957, 'partial_eval'),
(7958, 'partial_eval'),
(7959, 'partial_eval'),
(7960, 'partial_eval'),
(7961, 'partial_eval'),
(7962, 'global_eval'),
(7963, 'partial_eval'),
(7964, 'partial_eval'),
(7965, 'partial_eval'),
(7966, 'partial_eval'),
(7967, 'partial_eval'),
(7968, 'global_eval'),
(7969, 'partial_eval'),
(7970, 'partial_eval'),
(7971, 'partial_eval'),
(7972, 'global_eval'),
(7973, 'partial_eval'),
(7974, 'partial_eval'),
(7975, 'partial_eval'),
(7976, 'global_eval'),
(7977, 'partial_eval'),
(7978, 'partial_eval'),
(7979, 'partial_eval'),
(7980, 'global_eval'),
(7981, 'partial_eval'),
(7982, 'global_eval'),
(7983, 'partial_eval'),
(7984, 'global_eval'),
(7985, 'partial_eval'),
(7986, 'global_eval'),
(7987, 'partial_eval'),
(7988, 'partial_eval'),
(7989, 'partial_eval'),
(7990, 'partial_eval'),
(7991, 'partial_eval'),
(7992, 'global_eval'),
(7993, 'partial_eval'),
(7994, 'partial_eval'),
(7995, 'partial_eval'),
(7996, 'partial_eval'),
(7997, 'partial_eval'),
(7998, 'global_eval'),
(7999, 'partial_eval'),
(8000, 'partial_eval'),
(8001, 'partial_eval'),
(8002, 'partial_eval'),
(8003, 'global_eval'),
(8004, 'partial_eval'),
(8005, 'partial_eval'),
(8006, 'partial_eval'),
(8007, 'global_eval'),
(8008, 'partial_eval'),
(8009, 'partial_eval'),
(8010, 'partial_eval'),
(8011, 'global_eval'),
(8012, 'partial_eval'),
(8013, 'partial_eval'),
(8014, 'partial_eval'),
(8015, 'global_eval'),
(8016, 'partial_eval'),
(8017, 'global_eval'),
(8018, 'partial_eval'),
(8019, 'global_eval'),
(8020, 'partial_eval'),
(8021, 'global_eval'),
(8022, 'partial_eval'),
(8023, 'partial_eval'),
(8024, 'partial_eval'),
(8025, 'partial_eval'),
(8026, 'global_eval'),
(8027, 'partial_eval'),
(8028, 'partial_eval'),
(8029, 'partial_eval'),
(8030, 'global_eval'),
(8031, 'partial_eval'),
(8032, 'partial_eval'),
(8033, 'partial_eval'),
(8034, 'global_eval'),
(8035, 'partial_eval'),
(8036, 'partial_eval'),
(8037, 'partial_eval'),
(8038, 'global_eval'),
(8039, 'partial_eval'),
(8040, 'global_eval'),
(8041, 'partial_eval'),
(8042, 'global_eval'),
(8043, 'partial_eval'),
(8044, 'global_eval'),
(8045, 'partial_eval'),
(8046, 'partial_eval'),
(8047, 'partial_eval'),
(8048, 'partial_eval'),
(8049, 'global_eval'),
(8050, 'partial_eval'),
(8051, 'partial_eval'),
(8052, 'partial_eval'),
(8053, 'partial_eval'),
(8054, 'global_eval'),
(8055, 'partial_eval'),
(8056, 'partial_eval'),
(8057, 'partial_eval'),
(8058, 'partial_eval'),
(8059, 'partial_eval'),
(8060, 'global_eval'),
(8061, 'partial_eval'),
(8062, 'partial_eval'),
(8063, 'partial_eval'),
(8064, 'global_eval'),
(8065, 'partial_eval'),
(8066, 'partial_eval'),
(8067, 'partial_eval'),
(8068, 'global_eval'),
(8069, 'partial_eval'),
(8070, 'partial_eval'),
(8071, 'partial_eval'),
(8072, 'global_eval'),
(8073, 'partial_eval'),
(8074, 'global_eval'),
(8075, 'partial_eval'),
(8076, 'global_eval'),
(8077, 'partial_eval'),
(8078, 'global_eval'),
(8079, 'partial_eval'),
(8080, 'partial_eval'),
(8081, 'partial_eval'),
(8082, 'partial_eval'),
(8083, 'partial_eval'),
(8084, 'global_eval'),
(8085, 'partial_eval'),
(8086, 'partial_eval'),
(8087, 'partial_eval'),
(8088, 'partial_eval'),
(8089, 'partial_eval'),
(8090, 'global_eval'),
(8091, 'partial_eval'),
(8092, 'partial_eval'),
(8093, 'partial_eval'),
(8094, 'partial_eval'),
(8095, 'global_eval'),
(8096, 'partial_eval'),
(8097, 'partial_eval'),
(8098, 'partial_eval'),
(8099, 'global_eval'),
(8100, 'partial_eval'),
(8101, 'partial_eval'),
(8102, 'partial_eval'),
(8103, 'global_eval'),
(8104, 'partial_eval'),
(8105, 'partial_eval'),
(8106, 'partial_eval'),
(8107, 'global_eval'),
(8108, 'partial_eval'),
(8109, 'global_eval'),
(8110, 'partial_eval'),
(8111, 'global_eval'),
(8112, 'partial_eval'),
(8113, 'global_eval'),
(8114, 'partial_eval'),
(8115, 'partial_eval'),
(8116, 'partial_eval'),
(8117, 'partial_eval'),
(8118, 'global_eval'),
(8119, 'partial_eval'),
(8120, 'partial_eval'),
(8121, 'partial_eval'),
(8122, 'partial_eval'),
(8123, 'partial_eval'),
(8124, 'global_eval'),
(8125, 'partial_eval'),
(8126, 'partial_eval'),
(8127, 'partial_eval'),
(8128, 'partial_eval'),
(8129, 'partial_eval'),
(8130, 'global_eval'),
(8131, 'partial_eval'),
(8132, 'partial_eval'),
(8133, 'partial_eval'),
(8134, 'global_eval'),
(8135, 'partial_eval'),
(8136, 'partial_eval'),
(8137, 'partial_eval'),
(8138, 'global_eval'),
(8139, 'partial_eval'),
(8140, 'partial_eval'),
(8141, 'partial_eval'),
(8142, 'global_eval'),
(8143, 'partial_eval'),
(8144, 'global_eval'),
(8145, 'partial_eval'),
(8146, 'global_eval'),
(8147, 'partial_eval'),
(8148, 'global_eval'),
(8149, 'partial_eval'),
(8150, 'partial_eval'),
(8151, 'partial_eval'),
(8152, 'partial_eval'),
(8153, 'partial_eval'),
(8154, 'global_eval'),
(8155, 'partial_eval'),
(8156, 'partial_eval'),
(8157, 'partial_eval'),
(8158, 'partial_eval'),
(8159, 'global_eval'),
(8160, 'partial_eval'),
(8161, 'partial_eval'),
(8162, 'partial_eval'),
(8163, 'partial_eval'),
(8164, 'global_eval'),
(8165, 'partial_eval'),
(8166, 'partial_eval'),
(8167, 'partial_eval'),
(8168, 'partial_eval'),
(8169, 'global_eval'),
(8170, 'partial_eval'),
(8171, 'partial_eval'),
(8172, 'global_eval'),
(8173, 'partial_eval'),
(8174, 'partial_eval'),
(8175, 'partial_eval'),
(8176, 'partial_eval'),
(8177, 'global_eval'),
(8178, 'partial_eval'),
(8179, 'global_eval'),
(8180, 'partial_eval'),
(8181, 'global_eval'),
(8182, 'partial_eval'),
(8183, 'global_eval'),
(8184, 'partial_eval'),
(8185, 'partial_eval'),
(8186, 'partial_eval'),
(8187, 'partial_eval'),
(8188, 'global_eval'),
(8189, 'partial_eval'),
(8190, 'partial_eval'),
(8191, 'partial_eval'),
(8192, 'partial_eval'),
(8193, 'partial_eval'),
(8194, 'global_eval'),
(8195, 'partial_eval'),
(8196, 'partial_eval'),
(8197, 'partial_eval'),
(8198, 'partial_eval'),
(8199, 'partial_eval'),
(8200, 'global_eval'),
(8201, 'partial_eval'),
(8202, 'partial_eval'),
(8203, 'partial_eval'),
(8204, 'global_eval'),
(8205, 'partial_eval'),
(8206, 'partial_eval'),
(8207, 'partial_eval'),
(8208, 'global_eval'),
(8209, 'partial_eval'),
(8210, 'partial_eval'),
(8211, 'partial_eval'),
(8212, 'global_eval'),
(8213, 'partial_eval'),
(8214, 'global_eval'),
(8215, 'partial_eval'),
(8216, 'global_eval'),
(8217, 'partial_eval'),
(8218, 'global_eval'),
(8219, 'global_eval'),
(8220, 'partial_eval'),
(8221, 'partial_eval'),
(8222, 'partial_eval'),
(8223, 'partial_eval'),
(8224, 'partial_eval'),
(8225, 'global_eval'),
(8226, 'partial_eval'),
(8227, 'partial_eval'),
(8228, 'partial_eval'),
(8229, 'partial_eval'),
(8230, 'partial_eval'),
(8231, 'partial_eval'),
(8232, 'partial_eval'),
(8233, 'partial_eval'),
(8234, 'partial_eval'),
(8235, 'partial_eval'),
(8236, 'global_eval'),
(8237, 'global_eval'),
(8238, 'partial_eval'),
(8239, 'partial_eval'),
(8240, 'partial_eval'),
(8241, 'partial_eval'),
(8242, 'partial_eval'),
(8243, 'global_eval'),
(8244, 'partial_eval'),
(8245, 'partial_eval'),
(8246, 'partial_eval'),
(8247, 'partial_eval'),
(8248, 'partial_eval'),
(8249, 'global_eval'),
(8250, 'partial_eval'),
(8251, 'partial_eval'),
(8252, 'partial_eval'),
(8253, 'partial_eval'),
(8254, 'partial_eval'),
(8255, 'global_eval'),
(8256, 'partial_eval'),
(8257, 'partial_eval'),
(8258, 'partial_eval'),
(8259, 'partial_eval'),
(8260, 'partial_eval'),
(8261, 'global_eval'),
(8262, 'partial_eval'),
(8263, 'partial_eval'),
(8264, 'partial_eval'),
(8265, 'partial_eval'),
(8266, 'partial_eval'),
(8267, 'partial_eval'),
(8268, 'partial_eval'),
(8269, 'partial_eval'),
(8270, 'partial_eval'),
(8271, 'partial_eval'),
(8272, 'partial_eval'),
(8273, 'partial_eval'),
(8274, 'global_eval'),
(8275, 'partial_eval'),
(8276, 'partial_eval'),
(8277, 'partial_eval'),
(8278, 'partial_eval'),
(8279, 'partial_eval'),
(8280, 'global_eval'),
(8281, 'partial_eval'),
(8282, 'global_eval'),
(8283, 'partial_eval'),
(8284, 'partial_eval'),
(8285, 'partial_eval'),
(8286, 'global_eval'),
(8287, 'partial_eval'),
(8288, 'global_eval'),
(8289, 'partial_eval'),
(8290, 'partial_eval'),
(8291, 'global_eval'),
(8292, 'partial_eval'),
(8293, 'partial_eval'),
(8294, 'global_eval'),
(8295, 'partial_eval'),
(8296, 'partial_eval'),
(8297, 'global_eval'),
(8298, 'partial_eval'),
(8299, 'partial_eval'),
(8300, 'global_eval'),
(8301, 'partial_eval'),
(8302, 'partial_eval'),
(8303, 'global_eval'),
(8304, 'partial_eval'),
(8305, 'partial_eval'),
(8306, 'global_eval'),
(8307, 'partial_eval'),
(8308, 'partial_eval'),
(8309, 'global_eval'),
(8310, 'partial_eval'),
(8311, 'partial_eval'),
(8312, 'global_eval'),
(8313, 'partial_eval'),
(8314, 'partial_eval'),
(8315, 'global_eval'),
(8316, 'partial_eval'),
(8317, 'partial_eval'),
(8318, 'global_eval'),
(8319, 'partial_eval'),
(8320, 'partial_eval'),
(8321, 'global_eval'),
(8322, 'partial_eval'),
(8323, 'partial_eval'),
(8324, 'global_eval'),
(8325, 'partial_eval'),
(8326, 'partial_eval'),
(8327, 'global_eval'),
(8328, 'partial_eval'),
(8329, 'partial_eval'),
(8330, 'global_eval'),
(8331, 'partial_eval'),
(8332, 'partial_eval'),
(8333, 'global_eval'),
(8334, 'partial_eval'),
(8335, 'partial_eval'),
(8336, 'global_eval'),
(8337, 'partial_eval'),
(8338, 'partial_eval'),
(8339, 'global_eval'),
(8340, 'partial_eval'),
(8341, 'partial_eval'),
(8342, 'global_eval'),
(8343, 'partial_eval'),
(8344, 'partial_eval'),
(8345, 'global_eval'),
(8346, 'partial_eval'),
(8347, 'partial_eval'),
(8348, 'global_eval'),
(8349, 'partial_eval'),
(8350, 'partial_eval'),
(8351, 'global_eval'),
(8352, 'global_eval'),
(8354, 'partial_eval'),
(8355, 'partial_eval'),
(8360, 'global_eval'),
(8361, 'partial_eval'),
(8362, 'partial_eval'),
(8363, 'partial_eval'),
(8364, 'global_eval'),
(8365, 'partial_eval'),
(8366, 'partial_eval'),
(8367, 'partial_eval'),
(8368, 'partial_eval'),
(8369, 'partial_eval'),
(8370, 'partial_eval'),
(8371, 'global_eval'),
(8372, 'global_eval'),
(8373, 'partial_eval'),
(8374, 'partial_eval'),
(8375, 'partial_eval'),
(8376, 'global_eval'),
(8377, 'partial_eval'),
(8378, 'partial_eval'),
(8379, 'partial_eval'),
(8380, 'global_eval'),
(8381, 'partial_eval'),
(8382, 'partial_eval'),
(8383, 'partial_eval'),
(8384, 'global_eval'),
(8385, 'partial_eval'),
(8386, 'partial_eval'),
(8387, 'partial_eval'),
(8388, 'partial_eval'),
(8389, 'partial_eval'),
(8390, 'global_eval'),
(8391, 'partial_eval'),
(8392, 'global_eval'),
(8393, 'partial_eval'),
(8394, 'partial_eval'),
(8395, 'partial_eval'),
(8396, 'global_eval'),
(8397, 'partial_eval'),
(8398, 'partial_eval'),
(8399, 'partial_eval'),
(8400, 'global_eval'),
(8401, 'partial_eval'),
(8402, 'partial_eval'),
(8403, 'partial_eval'),
(8404, 'global_eval'),
(8405, 'partial_eval'),
(8406, 'partial_eval'),
(8407, 'partial_eval'),
(8408, 'global_eval'),
(8409, 'partial_eval'),
(8410, 'partial_eval'),
(8411, 'global_eval'),
(8412, 'partial_eval'),
(8413, 'partial_eval'),
(8414, 'partial_eval'),
(8415, 'global_eval'),
(8416, 'partial_eval'),
(8417, 'partial_eval'),
(8418, 'partial_eval'),
(8419, 'global_eval'),
(8420, 'partial_eval'),
(8421, 'partial_eval'),
(8422, 'global_eval'),
(8423, 'partial_eval'),
(8424, 'partial_eval'),
(8425, 'partial_eval'),
(8426, 'partial_eval'),
(8427, 'partial_eval'),
(8428, 'partial_eval'),
(8429, 'global_eval'),
(8430, 'partial_eval'),
(8431, 'partial_eval'),
(8432, 'partial_eval'),
(8433, 'global_eval'),
(8434, 'partial_eval'),
(8435, 'partial_eval'),
(8436, 'partial_eval'),
(8437, 'global_eval'),
(8438, 'partial_eval'),
(8439, 'partial_eval'),
(8440, 'partial_eval'),
(8441, 'partial_eval'),
(8442, 'partial_eval'),
(8443, 'partial_eval'),
(8444, 'global_eval'),
(8445, 'partial_eval'),
(8446, 'partial_eval'),
(8447, 'partial_eval'),
(8448, 'global_eval'),
(8449, 'partial_eval'),
(8450, 'partial_eval'),
(8451, 'partial_eval'),
(8452, 'global_eval'),
(8453, 'partial_eval'),
(8454, 'partial_eval'),
(8455, 'partial_eval'),
(8456, 'global_eval'),
(8457, 'partial_eval'),
(8458, 'partial_eval'),
(8459, 'partial_eval'),
(8460, 'global_eval'),
(8461, 'partial_eval'),
(8462, 'partial_eval'),
(8463, 'partial_eval'),
(8464, 'global_eval'),
(8465, 'partial_eval'),
(8466, 'partial_eval'),
(8467, 'partial_eval'),
(8468, 'global_eval'),
(8469, 'partial_eval'),
(8470, 'partial_eval'),
(8471, 'partial_eval'),
(8472, 'global_eval'),
(8473, 'partial_eval'),
(8474, 'partial_eval'),
(8475, 'partial_eval'),
(8476, 'global_eval'),
(8477, 'partial_eval'),
(8478, 'partial_eval'),
(8479, 'partial_eval'),
(8480, 'global_eval'),
(8481, 'partial_eval'),
(8482, 'partial_eval'),
(8483, 'partial_eval'),
(8484, 'global_eval'),
(8485, 'partial_eval'),
(8486, 'partial_eval'),
(8487, 'partial_eval'),
(8488, 'global_eval'),
(8489, 'partial_eval'),
(8490, 'partial_eval'),
(8491, 'partial_eval'),
(8492, 'global_eval'),
(8493, 'partial_eval'),
(8494, 'partial_eval'),
(8495, 'partial_eval'),
(8496, 'global_eval'),
(8497, 'partial_eval'),
(8498, 'partial_eval'),
(8499, 'partial_eval'),
(8500, 'global_eval'),
(8501, 'partial_eval'),
(8502, 'partial_eval'),
(8503, 'global_eval'),
(8504, 'partial_eval'),
(8505, 'partial_eval'),
(8506, 'partial_eval'),
(8507, 'partial_eval'),
(8508, 'global_eval'),
(8509, 'partial_eval'),
(8510, 'partial_eval'),
(8511, 'partial_eval'),
(8512, 'global_eval'),
(8513, 'partial_eval'),
(8514, 'partial_eval'),
(8515, 'partial_eval'),
(8516, 'global_eval'),
(8517, 'partial_eval'),
(8518, 'partial_eval'),
(8519, 'partial_eval'),
(8520, 'global_eval'),
(8521, 'global_eval'),
(8522, 'partial_eval'),
(8523, 'partial_eval'),
(8524, 'partial_eval'),
(8525, 'partial_eval'),
(8526, 'partial_eval'),
(8527, 'partial_eval'),
(8528, 'global_eval'),
(8529, 'partial_eval'),
(8530, 'partial_eval'),
(8531, 'partial_eval'),
(8532, 'global_eval'),
(8533, 'global_eval'),
(8534, 'partial_eval'),
(8535, 'partial_eval'),
(8536, 'partial_eval'),
(8537, 'partial_eval'),
(8538, 'partial_eval'),
(8539, 'partial_eval'),
(8540, 'global_eval'),
(8541, 'partial_eval'),
(8542, 'partial_eval'),
(8543, 'partial_eval'),
(8544, 'partial_eval'),
(8545, 'partial_eval'),
(8546, 'partial_eval'),
(8548, 'partial_eval'),
(8549, 'partial_eval'),
(8550, 'partial_eval'),
(8551, 'partial_eval'),
(8552, 'partial_eval'),
(8553, 'partial_eval'),
(8554, 'partial_eval'),
(8555, 'partial_eval'),
(8556, 'partial_eval'),
(8557, 'partial_eval'),
(8558, 'partial_eval'),
(8559, 'partial_eval'),
(8560, 'partial_eval'),
(8561, 'partial_eval'),
(8562, 'partial_eval'),
(8563, 'partial_eval'),
(8564, 'partial_eval'),
(8565, 'partial_eval'),
(8566, 'partial_eval'),
(8567, 'partial_eval'),
(8568, 'partial_eval'),
(8569, 'partial_eval'),
(8570, 'partial_eval'),
(8571, 'partial_eval'),
(8572, 'partial_eval'),
(8573, 'partial_eval'),
(8574, 'partial_eval'),
(8575, 'partial_eval'),
(8576, 'partial_eval'),
(8577, 'partial_eval'),
(8578, 'partial_eval'),
(8579, 'global_eval'),
(8580, 'partial_eval'),
(8581, 'partial_eval'),
(8582, 'partial_eval'),
(8583, 'partial_eval'),
(8584, 'partial_eval'),
(8585, 'partial_eval'),
(8586, 'partial_eval'),
(8587, 'global_eval'),
(8588, 'partial_eval'),
(8589, 'partial_eval'),
(8590, 'partial_eval'),
(8591, 'global_eval'),
(8592, 'partial_eval'),
(8593, 'partial_eval'),
(8594, 'partial_eval'),
(8595, 'partial_eval'),
(8596, 'partial_eval'),
(8597, 'global_eval'),
(8598, 'partial_eval'),
(8599, 'partial_eval'),
(8600, 'partial_eval'),
(8601, 'partial_eval'),
(8602, 'global_eval'),
(8603, 'partial_eval'),
(8604, 'partial_eval'),
(8605, 'partial_eval'),
(8606, 'partial_eval'),
(8607, 'global_eval'),
(8608, 'partial_eval'),
(8609, 'partial_eval'),
(8610, 'partial_eval'),
(8611, 'partial_eval'),
(8612, 'global_eval'),
(8613, 'partial_eval'),
(8614, 'partial_eval'),
(8615, 'partial_eval'),
(8616, 'partial_eval'),
(8617, 'global_eval'),
(8618, 'partial_eval'),
(8619, 'partial_eval'),
(8620, 'partial_eval'),
(8621, 'partial_eval'),
(8622, 'global_eval'),
(8623, 'partial_eval'),
(8624, 'partial_eval'),
(8625, 'partial_eval'),
(8626, 'partial_eval'),
(8627, 'global_eval'),
(8628, 'partial_eval'),
(8629, 'partial_eval'),
(8630, 'partial_eval'),
(8631, 'partial_eval'),
(8632, 'global_eval'),
(8633, 'partial_eval'),
(8634, 'partial_eval'),
(8635, 'partial_eval'),
(8636, 'partial_eval'),
(8637, 'global_eval'),
(8638, 'partial_eval'),
(8639, 'partial_eval'),
(8640, 'partial_eval'),
(8641, 'partial_eval'),
(8642, 'global_eval'),
(8643, 'partial_eval'),
(8644, 'partial_eval'),
(8645, 'partial_eval'),
(8646, 'global_eval'),
(8647, 'partial_eval'),
(8648, 'partial_eval'),
(8649, 'partial_eval'),
(8650, 'partial_eval'),
(8651, 'partial_eval'),
(8652, 'global_eval'),
(8653, 'partial_eval'),
(8654, 'partial_eval'),
(8655, 'partial_eval'),
(8656, 'partial_eval'),
(8657, 'global_eval'),
(8658, 'partial_eval'),
(8659, 'partial_eval'),
(8660, 'partial_eval'),
(8661, 'partial_eval'),
(8662, 'global_eval'),
(8663, 'partial_eval'),
(8664, 'partial_eval'),
(8665, 'partial_eval'),
(8666, 'partial_eval'),
(8667, 'global_eval'),
(8668, 'partial_eval'),
(8669, 'partial_eval'),
(8670, 'partial_eval'),
(8671, 'partial_eval'),
(8672, 'global_eval'),
(8673, 'partial_eval'),
(8674, 'partial_eval'),
(8675, 'partial_eval'),
(8676, 'partial_eval'),
(8677, 'global_eval'),
(8678, 'partial_eval'),
(8679, 'partial_eval'),
(8680, 'partial_eval'),
(8681, 'partial_eval'),
(8682, 'global_eval'),
(8683, 'partial_eval'),
(8684, 'partial_eval'),
(8685, 'partial_eval'),
(8686, 'partial_eval'),
(8687, 'global_eval'),
(8688, 'partial_eval'),
(8689, 'partial_eval'),
(8690, 'partial_eval'),
(8691, 'partial_eval'),
(8692, 'partial_eval'),
(8693, 'partial_eval'),
(8694, 'partial_eval'),
(8695, 'partial_eval'),
(8696, 'partial_eval'),
(8697, 'partial_eval'),
(8698, 'partial_eval'),
(8699, 'partial_eval'),
(8700, 'partial_eval'),
(8701, 'partial_eval'),
(8702, 'partial_eval'),
(8703, 'partial_eval'),
(8704, 'partial_eval'),
(8705, 'partial_eval'),
(8706, 'partial_eval'),
(8707, 'partial_eval'),
(8708, 'partial_eval'),
(8709, 'partial_eval'),
(8710, 'partial_eval'),
(8711, 'partial_eval'),
(8712, 'partial_eval'),
(8713, 'partial_eval'),
(8714, 'partial_eval'),
(8715, 'partial_eval'),
(8716, 'partial_eval'),
(8717, 'partial_eval'),
(8718, 'partial_eval'),
(8719, 'partial_eval'),
(8720, 'partial_eval'),
(8721, 'partial_eval'),
(8722, 'partial_eval'),
(8723, 'global_eval'),
(8724, 'global_eval'),
(8725, 'global_eval'),
(8726, 'global_eval'),
(8727, 'global_eval'),
(8728, 'global_eval'),
(8729, 'global_eval'),
(8730, 'global_eval'),
(8731, 'global_eval'),
(8732, 'global_eval'),
(8733, 'global_eval'),
(8734, 'global_eval'),
(8735, 'global_eval'),
(8736, 'global_eval'),
(8737, 'global_eval'),
(8738, 'global_eval'),
(8739, 'global_eval'),
(8740, 'global_eval'),
(8741, 'global_eval'),
(8742, 'global_eval'),
(8743, 'global_eval'),
(8744, 'global_eval'),
(8745, 'global_eval'),
(8746, 'global_eval'),
(8747, 'global_eval'),
(8748, 'global_eval'),
(8749, 'global_eval'),
(8750, 'global_eval'),
(8751, 'global_eval'),
(8752, 'global_eval'),
(8753, 'global_eval'),
(8754, 'global_eval'),
(8755, 'global_eval'),
(8756, 'global_eval'),
(8757, 'global_eval'),
(8758, 'global_eval'),
(8759, 'global_eval'),
(8760, 'global_eval'),
(8761, 'global_eval'),
(8762, 'global_eval'),
(8763, 'global_eval'),
(8764, 'global_eval'),
(8765, 'global_eval'),
(8766, 'global_eval'),
(8767, 'partial_eval'),
(8768, 'partial_eval'),
(8769, 'global_eval'),
(8770, 'partial_eval'),
(8771, 'partial_eval'),
(8772, 'partial_eval'),
(8773, 'partial_eval'),
(8774, 'partial_eval'),
(8775, 'partial_eval'),
(8776, 'global_eval'),
(8777, 'partial_eval'),
(8778, 'partial_eval'),
(8779, 'partial_eval'),
(8780, 'partial_eval'),
(8781, 'global_eval'),
(8782, 'partial_eval'),
(8783, 'partial_eval'),
(8784, 'partial_eval'),
(8785, 'partial_eval'),
(8786, 'global_eval'),
(8787, 'partial_eval'),
(8788, 'partial_eval'),
(8789, 'partial_eval'),
(8790, 'partial_eval'),
(8791, 'global_eval'),
(8792, 'partial_eval'),
(8793, 'partial_eval'),
(8794, 'partial_eval'),
(8795, 'global_eval'),
(8796, 'global_eval'),
(8797, 'partial_eval'),
(8798, 'partial_eval'),
(8799, 'global_eval'),
(8800, 'partial_eval'),
(8801, 'partial_eval'),
(8802, 'partial_eval'),
(8803, 'partial_eval'),
(8804, 'partial_eval'),
(8805, 'partial_eval'),
(8806, 'partial_eval'),
(8807, 'partial_eval'),
(8808, 'partial_eval'),
(8809, 'partial_eval'),
(8810, 'partial_eval'),
(8811, 'partial_eval'),
(8812, 'global_eval'),
(8813, 'partial_eval'),
(8814, 'partial_eval'),
(8815, 'partial_eval'),
(8816, 'partial_eval'),
(8817, 'partial_eval'),
(8818, 'partial_eval'),
(8819, 'global_eval'),
(8820, 'partial_eval'),
(8821, 'partial_eval'),
(8822, 'partial_eval'),
(8823, 'partial_eval'),
(8824, 'global_eval'),
(8825, 'partial_eval'),
(8826, 'partial_eval'),
(8827, 'partial_eval'),
(8828, 'partial_eval'),
(8829, 'partial_eval'),
(8830, 'partial_eval'),
(8831, 'global_eval'),
(8832, 'partial_eval'),
(8833, 'partial_eval'),
(8834, 'partial_eval'),
(8835, 'partial_eval'),
(8836, 'partial_eval'),
(8837, 'partial_eval'),
(8838, 'partial_eval'),
(8839, 'partial_eval'),
(8840, 'partial_eval'),
(8841, 'partial_eval'),
(8842, 'partial_eval'),
(8843, 'partial_eval'),
(8844, 'partial_eval'),
(8845, 'partial_eval'),
(8846, 'partial_eval'),
(8847, 'partial_eval'),
(8848, 'partial_eval'),
(8849, 'partial_eval'),
(8850, 'partial_eval'),
(8851, 'global_eval'),
(8852, 'global_eval'),
(8853, 'partial_eval'),
(8854, 'partial_eval'),
(8855, 'partial_eval'),
(8856, 'partial_eval'),
(8857, 'partial_eval'),
(8858, 'global_eval'),
(8859, 'partial_eval'),
(8860, 'partial_eval'),
(8861, 'partial_eval'),
(8862, 'partial_eval'),
(8863, 'partial_eval'),
(8864, 'global_eval'),
(8865, 'partial_eval'),
(8866, 'partial_eval'),
(8867, 'partial_eval'),
(8868, 'partial_eval'),
(8869, 'partial_eval'),
(8870, 'global_eval'),
(8871, 'partial_eval'),
(8872, 'partial_eval'),
(8873, 'partial_eval'),
(8874, 'partial_eval'),
(8875, 'partial_eval'),
(8876, 'global_eval'),
(8877, 'partial_eval'),
(8878, 'partial_eval'),
(8879, 'partial_eval'),
(8880, 'partial_eval'),
(8881, 'partial_eval'),
(8882, 'partial_eval'),
(8883, 'partial_eval'),
(8884, 'partial_eval'),
(8885, 'partial_eval'),
(8886, 'global_eval'),
(8887, 'partial_eval'),
(8888, 'global_eval'),
(8889, 'partial_eval'),
(8890, 'partial_eval'),
(8891, 'partial_eval'),
(8892, 'partial_eval'),
(8893, 'partial_eval'),
(8894, 'global_eval'),
(8895, 'global_eval'),
(8896, 'global_eval'),
(8897, 'partial_eval'),
(8898, 'partial_eval'),
(8899, 'partial_eval'),
(8900, 'partial_eval'),
(8901, 'partial_eval'),
(8902, 'global_eval'),
(8903, 'partial_eval'),
(8904, 'partial_eval'),
(8905, 'partial_eval'),
(8906, 'partial_eval'),
(8907, 'partial_eval'),
(8908, 'partial_eval'),
(8909, 'partial_eval'),
(8910, 'partial_eval'),
(8911, 'partial_eval'),
(8912, 'partial_eval'),
(8913, 'global_eval'),
(8914, 'partial_eval'),
(8915, 'partial_eval'),
(8916, 'partial_eval'),
(8917, 'partial_eval'),
(8918, 'partial_eval'),
(8919, 'global_eval'),
(8920, 'global_eval'),
(8921, 'partial_eval'),
(8922, 'partial_eval'),
(8923, 'partial_eval'),
(8924, 'partial_eval'),
(8925, 'partial_eval'),
(8926, 'partial_eval'),
(8927, 'global_eval'),
(8928, 'partial_eval'),
(8929, 'partial_eval'),
(8930, 'partial_eval'),
(8931, 'partial_eval'),
(8932, 'partial_eval'),
(8933, 'global_eval'),
(8934, 'partial_eval'),
(8935, 'partial_eval'),
(8936, 'partial_eval'),
(8937, 'partial_eval'),
(8938, 'global_eval'),
(8939, 'partial_eval'),
(8940, 'partial_eval'),
(8941, 'partial_eval'),
(8942, 'partial_eval'),
(8943, 'partial_eval'),
(8944, 'global_eval'),
(8945, 'partial_eval'),
(8946, 'partial_eval'),
(8947, 'partial_eval'),
(8948, 'partial_eval'),
(8949, 'partial_eval'),
(8950, 'global_eval'),
(8951, 'partial_eval'),
(8952, 'partial_eval'),
(8953, 'partial_eval'),
(8954, 'partial_eval'),
(8955, 'partial_eval'),
(8956, 'partial_eval'),
(8957, 'partial_eval'),
(8958, 'partial_eval'),
(8959, 'partial_eval'),
(8960, 'global_eval'),
(8961, 'global_eval'),
(8962, 'partial_eval'),
(8963, 'partial_eval'),
(8964, 'partial_eval'),
(8965, 'partial_eval'),
(8966, 'partial_eval'),
(8967, 'partial_eval'),
(8968, 'partial_eval'),
(8969, 'partial_eval'),
(8970, 'partial_eval'),
(8971, 'partial_eval'),
(8972, 'global_eval'),
(8973, 'global_eval'),
(8974, 'partial_eval'),
(8975, 'partial_eval'),
(8976, 'partial_eval'),
(8977, 'partial_eval'),
(8978, 'partial_eval'),
(8979, 'global_eval'),
(8980, 'partial_eval'),
(8981, 'partial_eval'),
(8982, 'partial_eval'),
(8983, 'partial_eval'),
(8984, 'partial_eval'),
(8985, 'global_eval'),
(8986, 'partial_eval'),
(8987, 'partial_eval'),
(8988, 'partial_eval'),
(8989, 'partial_eval'),
(8990, 'partial_eval'),
(8991, 'global_eval'),
(8992, 'partial_eval'),
(8993, 'partial_eval'),
(8994, 'partial_eval'),
(8995, 'partial_eval'),
(8996, 'partial_eval'),
(8997, 'global_eval'),
(8998, 'partial_eval'),
(8999, 'partial_eval'),
(9000, 'partial_eval'),
(9001, 'partial_eval'),
(9002, 'partial_eval'),
(9003, 'global_eval'),
(9004, 'partial_eval'),
(9005, 'partial_eval'),
(9006, 'partial_eval'),
(9007, 'partial_eval'),
(9008, 'partial_eval'),
(9009, 'global_eval'),
(9010, 'partial_eval'),
(9011, 'partial_eval'),
(9012, 'partial_eval'),
(9013, 'partial_eval'),
(9014, 'partial_eval'),
(9015, 'global_eval'),
(9016, 'partial_eval'),
(9017, 'partial_eval'),
(9018, 'partial_eval'),
(9019, 'partial_eval'),
(9020, 'partial_eval'),
(9021, 'global_eval'),
(9022, 'partial_eval'),
(9023, 'partial_eval'),
(9024, 'partial_eval'),
(9025, 'partial_eval'),
(9026, 'partial_eval'),
(9027, 'global_eval'),
(9028, 'partial_eval'),
(9029, 'partial_eval'),
(9030, 'partial_eval'),
(9031, 'partial_eval'),
(9032, 'partial_eval'),
(9033, 'global_eval'),
(9034, 'partial_eval'),
(9035, 'partial_eval'),
(9036, 'partial_eval'),
(9037, 'partial_eval'),
(9038, 'partial_eval'),
(9039, 'global_eval'),
(9040, 'partial_eval'),
(9041, 'partial_eval'),
(9042, 'partial_eval'),
(9043, 'partial_eval'),
(9044, 'partial_eval'),
(9045, 'global_eval'),
(9046, 'partial_eval'),
(9047, 'partial_eval'),
(9048, 'partial_eval'),
(9049, 'global_eval'),
(9050, 'partial_eval'),
(9051, 'partial_eval'),
(9052, 'partial_eval'),
(9053, 'partial_eval'),
(9054, 'partial_eval'),
(9055, 'partial_eval'),
(9056, 'global_eval'),
(9057, 'partial_eval'),
(9058, 'partial_eval'),
(9059, 'partial_eval'),
(9060, 'global_eval'),
(9061, 'global_eval'),
(9062, 'partial_eval'),
(9063, 'partial_eval'),
(9064, 'partial_eval'),
(9065, 'global_eval'),
(9066, 'partial_eval'),
(9067, 'partial_eval'),
(9068, 'partial_eval'),
(9069, 'global_eval'),
(9070, 'partial_eval'),
(9071, 'partial_eval'),
(9072, 'partial_eval'),
(9073, 'global_eval'),
(9074, 'partial_eval'),
(9075, 'partial_eval'),
(9076, 'partial_eval'),
(9077, 'global_eval'),
(9078, 'partial_eval'),
(9079, 'partial_eval'),
(9080, 'partial_eval'),
(9081, 'global_eval'),
(9082, 'partial_eval'),
(9083, 'partial_eval'),
(9084, 'partial_eval'),
(9085, 'global_eval'),
(9086, 'partial_eval'),
(9087, 'partial_eval'),
(9088, 'partial_eval'),
(9089, 'global_eval'),
(9090, 'partial_eval'),
(9091, 'partial_eval'),
(9092, 'partial_eval'),
(9093, 'global_eval'),
(9094, 'partial_eval'),
(9095, 'partial_eval'),
(9096, 'partial_eval'),
(9097, 'global_eval'),
(9098, 'partial_eval'),
(9099, 'partial_eval'),
(9100, 'partial_eval'),
(9101, 'global_eval'),
(9102, 'partial_eval'),
(9103, 'partial_eval'),
(9104, 'partial_eval'),
(9105, 'global_eval'),
(9106, 'partial_eval'),
(9107, 'partial_eval'),
(9108, 'partial_eval'),
(9109, 'global_eval'),
(9110, 'partial_eval'),
(9111, 'partial_eval'),
(9112, 'partial_eval'),
(9113, 'global_eval'),
(9114, 'partial_eval'),
(9115, 'partial_eval'),
(9116, 'partial_eval'),
(9117, 'global_eval'),
(9118, 'partial_eval'),
(9119, 'partial_eval'),
(9120, 'partial_eval'),
(9121, 'global_eval'),
(9122, 'partial_eval'),
(9123, 'partial_eval'),
(9124, 'partial_eval'),
(9125, 'global_eval'),
(9126, 'partial_eval'),
(9127, 'partial_eval'),
(9128, 'partial_eval'),
(9129, 'global_eval'),
(9130, 'partial_eval'),
(9131, 'partial_eval'),
(9132, 'partial_eval'),
(9133, 'global_eval'),
(9134, 'partial_eval'),
(9135, 'partial_eval'),
(9136, 'partial_eval'),
(9137, 'global_eval'),
(9138, 'partial_eval'),
(9139, 'partial_eval'),
(9140, 'partial_eval'),
(9141, 'global_eval'),
(9142, 'partial_eval'),
(9143, 'partial_eval'),
(9144, 'partial_eval'),
(9145, 'partial_eval'),
(9146, 'partial_eval'),
(9147, 'partial_eval'),
(9148, 'partial_eval'),
(9149, 'partial_eval'),
(9150, 'partial_eval'),
(9151, 'partial_eval'),
(9152, 'partial_eval'),
(9153, 'partial_eval'),
(9154, 'partial_eval'),
(9155, 'partial_eval'),
(9156, 'partial_eval'),
(9157, 'partial_eval'),
(9158, 'partial_eval'),
(9159, 'partial_eval'),
(9160, 'partial_eval'),
(9161, 'partial_eval'),
(9162, 'partial_eval'),
(9163, 'partial_eval'),
(9164, 'partial_eval'),
(9165, 'partial_eval'),
(9166, 'partial_eval'),
(9167, 'partial_eval'),
(9168, 'partial_eval'),
(9169, 'partial_eval'),
(9170, 'partial_eval'),
(9171, 'partial_eval'),
(9172, 'partial_eval'),
(9173, 'partial_eval'),
(9174, 'partial_eval'),
(9175, 'partial_eval'),
(9176, 'partial_eval'),
(9177, 'partial_eval'),
(9178, 'partial_eval'),
(9179, 'partial_eval'),
(9180, 'partial_eval'),
(9181, 'partial_eval'),
(9182, 'partial_eval'),
(9183, 'partial_eval'),
(9184, 'partial_eval'),
(9185, 'partial_eval'),
(9186, 'partial_eval'),
(9187, 'partial_eval'),
(9188, 'partial_eval'),
(9189, 'global_eval'),
(9190, 'partial_eval'),
(9191, 'partial_eval'),
(9192, 'global_eval'),
(9193, 'partial_eval'),
(9194, 'partial_eval'),
(9195, 'global_eval'),
(9196, 'partial_eval'),
(9197, 'partial_eval'),
(9198, 'partial_eval'),
(9199, 'partial_eval'),
(9200, 'global_eval'),
(9201, 'partial_eval'),
(9202, 'partial_eval'),
(9203, 'global_eval'),
(9204, 'partial_eval'),
(9205, 'partial_eval'),
(9206, 'global_eval'),
(9207, 'partial_eval'),
(9208, 'partial_eval'),
(9209, 'global_eval'),
(9210, 'partial_eval'),
(9211, 'global_eval'),
(9212, 'partial_eval'),
(9213, 'global_eval'),
(9214, 'partial_eval'),
(9215, 'partial_eval'),
(9216, 'global_eval'),
(9217, 'partial_eval'),
(9218, 'partial_eval'),
(9219, 'partial_eval'),
(9220, 'partial_eval'),
(9221, 'global_eval'),
(9222, 'partial_eval'),
(9223, 'partial_eval'),
(9224, 'global_eval'),
(9225, 'partial_eval'),
(9226, 'partial_eval'),
(9227, 'global_eval'),
(9228, 'partial_eval'),
(9229, 'partial_eval'),
(9230, 'global_eval'),
(9231, 'partial_eval'),
(9232, 'partial_eval'),
(9233, 'global_eval'),
(9234, 'partial_eval'),
(9235, 'partial_eval'),
(9236, 'global_eval'),
(9237, 'partial_eval'),
(9238, 'partial_eval'),
(9239, 'global_eval'),
(9240, 'partial_eval'),
(9241, 'partial_eval'),
(9242, 'global_eval'),
(9243, 'partial_eval'),
(9244, 'partial_eval'),
(9245, 'global_eval'),
(9246, 'partial_eval'),
(9247, 'partial_eval'),
(9248, 'global_eval'),
(9249, 'partial_eval'),
(9250, 'partial_eval'),
(9251, 'global_eval'),
(9252, 'partial_eval'),
(9253, 'partial_eval'),
(9254, 'global_eval'),
(9255, 'partial_eval'),
(9256, 'partial_eval'),
(9257, 'partial_eval'),
(9258, 'partial_eval'),
(9259, 'partial_eval'),
(9260, 'partial_eval'),
(9261, 'partial_eval'),
(9262, 'partial_eval'),
(9263, 'partial_eval'),
(9264, 'partial_eval'),
(9265, 'partial_eval'),
(9266, 'partial_eval'),
(9267, 'partial_eval'),
(9268, 'partial_eval'),
(9269, 'partial_eval'),
(9270, 'partial_eval'),
(9271, 'partial_eval'),
(9272, 'partial_eval'),
(9273, 'partial_eval'),
(9274, 'partial_eval'),
(9275, 'partial_eval'),
(9276, 'partial_eval'),
(9277, 'partial_eval'),
(9278, 'partial_eval'),
(9279, 'partial_eval'),
(9280, 'partial_eval'),
(9281, 'partial_eval'),
(9282, 'partial_eval'),
(9283, 'partial_eval'),
(9284, 'partial_eval'),
(9285, 'partial_eval'),
(9286, 'partial_eval'),
(9287, 'partial_eval'),
(9288, 'partial_eval'),
(9289, 'partial_eval'),
(9290, 'partial_eval'),
(9291, 'partial_eval'),
(9292, 'partial_eval'),
(9293, 'partial_eval'),
(9294, 'partial_eval'),
(9295, 'partial_eval'),
(9296, 'partial_eval'),
(9297, 'partial_eval'),
(9298, 'partial_eval'),
(9299, 'partial_eval'),
(9300, 'partial_eval'),
(9301, 'partial_eval'),
(9302, 'partial_eval'),
(9303, 'partial_eval'),
(9304, 'partial_eval'),
(9305, 'partial_eval'),
(9306, 'partial_eval'),
(9307, 'partial_eval'),
(9308, 'partial_eval'),
(9309, 'partial_eval'),
(9310, 'partial_eval'),
(9311, 'partial_eval'),
(9312, 'partial_eval'),
(9313, 'partial_eval'),
(9314, 'partial_eval'),
(9315, 'partial_eval'),
(9316, 'partial_eval'),
(9317, 'partial_eval'),
(9318, 'partial_eval'),
(9319, 'partial_eval'),
(9320, 'partial_eval'),
(9321, 'partial_eval'),
(9322, 'partial_eval'),
(9323, 'partial_eval'),
(9324, 'partial_eval'),
(9325, 'partial_eval'),
(9326, 'global_eval'),
(9327, 'partial_eval'),
(9328, 'partial_eval'),
(9329, 'partial_eval'),
(9330, 'partial_eval'),
(9331, 'partial_eval'),
(9332, 'global_eval'),
(9333, 'partial_eval'),
(9334, 'partial_eval'),
(9335, 'partial_eval'),
(9336, 'partial_eval'),
(9337, 'partial_eval'),
(9338, 'global_eval'),
(9339, 'partial_eval'),
(9340, 'partial_eval'),
(9341, 'partial_eval'),
(9342, 'partial_eval'),
(9343, 'partial_eval'),
(9344, 'global_eval'),
(9345, 'partial_eval'),
(9346, 'partial_eval'),
(9347, 'partial_eval'),
(9348, 'partial_eval'),
(9349, 'partial_eval'),
(9350, 'global_eval'),
(9351, 'partial_eval'),
(9352, 'partial_eval'),
(9353, 'partial_eval'),
(9354, 'partial_eval'),
(9355, 'partial_eval'),
(9356, 'global_eval'),
(9357, 'partial_eval'),
(9358, 'partial_eval'),
(9359, 'partial_eval'),
(9360, 'partial_eval'),
(9361, 'partial_eval'),
(9362, 'global_eval'),
(9363, 'partial_eval'),
(9364, 'partial_eval'),
(9365, 'partial_eval'),
(9366, 'partial_eval'),
(9367, 'partial_eval'),
(9368, 'global_eval'),
(9369, 'partial_eval'),
(9370, 'partial_eval'),
(9371, 'partial_eval'),
(9372, 'partial_eval'),
(9373, 'partial_eval'),
(9374, 'global_eval'),
(9375, 'partial_eval'),
(9376, 'partial_eval'),
(9377, 'partial_eval'),
(9378, 'partial_eval'),
(9379, 'partial_eval'),
(9380, 'global_eval'),
(9381, 'partial_eval'),
(9382, 'partial_eval'),
(9383, 'partial_eval'),
(9384, 'partial_eval'),
(9385, 'partial_eval'),
(9386, 'global_eval'),
(9387, 'partial_eval'),
(9388, 'partial_eval'),
(9389, 'partial_eval'),
(9390, 'partial_eval'),
(9391, 'partial_eval'),
(9392, 'global_eval'),
(9393, 'partial_eval'),
(9394, 'partial_eval'),
(9395, 'partial_eval'),
(9396, 'partial_eval'),
(9397, 'partial_eval'),
(9398, 'global_eval'),
(9399, 'partial_eval'),
(9400, 'partial_eval'),
(9401, 'partial_eval'),
(9402, 'partial_eval'),
(9403, 'partial_eval'),
(9404, 'global_eval'),
(9405, 'partial_eval'),
(9406, 'partial_eval'),
(9407, 'partial_eval'),
(9408, 'partial_eval'),
(9409, 'partial_eval'),
(9410, 'global_eval'),
(9411, 'partial_eval'),
(9412, 'partial_eval'),
(9413, 'partial_eval'),
(9414, 'partial_eval'),
(9415, 'partial_eval'),
(9416, 'global_eval'),
(9417, 'partial_eval'),
(9418, 'partial_eval'),
(9419, 'partial_eval'),
(9420, 'partial_eval'),
(9421, 'partial_eval'),
(9422, 'global_eval'),
(9423, 'partial_eval'),
(9424, 'partial_eval'),
(9425, 'partial_eval'),
(9426, 'partial_eval'),
(9427, 'partial_eval'),
(9428, 'global_eval'),
(9429, 'partial_eval'),
(9430, 'partial_eval'),
(9431, 'partial_eval'),
(9432, 'partial_eval'),
(9433, 'partial_eval'),
(9434, 'global_eval'),
(9435, 'partial_eval'),
(9436, 'partial_eval'),
(9437, 'partial_eval'),
(9438, 'partial_eval'),
(9439, 'partial_eval'),
(9440, 'global_eval'),
(9441, 'partial_eval'),
(9442, 'partial_eval'),
(9443, 'partial_eval'),
(9444, 'partial_eval'),
(9445, 'partial_eval'),
(9446, 'global_eval'),
(9447, 'partial_eval'),
(9448, 'partial_eval'),
(9449, 'partial_eval'),
(9450, 'partial_eval'),
(9451, 'global_eval'),
(9452, 'partial_eval'),
(9453, 'partial_eval'),
(9454, 'partial_eval'),
(9455, 'partial_eval'),
(9456, 'partial_eval'),
(9457, 'partial_eval'),
(9458, 'partial_eval'),
(9459, 'partial_eval'),
(9460, 'global_eval'),
(9461, 'partial_eval'),
(9462, 'partial_eval'),
(9463, 'partial_eval'),
(9464, 'global_eval'),
(9465, 'partial_eval'),
(9466, 'partial_eval'),
(9467, 'global_eval'),
(9468, 'partial_eval'),
(9469, 'partial_eval'),
(9470, 'partial_eval'),
(9471, 'partial_eval'),
(9472, 'global_eval'),
(9473, 'partial_eval'),
(9474, 'partial_eval'),
(9475, 'partial_eval'),
(9476, 'partial_eval'),
(9477, 'global_eval'),
(9478, 'partial_eval'),
(9479, 'partial_eval'),
(9480, 'partial_eval'),
(9481, 'partial_eval'),
(9482, 'global_eval'),
(9483, 'partial_eval'),
(9484, 'partial_eval'),
(9485, 'partial_eval'),
(9486, 'partial_eval'),
(9487, 'global_eval'),
(9488, 'partial_eval'),
(9489, 'partial_eval'),
(9490, 'partial_eval'),
(9491, 'partial_eval'),
(9492, 'global_eval'),
(9493, 'partial_eval'),
(9494, 'partial_eval'),
(9495, 'partial_eval'),
(9496, 'partial_eval'),
(9497, 'global_eval'),
(9498, 'partial_eval'),
(9499, 'partial_eval'),
(9500, 'partial_eval'),
(9501, 'partial_eval'),
(9502, 'global_eval'),
(9503, 'partial_eval'),
(9504, 'partial_eval'),
(9505, 'partial_eval'),
(9506, 'partial_eval'),
(9507, 'global_eval'),
(9508, 'partial_eval'),
(9509, 'partial_eval'),
(9510, 'partial_eval'),
(9511, 'partial_eval'),
(9512, 'global_eval'),
(9513, 'partial_eval'),
(9514, 'partial_eval'),
(9515, 'partial_eval'),
(9516, 'partial_eval'),
(9517, 'global_eval'),
(9518, 'partial_eval'),
(9519, 'partial_eval'),
(9520, 'partial_eval'),
(9521, 'partial_eval'),
(9522, 'global_eval'),
(9523, 'partial_eval'),
(9524, 'partial_eval'),
(9525, 'partial_eval'),
(9526, 'partial_eval'),
(9527, 'global_eval'),
(9528, 'partial_eval'),
(9529, 'partial_eval'),
(9530, 'partial_eval'),
(9531, 'partial_eval'),
(9532, 'global_eval'),
(9533, 'partial_eval'),
(9534, 'partial_eval'),
(9535, 'partial_eval'),
(9536, 'partial_eval'),
(9537, 'global_eval'),
(9538, 'partial_eval'),
(9539, 'partial_eval'),
(9540, 'partial_eval'),
(9541, 'partial_eval'),
(9542, 'global_eval'),
(9543, 'partial_eval'),
(9544, 'partial_eval'),
(9545, 'partial_eval'),
(9546, 'partial_eval'),
(9547, 'global_eval'),
(9548, 'partial_eval'),
(9549, 'partial_eval'),
(9550, 'partial_eval'),
(9551, 'partial_eval'),
(9552, 'global_eval'),
(9553, 'partial_eval'),
(9554, 'partial_eval'),
(9555, 'partial_eval'),
(9556, 'partial_eval'),
(9557, 'global_eval'),
(9558, 'partial_eval'),
(9559, 'partial_eval'),
(9560, 'partial_eval'),
(9561, 'partial_eval'),
(9562, 'global_eval'),
(9563, 'partial_eval'),
(9564, 'partial_eval'),
(9565, 'partial_eval'),
(9566, 'partial_eval'),
(9567, 'global_eval'),
(9568, 'partial_eval'),
(9569, 'partial_eval'),
(9570, 'partial_eval'),
(9571, 'partial_eval'),
(9572, 'global_eval'),
(9573, 'partial_eval'),
(9574, 'partial_eval'),
(9575, 'partial_eval'),
(9576, 'partial_eval'),
(9577, 'global_eval'),
(9578, 'partial_eval'),
(9579, 'partial_eval'),
(9580, 'global_eval'),
(9581, 'partial_eval'),
(9582, 'partial_eval'),
(9583, 'partial_eval'),
(9584, 'partial_eval'),
(9585, 'partial_eval'),
(9586, 'partial_eval'),
(9587, 'partial_eval'),
(9588, 'partial_eval'),
(9590, 'partial_eval'),
(9591, 'partial_eval'),
(9592, 'partial_eval'),
(9593, 'partial_eval'),
(9594, 'partial_eval'),
(9595, 'partial_eval'),
(9596, 'partial_eval'),
(9597, 'partial_eval'),
(9598, 'partial_eval'),
(9599, 'global_eval'),
(9600, 'partial_eval'),
(9601, 'partial_eval'),
(9602, 'global_eval'),
(9603, 'partial_eval'),
(9604, 'partial_eval'),
(9605, 'global_eval'),
(9606, 'partial_eval'),
(9607, 'partial_eval'),
(9608, 'global_eval'),
(9609, 'partial_eval'),
(9610, 'partial_eval'),
(9611, 'global_eval'),
(9612, 'partial_eval'),
(9613, 'partial_eval'),
(9614, 'global_eval'),
(9615, 'partial_eval'),
(9616, 'partial_eval'),
(9617, 'global_eval'),
(9618, 'partial_eval'),
(9619, 'partial_eval'),
(9620, 'global_eval'),
(9621, 'partial_eval'),
(9622, 'partial_eval'),
(9623, 'global_eval'),
(9624, 'partial_eval'),
(9625, 'partial_eval'),
(9626, 'global_eval'),
(9627, 'partial_eval'),
(9628, 'partial_eval'),
(9629, 'global_eval'),
(9630, 'partial_eval'),
(9631, 'partial_eval'),
(9632, 'global_eval'),
(9633, 'partial_eval'),
(9634, 'partial_eval'),
(9635, 'global_eval'),
(9636, 'partial_eval'),
(9637, 'partial_eval'),
(9638, 'global_eval'),
(9639, 'partial_eval'),
(9640, 'partial_eval'),
(9641, 'global_eval'),
(9642, 'partial_eval'),
(9643, 'partial_eval'),
(9644, 'global_eval'),
(9645, 'partial_eval'),
(9646, 'partial_eval'),
(9647, 'global_eval'),
(9648, 'partial_eval'),
(9649, 'partial_eval'),
(9650, 'global_eval'),
(9651, 'partial_eval'),
(9652, 'partial_eval'),
(9653, 'global_eval'),
(9654, 'partial_eval'),
(9655, 'partial_eval'),
(9656, 'global_eval'),
(9657, 'partial_eval'),
(9658, 'partial_eval'),
(9659, 'global_eval'),
(9660, 'partial_eval'),
(9661, 'partial_eval'),
(9662, 'global_eval'),
(9663, 'partial_eval'),
(9664, 'partial_eval'),
(9665, 'global_eval'),
(9666, 'partial_eval'),
(9667, 'partial_eval'),
(9668, 'global_eval'),
(9669, 'partial_eval'),
(9670, 'partial_eval'),
(9671, 'global_eval'),
(9672, 'partial_eval'),
(9673, 'partial_eval'),
(9674, 'global_eval'),
(9675, 'partial_eval'),
(9676, 'partial_eval'),
(9677, 'global_eval'),
(9678, 'partial_eval'),
(9679, 'partial_eval'),
(9680, 'global_eval'),
(9681, 'partial_eval'),
(9682, 'partial_eval'),
(9683, 'global_eval'),
(9684, 'partial_eval'),
(9685, 'partial_eval'),
(9686, 'global_eval'),
(9687, 'partial_eval'),
(9688, 'partial_eval'),
(9689, 'global_eval'),
(9690, 'partial_eval'),
(9691, 'partial_eval'),
(9692, 'global_eval'),
(9693, 'partial_eval'),
(9694, 'partial_eval'),
(9695, 'global_eval'),
(9696, 'partial_eval'),
(9697, 'partial_eval'),
(9698, 'global_eval'),
(9699, 'partial_eval'),
(9700, 'partial_eval'),
(9701, 'global_eval'),
(9702, 'partial_eval'),
(9703, 'partial_eval'),
(9704, 'global_eval'),
(9705, 'partial_eval'),
(9706, 'partial_eval'),
(9707, 'global_eval'),
(9708, 'partial_eval'),
(9709, 'global_eval'),
(9711, 'partial_eval'),
(9712, 'partial_eval'),
(9713, 'partial_eval'),
(9714, 'global_eval'),
(9715, 'global_eval'),
(9717, 'partial_eval'),
(9718, 'global_eval'),
(9719, 'global_eval'),
(9720, 'partial_eval'),
(9721, 'global_eval'),
(9722, 'global_eval'),
(9723, 'partial_eval'),
(9724, 'partial_eval'),
(9725, 'partial_eval'),
(9726, 'partial_eval'),
(9727, 'global_eval'),
(9728, 'partial_eval'),
(9729, 'partial_eval'),
(9730, 'partial_eval'),
(9731, 'global_eval'),
(9732, 'partial_eval'),
(9733, 'partial_eval'),
(9734, 'partial_eval'),
(9735, 'global_eval'),
(9736, 'partial_eval'),
(9737, 'global_eval'),
(9738, 'partial_eval'),
(9739, 'partial_eval'),
(9740, 'partial_eval'),
(9741, 'global_eval'),
(9742, 'partial_eval'),
(9743, 'global_eval'),
(9744, 'partial_eval'),
(9745, 'partial_eval'),
(9746, 'partial_eval'),
(9747, 'global_eval'),
(9748, 'partial_eval'),
(9749, 'global_eval'),
(9750, 'partial_eval'),
(9751, 'global_eval'),
(9752, 'partial_eval'),
(9753, 'partial_eval'),
(9754, 'partial_eval'),
(9755, 'global_eval'),
(9756, 'partial_eval'),
(9757, 'global_eval'),
(9758, 'partial_eval'),
(9759, 'global_eval'),
(9760, 'partial_eval'),
(9761, 'partial_eval'),
(9762, 'partial_eval'),
(9763, 'global_eval'),
(9764, 'partial_eval'),
(9765, 'global_eval'),
(9766, 'partial_eval'),
(9767, 'global_eval'),
(9768, 'partial_eval'),
(9769, 'partial_eval'),
(9770, 'partial_eval'),
(9771, 'global_eval'),
(9772, 'partial_eval'),
(9773, 'global_eval'),
(9774, 'partial_eval'),
(9775, 'global_eval'),
(9776, 'partial_eval'),
(9777, 'partial_eval'),
(9778, 'partial_eval'),
(9779, 'global_eval'),
(9780, 'partial_eval'),
(9781, 'global_eval'),
(9782, 'partial_eval'),
(9783, 'global_eval'),
(9784, 'partial_eval'),
(9785, 'partial_eval'),
(9786, 'partial_eval'),
(9787, 'global_eval'),
(9788, 'partial_eval'),
(9789, 'global_eval'),
(9790, 'partial_eval'),
(9791, 'global_eval'),
(9792, 'partial_eval'),
(9793, 'partial_eval'),
(9794, 'partial_eval'),
(9795, 'global_eval'),
(9796, 'partial_eval'),
(9797, 'global_eval'),
(9798, 'partial_eval'),
(9799, 'global_eval'),
(9800, 'partial_eval'),
(9801, 'partial_eval'),
(9802, 'partial_eval'),
(9803, 'global_eval'),
(9804, 'partial_eval'),
(9805, 'global_eval'),
(9806, 'partial_eval'),
(9807, 'global_eval'),
(9808, 'partial_eval'),
(9809, 'partial_eval'),
(9810, 'partial_eval'),
(9811, 'global_eval'),
(9812, 'partial_eval'),
(9813, 'global_eval'),
(9814, 'partial_eval'),
(9815, 'global_eval'),
(9816, 'partial_eval'),
(9817, 'partial_eval'),
(9818, 'partial_eval'),
(9819, 'global_eval'),
(9820, 'partial_eval'),
(9821, 'global_eval'),
(9822, 'partial_eval'),
(9823, 'global_eval'),
(9824, 'partial_eval'),
(9825, 'partial_eval'),
(9826, 'partial_eval'),
(9827, 'global_eval'),
(9828, 'partial_eval'),
(9829, 'global_eval'),
(9830, 'partial_eval'),
(9831, 'global_eval'),
(9832, 'partial_eval'),
(9833, 'partial_eval'),
(9834, 'partial_eval'),
(9835, 'global_eval'),
(9836, 'partial_eval'),
(9837, 'global_eval'),
(9838, 'partial_eval'),
(9839, 'global_eval'),
(9840, 'partial_eval'),
(9841, 'partial_eval'),
(9842, 'partial_eval'),
(9843, 'global_eval'),
(9844, 'partial_eval'),
(9845, 'global_eval'),
(9846, 'partial_eval'),
(9847, 'global_eval'),
(9848, 'partial_eval'),
(9849, 'partial_eval'),
(9850, 'partial_eval'),
(9851, 'global_eval'),
(9852, 'partial_eval'),
(9853, 'global_eval'),
(9854, 'partial_eval'),
(9855, 'global_eval'),
(9856, 'partial_eval'),
(9857, 'partial_eval'),
(9858, 'partial_eval'),
(9859, 'global_eval'),
(9860, 'partial_eval'),
(9861, 'global_eval'),
(9862, 'partial_eval'),
(9863, 'global_eval'),
(9864, 'global_eval'),
(9865, 'global_eval'),
(9866, 'partial_eval'),
(9867, 'partial_eval'),
(9868, 'partial_eval'),
(9869, 'global_eval'),
(9870, 'partial_eval'),
(9871, 'partial_eval');
INSERT INTO `evaluations` (`id`, `discr`) VALUES
(9872, 'partial_eval'),
(9873, 'partial_eval'),
(9874, 'partial_eval'),
(9875, 'global_eval'),
(9876, 'partial_eval'),
(9877, 'partial_eval'),
(9878, 'partial_eval'),
(9879, 'partial_eval'),
(9880, 'global_eval'),
(9881, 'partial_eval'),
(9882, 'global_eval'),
(9883, 'partial_eval'),
(9884, 'partial_eval'),
(9885, 'partial_eval'),
(9886, 'global_eval'),
(9887, 'partial_eval'),
(9888, 'partial_eval'),
(9889, 'partial_eval'),
(9890, 'partial_eval'),
(9891, 'partial_eval'),
(9892, 'partial_eval'),
(9893, 'partial_eval'),
(9894, 'partial_eval'),
(9895, 'global_eval'),
(9896, 'partial_eval'),
(9897, 'partial_eval'),
(9898, 'partial_eval'),
(9899, 'partial_eval'),
(9900, 'global_eval'),
(9901, 'partial_eval'),
(9902, 'partial_eval'),
(9903, 'partial_eval'),
(9904, 'partial_eval'),
(9905, 'global_eval'),
(9906, 'partial_eval'),
(9907, 'partial_eval'),
(9908, 'partial_eval'),
(9909, 'partial_eval'),
(9910, 'global_eval'),
(9911, 'partial_eval'),
(9912, 'partial_eval'),
(9913, 'partial_eval'),
(9914, 'partial_eval'),
(9915, 'global_eval'),
(9916, 'partial_eval'),
(9917, 'partial_eval'),
(9918, 'partial_eval'),
(9919, 'partial_eval'),
(9920, 'global_eval'),
(9921, 'partial_eval'),
(9922, 'partial_eval'),
(9923, 'partial_eval'),
(9924, 'partial_eval'),
(9925, 'partial_eval'),
(9926, 'partial_eval'),
(9927, 'partial_eval'),
(9928, 'partial_eval'),
(9929, 'global_eval'),
(9930, 'partial_eval'),
(9931, 'partial_eval'),
(9932, 'partial_eval'),
(9933, 'global_eval'),
(9934, 'partial_eval'),
(9935, 'partial_eval'),
(9936, 'partial_eval'),
(9937, 'global_eval'),
(9938, 'partial_eval'),
(9939, 'partial_eval'),
(9940, 'partial_eval'),
(9941, 'partial_eval'),
(9942, 'global_eval'),
(9943, 'partial_eval'),
(9944, 'partial_eval'),
(9945, 'partial_eval'),
(9946, 'partial_eval'),
(9947, 'global_eval'),
(9948, 'partial_eval'),
(9949, 'partial_eval'),
(9950, 'partial_eval'),
(9951, 'partial_eval'),
(9952, 'global_eval'),
(9953, 'partial_eval'),
(9954, 'partial_eval'),
(9955, 'partial_eval'),
(9956, 'partial_eval'),
(9957, 'global_eval'),
(9958, 'partial_eval'),
(9959, 'partial_eval'),
(9960, 'partial_eval'),
(9961, 'partial_eval'),
(9962, 'global_eval'),
(9963, 'partial_eval'),
(9964, 'partial_eval'),
(9965, 'partial_eval'),
(9966, 'partial_eval'),
(9967, 'global_eval'),
(9968, 'partial_eval'),
(9969, 'partial_eval'),
(9970, 'partial_eval'),
(9971, 'partial_eval'),
(9972, 'global_eval'),
(9973, 'partial_eval'),
(9974, 'partial_eval'),
(9975, 'partial_eval'),
(9976, 'partial_eval'),
(9977, 'global_eval'),
(9978, 'partial_eval'),
(9979, 'partial_eval'),
(9980, 'partial_eval'),
(9981, 'partial_eval'),
(9982, 'global_eval'),
(9983, 'partial_eval'),
(9984, 'partial_eval'),
(9985, 'partial_eval'),
(9986, 'partial_eval'),
(9987, 'global_eval'),
(9988, 'partial_eval'),
(9989, 'partial_eval'),
(9990, 'partial_eval'),
(9991, 'partial_eval'),
(9992, 'global_eval'),
(9993, 'partial_eval'),
(9994, 'partial_eval'),
(9995, 'partial_eval'),
(9996, 'partial_eval'),
(9997, 'global_eval'),
(9998, 'partial_eval'),
(9999, 'partial_eval'),
(10000, 'partial_eval'),
(10001, 'partial_eval'),
(10002, 'global_eval'),
(10004, 'global_eval'),
(10005, 'partial_eval'),
(10011, 'partial_eval'),
(10012, 'partial_eval'),
(10013, 'partial_eval'),
(10014, 'partial_eval'),
(10015, 'partial_eval'),
(10016, 'global_eval'),
(10017, 'partial_eval'),
(10018, 'partial_eval'),
(10019, 'global_eval'),
(10020, 'partial_eval'),
(10021, 'partial_eval'),
(10022, 'partial_eval'),
(10023, 'partial_eval'),
(10024, 'global_eval'),
(10025, 'global_eval'),
(10026, 'global_eval'),
(10027, 'global_eval'),
(10028, 'partial_eval'),
(10029, 'partial_eval'),
(10030, 'partial_eval'),
(10031, 'partial_eval'),
(10032, 'global_eval'),
(10033, 'partial_eval'),
(10034, 'partial_eval'),
(10035, 'partial_eval'),
(10036, 'global_eval'),
(10037, 'partial_eval'),
(10038, 'partial_eval'),
(10039, 'partial_eval'),
(10040, 'global_eval');

-- --------------------------------------------------------

--
-- Table structure for table `globalevaluationdescriptions`
--

CREATE TABLE `globalevaluationdescriptions` (
  `id` int(11) NOT NULL
) ENGINE=InnoDB DEFAULT CHARSET=utf8 COLLATE=utf8_unicode_ci;

--
-- Dumping data for table `globalevaluationdescriptions`
--

INSERT INTO `globalevaluationdescriptions` (`id`) VALUES
(1),
(2),
(3),
(4);

-- --------------------------------------------------------

--
-- Table structure for table `globalevaluations`
--

CREATE TABLE `globalevaluations` (
  `id` int(11) NOT NULL,
  `student_id` int(11) DEFAULT NULL,
  `course_id` int(11) DEFAULT NULL,
  `trimestre_id` int(11) DEFAULT NULL,
  `area_id` int(11) DEFAULT NULL,
  `globalevaluationdescription_id` int(11) DEFAULT NULL,
  `scope_id` int(11) DEFAULT NULL
) ENGINE=InnoDB DEFAULT CHARSET=utf8 COLLATE=utf8_unicode_ci;

--
-- Dumping data for table `globalevaluations`
--

INSERT INTO `globalevaluations` (`id`, `student_id`, `course_id`, `trimestre_id`, `area_id`, `globalevaluationdescription_id`, `scope_id`) VALUES
(558, 344, 1, 1, 19, 2, NULL),
(559, 320, 1, 1, 19, 2, NULL),
(560, 297, 1, 1, 19, 2, NULL),
(561, 340, 1, 1, 19, 2, NULL),
(562, 237, 1, 1, 19, 2, NULL),
(563, 210, 1, 1, 19, 2, NULL),
(564, 190, 1, 1, 19, 1, NULL),
(565, 267, 1, 1, 19, 1, NULL),
(566, 319, 1, 1, 19, 1, NULL),
(567, 123, 1, 1, 19, 1, NULL),
(568, 407, 1, 1, 19, 1, NULL),
(569, 296, 1, 1, 19, 1, NULL),
(575, 37, 1, 1, 10, 3, NULL),
(581, 37, 1, 1, 11, 3, NULL),
(586, 37, 1, 1, 13, 2, NULL),
(591, 37, 1, 1, 14, 3, NULL),
(595, 37, 1, 1, 18, 3, NULL),
(597, 37, 1, 1, 21, 3, NULL),
(599, 37, 1, 1, 22, 3, NULL),
(605, 40, 1, 1, 10, 2, NULL),
(611, 40, 1, 1, 11, 2, NULL),
(616, 40, 1, 1, 13, 3, NULL),
(621, 40, 1, 1, 14, 1, NULL),
(625, 40, 1, 1, 18, 2, NULL),
(627, 40, 1, 1, 21, 2, NULL),
(629, 40, 1, 1, 22, 2, NULL),
(635, 60, 1, 1, 10, 3, NULL),
(641, 60, 1, 1, 11, 2, NULL),
(646, 60, 1, 1, 13, 1, NULL),
(651, 60, 1, 1, 14, 1, NULL),
(655, 60, 1, 1, 18, 2, NULL),
(657, 60, 1, 1, 21, 2, NULL),
(659, 60, 1, 1, 22, 2, NULL),
(665, 74, 1, 1, 10, 3, NULL),
(673, 74, 1, 1, 11, 2, NULL),
(682, 74, 1, 1, 13, 3, NULL),
(687, 74, 1, 1, 14, 2, NULL),
(691, 74, 1, 1, 18, 2, NULL),
(693, 74, 1, 1, 21, 2, NULL),
(694, 74, 1, 1, 22, 2, NULL),
(701, 80, 1, 1, 10, 2, NULL),
(707, 80, 1, 1, 11, 2, NULL),
(712, 80, 1, 1, 13, 2, NULL),
(717, 80, 1, 1, 14, 1, NULL),
(721, 80, 1, 1, 18, 1, NULL),
(723, 80, 1, 1, 21, 1, NULL),
(725, 80, 1, 1, 22, 1, NULL),
(731, 87, 1, 1, 10, 2, NULL),
(737, 87, 1, 1, 11, 3, NULL),
(743, 87, 1, 1, 13, 2, NULL),
(747, 87, 1, 1, 14, 2, NULL),
(751, 87, 1, 1, 18, 2, NULL),
(753, 87, 1, 1, 21, 1, NULL),
(755, 87, 1, 1, 22, 1, NULL),
(761, 104, 1, 1, 11, 3, NULL),
(766, 104, 1, 1, 13, 3, NULL),
(772, 104, 1, 1, 10, 3, NULL),
(777, 104, 1, 1, 14, 3, NULL),
(781, 104, 1, 1, 18, 2, NULL),
(782, 104, 1, 1, 21, 3, NULL),
(785, 104, 1, 1, 22, 3, NULL),
(791, 107, 1, 1, 10, 3, NULL),
(797, 107, 1, 1, 11, 3, NULL),
(802, 107, 1, 1, 13, 3, NULL),
(807, 107, 1, 1, 14, 3, NULL),
(811, 107, 1, 1, 18, 3, NULL),
(813, 107, 1, 1, 21, 3, NULL),
(815, 107, 1, 1, 22, 3, NULL),
(821, 127, 1, 1, 10, 3, NULL),
(827, 127, 1, 1, 11, 3, NULL),
(832, 127, 1, 1, 13, 3, NULL),
(837, 127, 1, 1, 14, 3, NULL),
(841, 127, 1, 1, 18, 2, NULL),
(843, 127, 1, 1, 21, 3, NULL),
(845, 127, 1, 1, 22, 3, NULL),
(851, 137, 1, 1, 10, 3, NULL),
(857, 137, 1, 1, 11, 3, NULL),
(862, 137, 1, 1, 13, 3, NULL),
(867, 137, 1, 1, 14, 3, NULL),
(871, 137, 1, 1, 18, 3, NULL),
(873, 137, 1, 1, 21, 3, NULL),
(875, 137, 1, 1, 22, 3, NULL),
(881, 155, 1, 1, 10, 3, NULL),
(887, 155, 1, 1, 11, 3, NULL),
(892, 155, 1, 1, 13, 3, NULL),
(897, 155, 1, 1, 14, 3, NULL),
(901, 155, 1, 1, 18, 3, NULL),
(903, 155, 1, 1, 21, 3, NULL),
(905, 155, 1, 1, 22, 3, NULL),
(911, 160, 1, 1, 11, 1, NULL),
(916, 160, 1, 1, 12, 1, NULL),
(921, 160, 1, 1, 13, 1, NULL),
(926, 160, 1, 1, 14, 2, NULL),
(930, 160, 1, 1, 18, 2, NULL),
(932, 160, 1, 1, 21, 2, NULL),
(934, 160, 1, 1, 22, 2, NULL),
(940, 169, 1, 1, 10, 3, NULL),
(946, 169, 1, 1, 11, 3, NULL),
(951, 169, 1, 1, 13, 3, NULL),
(956, 169, 1, 1, 14, 3, NULL),
(960, 169, 1, 1, 18, 2, NULL),
(964, 169, 1, 1, 21, 3, NULL),
(966, 169, 1, 1, 22, 3, NULL),
(972, 172, 1, 1, 10, 2, NULL),
(978, 172, 1, 1, 11, 2, NULL),
(983, 172, 1, 1, 13, 2, NULL),
(988, 172, 1, 1, 14, 2, NULL),
(992, 172, 1, 1, 18, 2, NULL),
(994, 172, 1, 1, 21, 2, NULL),
(996, 172, 1, 1, 22, 2, NULL),
(1002, 197, 1, 1, 10, 3, NULL),
(1008, 197, 1, 1, 11, 2, NULL),
(1013, 197, 1, 1, 13, 3, NULL),
(1018, 197, 1, 1, 14, 2, NULL),
(1022, 197, 1, 1, 18, 2, NULL),
(1024, 197, 1, 1, 21, 2, NULL),
(1026, 197, 1, 1, 22, 2, NULL),
(1032, 212, 1, 1, 10, 1, NULL),
(1038, 212, 1, 1, 11, 1, NULL),
(1043, 212, 1, 1, 13, 1, NULL),
(1048, 212, 1, 1, 14, 1, NULL),
(1052, 212, 1, 1, 18, 2, NULL),
(1054, 212, 1, 1, 21, 1, NULL),
(1056, 212, 1, 1, 22, 1, NULL),
(1062, 259, 1, 1, 10, 2, NULL),
(1068, 259, 1, 1, 11, 2, NULL),
(1074, 259, 1, 1, 13, 1, NULL),
(1078, 259, 1, 1, 14, 2, NULL),
(1082, 259, 1, 1, 18, 2, NULL),
(1084, 259, 1, 1, 21, 2, NULL),
(1086, 259, 1, 1, 22, 2, NULL),
(1092, 281, 1, 1, 10, 3, NULL),
(1098, 281, 1, 1, 11, 3, NULL),
(1102, 281, 1, 1, 13, 3, NULL),
(1107, 281, 1, 1, 14, 2, NULL),
(1111, 281, 1, 1, 18, 3, NULL),
(1113, 281, 1, 1, 21, 3, NULL),
(1115, 281, 1, 1, 22, 3, NULL),
(1121, 362, 1, 1, 10, 1, NULL),
(1127, 362, 1, 1, 11, 1, NULL),
(1132, 362, 1, 1, 13, 1, NULL),
(1137, 362, 1, 1, 14, 1, NULL),
(1141, 362, 1, 1, 18, 2, NULL),
(1143, 362, 1, 1, 21, 2, NULL),
(1145, 362, 1, 1, 22, 2, NULL),
(1151, 366, 1, 1, 10, 2, NULL),
(1157, 366, 1, 1, 11, 2, NULL),
(1162, 366, 1, 1, 13, 2, NULL),
(1167, 366, 1, 1, 14, 2, NULL),
(1171, 366, 1, 1, 18, 2, NULL),
(1175, 366, 1, 1, 21, 2, NULL),
(1177, 366, 1, 1, 22, 2, NULL),
(1183, 388, 1, 1, 10, 4, NULL),
(1189, 388, 1, 1, 11, 4, NULL),
(1194, 388, 1, 1, 13, 4, NULL),
(1199, 388, 1, 1, 14, 4, NULL),
(1203, 388, 1, 1, 18, 2, NULL),
(1205, 388, 1, 1, 21, 4, NULL),
(1207, 388, 1, 1, 22, 4, NULL),
(1213, 403, 1, 1, 10, 3, NULL),
(1219, 403, 1, 1, 11, 3, NULL),
(1225, 403, 1, 1, 13, 3, NULL),
(1230, 403, 1, 1, 14, 3, NULL),
(1234, 403, 1, 1, 18, 2, NULL),
(1236, 403, 1, 1, 21, 3, NULL),
(1238, 403, 1, 1, 22, 3, NULL),
(1244, 421, 1, 1, 10, 3, NULL),
(1250, 421, 1, 1, 11, 3, NULL),
(1255, 421, 1, 1, 13, 3, NULL),
(1260, 421, 1, 1, 14, 3, NULL),
(1264, 421, 1, 1, 18, 2, NULL),
(1266, 421, 1, 1, 21, 3, NULL),
(1268, 421, 1, 1, 22, 3, NULL),
(1274, 423, 1, 1, 10, 3, NULL),
(1280, 423, 1, 1, 11, 3, NULL),
(1285, 423, 1, 1, 13, 3, NULL),
(1290, 423, 1, 1, 14, 3, NULL),
(1294, 423, 1, 1, 18, 2, NULL),
(1296, 423, 1, 1, 21, 3, NULL),
(1298, 423, 1, 1, 22, 3, NULL),
(1303, 17, 1, 1, 17, 2, NULL),
(1305, 17, 1, 1, 21, 2, NULL),
(1307, 17, 1, 1, 22, 3, NULL),
(1312, 17, 1, 1, 11, 3, NULL),
(1318, 17, 1, 1, 10, 2, NULL),
(1323, 17, 1, 1, 14, 3, NULL),
(1328, 17, 1, 1, 13, 2, NULL),
(1332, 17, 1, 1, 18, 3, NULL),
(1338, 43, 1, 1, 10, 3, NULL),
(1343, 43, 1, 1, 11, 3, NULL),
(1348, 43, 1, 1, 13, 2, NULL),
(1353, 43, 1, 1, 14, 3, NULL),
(1357, 43, 1, 1, 18, 3, NULL),
(1359, 43, 1, 1, 21, 3, NULL),
(1361, 43, 1, 1, 22, 3, NULL),
(1367, 25, 1, 1, 10, 3, NULL),
(1372, 25, 1, 1, 11, 3, NULL),
(1377, 25, 1, 1, 13, 3, NULL),
(1382, 25, 1, 1, 14, 3, NULL),
(1386, 25, 1, 1, 17, 2, NULL),
(1390, 43, 1, 1, 17, 2, NULL),
(1394, 25, 1, 1, 18, 2, NULL),
(1396, 25, 1, 1, 21, 3, NULL),
(1398, 25, 1, 1, 22, 3, NULL),
(1404, 61, 1, 1, 10, 2, NULL),
(1409, 61, 1, 1, 11, 2, NULL),
(1414, 61, 1, 1, 13, 1, NULL),
(1419, 61, 1, 1, 14, 2, NULL),
(1427, 61, 1, 1, 17, 2, NULL),
(1429, 61, 1, 1, 21, 1, NULL),
(1431, 61, 1, 1, 22, 2, NULL),
(1437, 79, 1, 1, 10, 1, NULL),
(1442, 79, 1, 1, 11, 2, NULL),
(1447, 79, 1, 1, 13, 1, NULL),
(1452, 79, 1, 1, 14, 2, NULL),
(1457, 79, 1, 1, 17, 2, NULL),
(1461, 79, 1, 1, 18, 2, NULL),
(1463, 79, 1, 1, 21, 1, NULL),
(1465, 79, 1, 1, 22, 1, NULL),
(1471, 96, 1, 1, 10, 4, NULL),
(1476, 96, 1, 1, 11, 3, NULL),
(1481, 96, 1, 1, 13, 3, NULL),
(1486, 96, 1, 1, 14, 3, NULL),
(1494, 96, 1, 1, 17, 3, NULL),
(1498, 96, 1, 1, 18, 3, NULL),
(1500, 96, 1, 1, 21, 3, NULL),
(1502, 96, 1, 1, 22, 3, NULL),
(1508, 125, 1, 1, 10, 1, NULL),
(1513, 125, 1, 1, 11, 2, NULL),
(1518, 125, 1, 1, 13, 1, NULL),
(1523, 125, 1, 1, 14, 2, NULL),
(1528, 125, 1, 1, 17, 2, NULL),
(1532, 125, 1, 1, 18, 2, NULL),
(1534, 125, 1, 1, 21, 1, NULL),
(1536, 125, 1, 1, 22, 2, NULL),
(1542, 136, 1, 1, 10, 2, NULL),
(1547, 136, 1, 1, 11, 2, NULL),
(1552, 136, 1, 1, 13, 2, NULL),
(1557, 136, 1, 1, 14, 3, NULL),
(1561, 136, 1, 1, 17, 3, NULL),
(1565, 136, 1, 1, 18, 3, NULL),
(1567, 136, 1, 1, 21, 2, NULL),
(1569, 136, 1, 1, 22, 2, NULL),
(1575, 148, 1, 1, 10, 4, NULL),
(1580, 148, 1, 1, 11, 3, NULL),
(1585, 148, 1, 1, 13, 3, NULL),
(1589, 148, 1, 1, 17, 3, NULL),
(1593, 148, 1, 1, 18, 3, NULL),
(1596, 148, 1, 1, 21, 3, NULL),
(1598, 148, 1, 1, 22, 3, NULL),
(1604, 157, 1, 1, 10, 1, NULL),
(1609, 157, 1, 1, 11, 2, NULL),
(1614, 157, 1, 1, 13, 1, NULL),
(1619, 157, 1, 1, 14, 2, NULL),
(1623, 157, 1, 1, 17, 2, NULL),
(1627, 157, 1, 1, 18, 2, NULL),
(1629, 157, 1, 1, 21, 1, NULL),
(1631, 157, 1, 1, 22, 1, NULL),
(1636, 168, 1, 1, 10, 3, NULL),
(1642, 168, 1, 1, 11, 3, NULL),
(1647, 168, 1, 1, 13, 3, NULL),
(1652, 168, 1, 1, 14, 3, NULL),
(1656, 168, 1, 1, 17, 3, NULL),
(1660, 168, 1, 1, 18, 3, NULL),
(1662, 168, 1, 1, 21, 3, NULL),
(1664, 168, 1, 1, 22, 3, NULL),
(1670, 176, 1, 1, 10, 3, NULL),
(1675, 176, 1, 1, 11, 3, NULL),
(1680, 176, 1, 1, 13, 2, NULL),
(1685, 176, 1, 1, 14, 2, NULL),
(1690, 176, 1, 1, 17, 2, NULL),
(1694, 176, 1, 1, 18, 2, NULL),
(1696, 176, 1, 1, 21, 2, NULL),
(1698, 176, 1, 1, 22, 2, NULL),
(1704, 193, 1, 1, 10, 3, NULL),
(1709, 193, 1, 1, 11, 3, NULL),
(1714, 193, 1, 1, 13, 2, NULL),
(1719, 193, 1, 1, 14, 3, NULL),
(1723, 193, 1, 1, 17, 2, NULL),
(1725, 193, 1, 1, 21, 2, NULL),
(1727, 193, 1, 1, 22, 2, NULL),
(1733, 196, 1, 1, 10, 1, NULL),
(1738, 196, 1, 1, 11, 2, NULL),
(1743, 196, 1, 1, 13, 1, NULL),
(1748, 196, 1, 1, 14, 1, NULL),
(1752, 196, 1, 1, 17, 2, NULL),
(1754, 196, 1, 1, 21, 1, NULL),
(1756, 196, 1, 1, 22, 1, NULL),
(1762, 217, 1, 1, 10, 2, NULL),
(1767, 217, 1, 1, 11, 3, NULL),
(1772, 217, 1, 1, 13, 2, NULL),
(1777, 217, 1, 1, 14, 2, NULL),
(1781, 217, 1, 1, 17, 2, NULL),
(1785, 217, 1, 1, 18, 2, NULL),
(1787, 217, 1, 1, 21, 2, NULL),
(1789, 217, 1, 1, 22, 2, NULL),
(1795, 239, 1, 1, 10, 3, NULL),
(1800, 239, 1, 1, 11, 3, NULL),
(1805, 239, 1, 1, 13, 2, NULL),
(1810, 239, 1, 1, 14, 3, NULL),
(1814, 239, 1, 1, 17, 2, NULL),
(1818, 239, 1, 1, 18, 2, NULL),
(1820, 239, 1, 1, 21, 2, NULL),
(1822, 239, 1, 1, 22, 2, NULL),
(1823, 23, 1, 1, 10, 2, NULL),
(1833, 23, 1, 1, 13, 1, NULL),
(1839, 42, 1, 1, 10, 2, NULL),
(1844, 42, 1, 1, 13, 1, NULL),
(1848, 42, 1, 1, 18, 2, NULL),
(1852, 23, 1, 1, 18, 1, NULL),
(1856, 55, 1, 1, 19, 1, NULL),
(1861, 55, 1, 1, 13, 2, NULL),
(1867, 55, 1, 1, 10, 1, NULL),
(1877, 58, 1, 1, 13, 2, NULL),
(1881, 58, 1, 1, 18, 2, NULL),
(1887, 71, 1, 1, 10, 1, NULL),
(1893, 58, 1, 1, 10, 2, NULL),
(1898, 71, 1, 1, 13, 1, NULL),
(1902, 71, 1, 1, 18, 2, NULL),
(1908, 97, 1, 1, 10, 2, NULL),
(1913, 97, 1, 1, 13, 2, NULL),
(1917, 97, 1, 1, 18, 3, NULL),
(1918, 120, 1, 1, 10, 3, NULL),
(1924, 120, 1, 1, 13, 2, NULL),
(1932, 120, 1, 1, 18, 2, NULL),
(1938, 150, 1, 1, 10, 3, NULL),
(1943, 150, 1, 1, 13, 3, NULL),
(1947, 150, 1, 1, 18, 1, NULL),
(1953, 156, 1, 1, 10, 3, NULL),
(1958, 156, 1, 1, 13, 2, NULL),
(1962, 156, 1, 1, 18, 3, NULL),
(1968, 175, 1, 1, 10, 1, NULL),
(1973, 175, 1, 1, 13, 2, NULL),
(1977, 175, 1, 1, 18, 2, NULL),
(1983, 179, 1, 1, 10, 2, NULL),
(1988, 179, 1, 1, 13, 2, NULL),
(1992, 179, 1, 1, 18, 2, NULL),
(1998, 187, 1, 1, 10, 2, NULL),
(2003, 187, 1, 1, 13, 2, NULL),
(2012, 216, 1, 1, 10, 3, NULL),
(2017, 216, 1, 1, 13, 2, NULL),
(2019, 216, 1, 1, 18, 3, NULL),
(2027, 232, 1, 1, 10, 3, NULL),
(2032, 232, 1, 1, 13, 2, NULL),
(2036, 232, 1, 1, 19, 2, NULL),
(2042, 318, 1, 1, 10, 1, NULL),
(2047, 318, 1, 1, 13, 1, NULL),
(2051, 318, 1, 1, 18, 2, NULL),
(2052, 322, 1, 1, 10, 2, NULL),
(2062, 322, 1, 1, 13, 1, NULL),
(2066, 322, 1, 1, 18, 1, NULL),
(2072, 347, 1, 1, 10, 3, NULL),
(2077, 347, 1, 1, 13, 2, NULL),
(2081, 347, 1, 1, 18, 2, NULL),
(2082, 351, 1, 1, 10, 2, NULL),
(2092, 351, 1, 1, 13, 2, NULL),
(2096, 351, 1, 1, 18, 3, NULL),
(2102, 354, 1, 1, 10, 1, NULL),
(2107, 354, 1, 1, 13, 1, NULL),
(2108, 354, 1, 1, 18, 1, NULL),
(2117, 245, 1, 1, 10, 3, NULL),
(2122, 245, 1, 1, 11, 3, NULL),
(2127, 245, 1, 1, 13, 3, NULL),
(2132, 245, 1, 1, 14, 3, NULL),
(2136, 245, 1, 1, 17, 3, NULL),
(2140, 245, 1, 1, 18, 3, NULL),
(2142, 245, 1, 1, 21, 3, NULL),
(2144, 245, 1, 1, 22, 3, NULL),
(2150, 278, 1, 1, 10, 4, NULL),
(2155, 278, 1, 1, 11, 3, NULL),
(2160, 278, 1, 1, 13, 3, NULL),
(2165, 278, 1, 1, 14, 3, NULL),
(2169, 278, 1, 1, 17, 3, NULL),
(2173, 278, 1, 1, 18, 3, NULL),
(2175, 278, 1, 1, 21, 3, NULL),
(2177, 278, 1, 1, 22, 3, NULL),
(2183, 279, 1, 1, 10, 4, NULL),
(2188, 279, 1, 1, 11, 3, NULL),
(2193, 279, 1, 1, 13, 3, NULL),
(2198, 279, 1, 1, 14, 3, NULL),
(2202, 279, 1, 1, 17, 3, NULL),
(2206, 279, 1, 1, 18, 3, NULL),
(2208, 279, 1, 1, 21, 4, NULL),
(2210, 279, 1, 1, 22, 4, NULL),
(2216, 303, 1, 1, 10, 2, NULL),
(2221, 303, 1, 1, 11, 2, NULL),
(2226, 303, 1, 1, 13, 2, NULL),
(2231, 303, 1, 1, 14, 2, NULL),
(2235, 303, 1, 1, 17, 2, NULL),
(2239, 303, 1, 1, 18, 2, NULL),
(2241, 303, 1, 1, 21, 1, NULL),
(2243, 303, 1, 1, 22, 1, NULL),
(2249, 312, 1, 1, 10, 1, NULL),
(2254, 312, 1, 1, 11, 2, NULL),
(2259, 312, 1, 1, 13, 2, NULL),
(2264, 312, 1, 1, 14, 2, NULL),
(2268, 312, 1, 1, 17, 2, NULL),
(2272, 312, 1, 1, 18, 1, NULL),
(2274, 312, 1, 1, 21, 1, NULL),
(2276, 312, 1, 1, 22, 1, NULL),
(2280, 196, 1, 1, 18, 1, NULL),
(2286, 348, 1, 1, 10, 3, NULL),
(2291, 348, 1, 1, 11, 3, NULL),
(2296, 348, 1, 1, 13, 3, NULL),
(2301, 348, 1, 1, 14, 3, NULL),
(2309, 348, 1, 1, 17, 3, NULL),
(2313, 348, 1, 1, 18, 3, NULL),
(2315, 348, 1, 1, 21, 3, NULL),
(2317, 348, 1, 1, 22, 3, NULL),
(2323, 359, 1, 1, 10, 1, NULL),
(2328, 359, 1, 1, 11, 2, NULL),
(2333, 359, 1, 1, 13, 1, NULL),
(2338, 359, 1, 1, 14, 1, NULL),
(2342, 359, 1, 1, 17, 2, NULL),
(2346, 359, 1, 1, 18, 1, NULL),
(2348, 359, 1, 1, 21, 1, NULL),
(2350, 359, 1, 1, 22, 1, NULL),
(2356, 365, 1, 1, 10, 2, NULL),
(2361, 365, 1, 1, 11, 2, NULL),
(2366, 365, 1, 1, 13, 1, NULL),
(2371, 365, 1, 1, 14, 1, NULL),
(2375, 365, 1, 1, 17, 2, NULL),
(2379, 365, 1, 1, 18, 2, NULL),
(2381, 365, 1, 1, 21, 2, NULL),
(2383, 365, 1, 1, 22, 2, NULL),
(2386, 33, 1, 1, 20, 3, NULL),
(2387, 59, 1, 1, 20, 2, NULL),
(2388, 91, 1, 1, 20, 1, NULL),
(2389, 94, 1, 1, 20, 2, NULL),
(2390, 102, 1, 1, 20, 3, NULL),
(2391, 135, 1, 1, 20, 2, NULL),
(2392, 186, 1, 1, 20, 2, NULL),
(2393, 208, 1, 1, 20, 1, NULL),
(2394, 257, 1, 1, 20, 2, NULL),
(2395, 268, 1, 1, 20, 2, NULL),
(2396, 269, 1, 1, 20, 2, NULL),
(2397, 277, 1, 1, 20, 2, NULL),
(2398, 299, 1, 1, 20, 3, NULL),
(2399, 314, 1, 1, 20, 3, NULL),
(2400, 315, 1, 1, 20, 2, NULL),
(2401, 328, 1, 1, 20, 2, NULL),
(2402, 342, 1, 1, 20, 3, NULL),
(2403, 356, 1, 1, 20, 3, NULL),
(2404, 360, 1, 1, 20, 3, NULL),
(2405, 367, 1, 1, 20, 2, NULL),
(2406, 394, 1, 1, 20, 2, NULL),
(2407, 397, 1, 1, 20, 2, NULL),
(2408, 407, 1, 1, 20, 2, NULL),
(2409, 409, 1, 1, 20, 3, NULL),
(2410, 411, 1, 1, 20, 3, NULL),
(2412, 33, 1, 1, 21, 4, NULL),
(2414, 33, 1, 1, 22, 4, NULL),
(2417, 59, 1, 1, 21, 2, NULL),
(2419, 59, 1, 1, 22, 2, NULL),
(2424, 59, 1, 1, 18, 2, NULL),
(2428, 33, 1, 1, 18, 3, NULL),
(2432, 91, 1, 1, 18, 1, NULL),
(2435, 91, 1, 1, 21, 1, NULL),
(2436, 91, 1, 1, 22, 1, NULL),
(2440, 94, 1, 1, 21, 2, NULL),
(2442, 94, 1, 1, 22, 2, NULL),
(2446, 94, 1, 1, 18, 2, NULL),
(2450, 102, 1, 1, 18, 3, NULL),
(2453, 102, 1, 1, 21, 3, NULL),
(2454, 102, 1, 1, 22, 3, NULL),
(2459, 135, 1, 1, 18, 3, NULL),
(2462, 135, 1, 1, 21, 3, NULL),
(2463, 135, 1, 1, 22, 3, NULL),
(2468, 186, 1, 1, 18, 2, NULL),
(2471, 186, 1, 1, 21, 3, NULL),
(2473, 186, 1, 1, 22, 2, NULL),
(2477, 208, 1, 1, 18, 2, NULL),
(2480, 208, 1, 1, 21, 2, NULL),
(2482, 208, 1, 1, 22, 2, NULL),
(2486, 257, 1, 1, 18, 2, NULL),
(2489, 257, 1, 1, 21, 2, NULL),
(2490, 257, 1, 1, 22, 2, NULL),
(2495, 268, 1, 1, 21, 2, NULL),
(2496, 268, 1, 1, 22, 1, NULL),
(2500, 268, 1, 1, 18, 2, NULL),
(2504, 269, 1, 1, 18, 2, NULL),
(2507, 269, 1, 1, 21, 2, NULL),
(2509, 269, 1, 1, 22, 3, NULL),
(2513, 277, 1, 1, 18, 2, NULL),
(2516, 277, 1, 1, 21, 2, NULL),
(2518, 277, 1, 1, 22, 2, NULL),
(2522, 299, 1, 1, 18, 3, NULL),
(2525, 299, 1, 1, 21, 3, NULL),
(2527, 299, 1, 1, 22, 3, NULL),
(2528, 314, 1, 1, 22, 4, NULL),
(2531, 314, 1, 1, 21, 4, NULL),
(2536, 314, 1, 1, 18, 3, NULL),
(2539, 315, 1, 1, 21, 3, NULL),
(2540, 315, 1, 1, 22, 3, NULL),
(2545, 315, 1, 1, 18, 3, NULL),
(2548, 328, 1, 1, 21, 2, NULL),
(2550, 328, 1, 1, 22, 2, NULL),
(2551, 328, 1, 1, 18, 2, NULL),
(2558, 342, 1, 1, 18, 3, NULL),
(2561, 342, 1, 1, 21, 3, NULL),
(2563, 342, 1, 1, 22, 3, NULL),
(2565, 356, 1, 1, 22, 3, NULL),
(2567, 356, 1, 1, 21, 4, NULL),
(2572, 356, 1, 1, 18, 3, NULL),
(2574, 360, 1, 1, 21, 4, NULL),
(2576, 360, 1, 1, 22, 3, NULL),
(2581, 360, 1, 1, 18, 3, NULL),
(2585, 367, 1, 1, 18, 3, NULL),
(2588, 367, 1, 1, 21, 2, NULL),
(2590, 367, 1, 1, 22, 2, NULL),
(2594, 394, 1, 1, 18, 3, NULL),
(2597, 394, 1, 1, 21, 3, NULL),
(2599, 394, 1, 1, 22, 3, NULL),
(2602, 397, 1, 1, 21, 3, NULL),
(2604, 397, 1, 1, 22, 3, NULL),
(2608, 397, 1, 1, 18, 3, NULL),
(2609, 407, 1, 1, 22, 2, NULL),
(2612, 407, 1, 1, 21, 2, NULL),
(2618, 409, 1, 1, 22, 4, NULL),
(2621, 409, 1, 1, 21, 4, NULL),
(2626, 409, 1, 1, 18, 3, NULL),
(2630, 411, 1, 1, 18, 3, NULL),
(2633, 411, 1, 1, 21, 3, NULL),
(2634, 411, 1, 1, 22, 3, NULL),
(2728, 23, 1, 1, 21, 1, NULL),
(2729, 23, 1, 1, 22, 1, NULL),
(2731, 42, 1, 1, 21, 3, NULL),
(2732, 42, 1, 1, 22, 2, NULL),
(2735, 55, 1, 1, 21, 1, NULL),
(2737, 55, 1, 1, 22, 1, NULL),
(2739, 58, 1, 1, 21, 3, NULL),
(2741, 58, 1, 1, 22, 3, NULL),
(2743, 71, 1, 1, 21, 1, NULL),
(2745, 71, 1, 1, 22, 1, NULL),
(2747, 97, 1, 1, 21, 3, NULL),
(2749, 97, 1, 1, 22, 1, NULL),
(2751, 120, 1, 1, 21, 3, NULL),
(2753, 120, 1, 1, 22, 3, NULL),
(2755, 150, 1, 1, 21, 2, NULL),
(2757, 150, 1, 1, 22, 3, NULL),
(2759, 156, 1, 1, 21, 3, NULL),
(2761, 156, 1, 1, 22, 3, NULL),
(2763, 175, 1, 1, 22, 2, NULL),
(2764, 175, 1, 1, 21, 1, NULL),
(2767, 179, 1, 1, 21, 3, NULL),
(2769, 179, 1, 1, 22, 3, NULL),
(2771, 187, 1, 1, 21, 2, NULL),
(2772, 187, 1, 1, 22, 2, NULL),
(2775, 216, 1, 1, 21, 3, NULL),
(2777, 216, 1, 1, 22, 3, NULL),
(2779, 232, 1, 1, 21, 3, NULL),
(2781, 232, 1, 1, 22, 3, NULL),
(2783, 318, 1, 1, 21, 2, NULL),
(2785, 318, 1, 1, 22, 1, NULL),
(2787, 322, 1, 1, 21, 1, NULL),
(2789, 322, 1, 1, 22, 1, NULL),
(2791, 347, 1, 1, 21, 3, NULL),
(2793, 347, 1, 1, 22, 3, NULL),
(2795, 351, 1, 1, 21, 3, NULL),
(2797, 351, 1, 1, 22, 3, NULL),
(2799, 354, 1, 1, 21, 1, NULL),
(2801, 354, 1, 1, 22, 1, NULL),
(2807, 19, 1, 1, 10, 1, NULL),
(2813, 19, 1, 1, 11, 1, NULL),
(2818, 19, 1, 1, 13, 2, NULL),
(2822, 19, 1, 1, 14, 1, NULL),
(2829, 19, 1, 1, 17, 1, NULL),
(2833, 19, 1, 1, 18, 1, NULL),
(2835, 19, 1, 1, 21, 1, NULL),
(2837, 19, 1, 1, 22, 1, NULL),
(2843, 27, 1, 1, 10, 2, NULL),
(2849, 27, 1, 1, 11, 2, NULL),
(2852, 27, 1, 1, 14, 2, NULL),
(2857, 27, 1, 1, 18, 2, NULL),
(2860, 27, 1, 1, 21, 2, NULL),
(2861, 27, 1, 1, 22, 2, NULL),
(2867, 46, 1, 1, 10, 3, NULL),
(2873, 46, 1, 1, 11, 3, NULL),
(2878, 46, 1, 1, 13, 3, NULL),
(2884, 46, 1, 1, 18, 2, NULL),
(2886, 46, 1, 1, 21, 3, NULL),
(2888, 46, 1, 1, 22, 3, NULL),
(2894, 76, 1, 1, 10, 2, NULL),
(2900, 76, 1, 1, 11, 2, NULL),
(2905, 76, 1, 1, 13, 1, NULL),
(2909, 76, 1, 1, 18, 2, NULL),
(2912, 76, 1, 1, 22, 2, NULL),
(2918, 101, 1, 1, 10, 3, NULL),
(2924, 101, 1, 1, 11, 3, NULL),
(2929, 101, 1, 1, 13, 4, NULL),
(2933, 101, 1, 1, 18, 3, NULL),
(2935, 101, 1, 1, 21, 4, NULL),
(2937, 101, 1, 1, 22, 3, NULL),
(2943, 128, 1, 1, 10, 1, NULL),
(2949, 128, 1, 1, 11, 1, NULL),
(2954, 128, 1, 1, 13, 1, NULL),
(2958, 128, 1, 1, 18, 1, NULL),
(2960, 128, 1, 1, 21, 1, NULL),
(2962, 128, 1, 1, 22, 1, NULL),
(2968, 151, 1, 1, 10, 3, NULL),
(2974, 151, 1, 1, 11, 3, NULL),
(2979, 151, 1, 1, 13, 3, NULL),
(2983, 151, 1, 1, 18, 3, NULL),
(2985, 151, 1, 1, 21, 3, NULL),
(2987, 151, 1, 1, 22, 3, NULL),
(2993, 163, 1, 1, 10, 1, NULL),
(2999, 163, 1, 1, 11, 1, NULL),
(3004, 163, 1, 1, 13, 2, NULL),
(3008, 163, 1, 1, 18, 1, NULL),
(3010, 163, 1, 1, 21, 1, NULL),
(3012, 163, 1, 1, 22, 1, NULL),
(3018, 174, 1, 1, 10, 1, NULL),
(3024, 174, 1, 1, 11, 2, NULL),
(3029, 174, 1, 1, 13, 2, NULL),
(3030, 174, 1, 1, 14, 1, NULL),
(3034, 174, 1, 1, 18, 1, NULL),
(3036, 174, 1, 1, 21, 1, NULL),
(3038, 174, 1, 1, 22, 1, NULL),
(3044, 206, 1, 1, 10, 3, NULL),
(3050, 206, 1, 1, 11, 3, NULL),
(3055, 206, 1, 1, 13, 3, NULL),
(3059, 206, 1, 1, 18, 2, NULL),
(3061, 206, 1, 1, 21, 3, NULL),
(3063, 206, 1, 1, 22, 3, NULL),
(3069, 210, 1, 1, 11, 2, NULL),
(3074, 210, 1, 1, 13, 3, NULL),
(3078, 210, 1, 1, 18, 3, NULL),
(3080, 210, 1, 1, 21, 3, NULL),
(3082, 210, 1, 1, 22, 3, NULL),
(3088, 249, 1, 1, 10, 3, NULL),
(3094, 249, 1, 1, 11, 3, NULL),
(3099, 249, 1, 1, 13, 4, NULL),
(3103, 249, 1, 1, 18, 1, NULL),
(3105, 249, 1, 1, 21, 2, NULL),
(3107, 249, 1, 1, 22, 3, NULL),
(3113, 255, 1, 1, 10, 3, NULL),
(3119, 255, 1, 1, 11, 3, NULL),
(3124, 255, 1, 1, 13, 3, NULL),
(3128, 255, 1, 1, 18, 1, NULL),
(3130, 255, 1, 1, 21, 3, NULL),
(3132, 255, 1, 1, 22, 3, NULL),
(3138, 265, 1, 1, 10, 3, NULL),
(3144, 265, 1, 1, 11, 3, NULL),
(3149, 265, 1, 1, 13, 2, NULL),
(3153, 265, 1, 1, 18, 2, NULL),
(3155, 265, 1, 1, 21, 3, NULL),
(3157, 265, 1, 1, 22, 3, NULL),
(3163, 274, 1, 1, 10, 2, NULL),
(3169, 274, 1, 1, 11, 2, NULL),
(3174, 274, 1, 1, 13, 1, NULL),
(3178, 274, 1, 1, 18, 1, NULL),
(3180, 274, 1, 1, 21, 1, NULL),
(3182, 274, 1, 1, 22, 1, NULL),
(3188, 280, 1, 1, 10, 1, NULL),
(3194, 280, 1, 1, 11, 1, NULL),
(3199, 280, 1, 1, 13, 2, NULL),
(3203, 280, 1, 1, 18, 1, NULL),
(3205, 280, 1, 1, 21, 1, NULL),
(3207, 280, 1, 1, 22, 1, NULL),
(3213, 289, 1, 1, 10, 3, NULL),
(3219, 289, 1, 1, 11, 3, NULL),
(3224, 289, 1, 1, 13, 3, NULL),
(3228, 289, 1, 1, 18, 2, NULL),
(3230, 289, 1, 1, 21, 3, NULL),
(3232, 289, 1, 1, 22, 3, NULL),
(3238, 291, 1, 1, 10, 3, NULL),
(3244, 291, 1, 1, 11, 3, NULL),
(3249, 291, 1, 1, 13, 3, NULL),
(3253, 291, 1, 1, 18, 3, NULL),
(3255, 291, 1, 1, 21, 3, NULL),
(3257, 291, 1, 1, 22, 3, NULL),
(3263, 336, 1, 1, 10, 2, NULL),
(3269, 336, 1, 1, 11, 2, NULL),
(3274, 336, 1, 1, 13, 2, NULL),
(3278, 336, 1, 1, 18, 2, NULL),
(3280, 336, 1, 1, 21, 2, NULL),
(3282, 336, 1, 1, 22, 2, NULL),
(3288, 338, 1, 1, 10, 2, NULL),
(3294, 338, 1, 1, 11, 2, NULL),
(3299, 338, 1, 1, 13, 2, NULL),
(3303, 338, 1, 1, 18, 1, NULL),
(3305, 338, 1, 1, 21, 1, NULL),
(3307, 338, 1, 1, 22, 1, NULL),
(3313, 345, 1, 1, 10, 3, NULL),
(3319, 345, 1, 1, 11, 3, NULL),
(3324, 345, 1, 1, 13, 3, NULL),
(3328, 345, 1, 1, 18, 2, NULL),
(3330, 345, 1, 1, 21, 3, NULL),
(3332, 345, 1, 1, 22, 3, NULL),
(3338, 353, 1, 1, 10, 3, NULL),
(3344, 353, 1, 1, 11, 3, NULL),
(3348, 353, 1, 1, 13, 3, NULL),
(3352, 353, 1, 1, 18, 2, NULL),
(3354, 353, 1, 1, 21, 3, NULL),
(3356, 353, 1, 1, 22, 3, NULL),
(3362, 379, 1, 1, 10, 2, NULL),
(3366, 379, 1, 1, 11, 2, NULL),
(3371, 379, 1, 1, 13, 1, NULL),
(3374, 379, 1, 1, 18, 2, NULL),
(3376, 379, 1, 1, 21, 2, NULL),
(3378, 379, 1, 1, 22, 1, NULL),
(3384, 412, 1, 1, 10, 3, NULL),
(3390, 412, 1, 1, 11, 3, NULL),
(3395, 412, 1, 1, 13, 3, NULL),
(3399, 412, 1, 1, 18, 1, NULL),
(3401, 412, 1, 1, 21, 3, NULL),
(3403, 412, 1, 1, 22, 3, NULL),
(3409, 424, 1, 1, 10, 3, NULL),
(3415, 424, 1, 1, 11, 3, NULL),
(3420, 424, 1, 1, 13, 3, NULL),
(3424, 424, 1, 1, 18, 2, NULL),
(3426, 424, 1, 1, 21, 2, NULL),
(3428, 424, 1, 1, 22, 2, NULL),
(3440, 21, 1, 1, 11, 1, NULL),
(3461, 21, 1, 1, 15, 3, NULL),
(3481, 92, 1, 1, 10, 4, NULL),
(3486, 92, 1, 1, 11, 4, NULL),
(3491, 92, 1, 1, 13, 3, NULL),
(3496, 92, 1, 1, 14, 3, NULL),
(3501, 92, 1, 1, 17, 3, NULL),
(3505, 92, 1, 1, 18, 3, NULL),
(3507, 92, 1, 1, 20, 3, NULL),
(3508, 92, 1, 1, 21, 4, NULL),
(3511, 92, 1, 1, 22, 4, NULL),
(3515, 14, 1, 1, 15, 2, NULL),
(3519, 32, 1, 1, 15, 3, NULL),
(3522, 50, 1, 1, 15, 2, NULL),
(3527, 75, 1, 1, 15, 2, NULL),
(3530, 116, 1, 1, 15, 2, NULL),
(3534, 159, 1, 1, 15, 3, NULL),
(3538, 161, 1, 1, 15, 3, NULL),
(3542, 165, 1, 1, 15, 1, NULL),
(3546, 194, 1, 1, 15, 2, NULL),
(3550, 234, 1, 1, 15, 2, NULL),
(3554, 230, 1, 1, 15, 2, NULL),
(3558, 252, 1, 1, 15, 2, NULL),
(3562, 270, 1, 1, 15, 2, NULL),
(3566, 275, 1, 1, 15, 2, NULL),
(3570, 290, 1, 1, 15, 2, NULL),
(3573, 293, 1, 1, 15, 1, NULL),
(3577, 302, 1, 1, 15, 2, NULL),
(3581, 324, 1, 1, 15, 1, NULL),
(3585, 330, 1, 1, 15, 2, NULL),
(3589, 331, 1, 1, 15, 2, NULL),
(3593, 335, 1, 1, 15, 1, NULL),
(3597, 349, 1, 1, 15, 2, NULL),
(3601, 371, 1, 1, 15, 1, NULL),
(3605, 373, 1, 1, 15, 2, NULL),
(3609, 383, 1, 1, 15, 2, NULL),
(3613, 17, 1, 1, 15, 1, NULL),
(3617, 25, 1, 1, 15, 2, NULL),
(3621, 43, 1, 1, 15, 3, NULL),
(3625, 61, 1, 1, 15, 1, NULL),
(3629, 79, 1, 1, 15, 2, NULL),
(3633, 96, 1, 1, 15, 3, NULL),
(3637, 125, 1, 1, 15, 2, NULL),
(3640, 136, 1, 1, 15, 2, NULL),
(3644, 148, 1, 1, 15, 3, NULL),
(3648, 157, 1, 1, 15, 1, NULL),
(3652, 168, 1, 1, 15, 3, NULL),
(3655, 176, 1, 1, 15, 2, NULL),
(3659, 193, 1, 1, 15, 2, NULL),
(3663, 196, 1, 1, 15, 2, NULL),
(3667, 217, 1, 1, 15, 2, NULL),
(3671, 239, 1, 1, 15, 1, NULL),
(3674, 245, 1, 1, 15, 3, NULL),
(3679, 246, 1, 1, 15, 1, NULL),
(3683, 279, 1, 1, 15, 3, NULL),
(3687, 278, 1, 1, 15, 3, NULL),
(3691, 303, 1, 1, 15, 2, NULL),
(3695, 312, 1, 1, 15, 1, NULL),
(3699, 348, 1, 1, 15, 3, NULL),
(3703, 359, 1, 1, 15, 1, NULL),
(3707, 365, 1, 1, 15, 2, NULL),
(3711, 34, 1, 1, 15, 2, NULL),
(3715, 48, 1, 1, 15, 2, NULL),
(3719, 62, 1, 1, 15, 2, NULL),
(3723, 82, 1, 1, 15, 1, NULL),
(3727, 140, 1, 1, 15, 2, NULL),
(3731, 198, 1, 1, 15, 2, NULL),
(3735, 205, 1, 1, 15, 1, NULL),
(3739, 227, 1, 1, 15, 2, NULL),
(3743, 256, 1, 1, 15, 1, NULL),
(3747, 305, 1, 1, 15, 2, NULL),
(3751, 313, 1, 1, 15, 1, NULL),
(3755, 317, 1, 1, 15, 1, NULL),
(3758, 332, 1, 1, 15, 1, NULL),
(3762, 341, 1, 1, 15, 3, NULL),
(3766, 344, 1, 1, 15, 2, NULL),
(3770, 399, 1, 1, 15, 2, NULL),
(3774, 404, 1, 1, 15, 2, NULL),
(3778, 23, 1, 1, 15, 1, NULL),
(3782, 42, 1, 1, 15, 2, NULL),
(3786, 55, 1, 1, 15, 1, NULL),
(3790, 58, 1, 1, 15, 2, NULL),
(3794, 71, 1, 1, 15, 1, NULL),
(3798, 97, 1, 1, 15, 2, NULL),
(3802, 120, 1, 1, 15, 2, NULL),
(3806, 150, 1, 1, 15, 2, NULL),
(3810, 156, 1, 1, 15, 3, NULL),
(3814, 175, 1, 1, 15, 2, NULL),
(3818, 179, 1, 1, 15, 1, NULL),
(3822, 216, 1, 1, 15, 2, NULL),
(3826, 187, 1, 1, 15, 2, NULL),
(3830, 232, 1, 1, 15, 2, NULL),
(3834, 318, 1, 1, 15, 1, NULL),
(3838, 322, 1, 1, 15, 1, NULL),
(3842, 347, 1, 1, 15, 2, NULL),
(3846, 351, 1, 1, 15, 2, NULL),
(3850, 354, 1, 1, 15, 2, NULL),
(3854, 420, 1, 1, 15, 2, NULL),
(3858, 18, 1, 1, 15, 2, NULL),
(3862, 41, 1, 1, 15, 2, NULL),
(3866, 68, 1, 1, 15, 3, NULL),
(3870, 124, 1, 1, 15, 2, NULL),
(3874, 131, 1, 1, 15, 1, NULL),
(3878, 132, 1, 1, 15, 1, NULL),
(3882, 144, 1, 1, 15, 2, NULL),
(3886, 182, 1, 1, 15, 1, NULL),
(3890, 191, 1, 1, 15, 2, NULL),
(3894, 192, 1, 1, 15, 1, NULL),
(3898, 220, 1, 1, 15, 2, NULL),
(3902, 237, 1, 1, 15, 1, NULL),
(3906, 250, 1, 1, 15, 2, NULL),
(3910, 263, 1, 1, 15, 2, NULL),
(3913, 287, 1, 1, 15, 2, NULL),
(3917, 320, 1, 1, 15, 2, NULL),
(3921, 326, 1, 1, 15, 1, NULL),
(3925, 327, 1, 1, 15, 1, NULL),
(3929, 333, 1, 1, 15, 2, NULL),
(3933, 340, 1, 1, 15, 2, NULL),
(3937, 363, 1, 1, 15, 3, NULL),
(3941, 374, 1, 1, 15, 1, NULL),
(3945, 395, 1, 1, 15, 3, NULL),
(3949, 415, 1, 1, 15, 1, NULL),
(3953, 13, 1, 1, 15, 2, NULL),
(3957, 105, 1, 1, 15, 2, NULL),
(3961, 110, 1, 1, 15, 1, NULL),
(3965, 111, 1, 1, 15, 1, NULL),
(3969, 141, 1, 1, 15, 2, NULL),
(3973, 153, 1, 1, 15, 2, NULL),
(3977, 167, 1, 1, 15, 1, NULL),
(3981, 201, 1, 1, 15, 2, NULL),
(3985, 218, 1, 1, 15, 1, NULL),
(3989, 241, 1, 1, 15, 1, NULL),
(3993, 261, 1, 1, 15, 2, NULL),
(3997, 288, 1, 1, 15, 2, NULL),
(4001, 292, 1, 1, 15, 1, NULL),
(4005, 297, 1, 1, 15, 2, NULL),
(4009, 300, 1, 1, 15, 2, NULL),
(4013, 311, 1, 1, 15, 2, NULL),
(4017, 350, 1, 1, 15, 3, NULL),
(4021, 376, 1, 1, 15, 1, NULL),
(4025, 400, 1, 1, 15, 1, NULL),
(4029, 402, 1, 1, 15, 2, NULL),
(4033, 417, 1, 1, 15, 1, NULL),
(4037, 422, 1, 1, 15, 2, NULL),
(4041, 19, 1, 1, 15, 1, NULL),
(4048, 46, 1, 1, 15, 3, NULL),
(4052, 76, 1, 1, 15, 1, NULL),
(4056, 101, 1, 1, 15, 2, NULL),
(4060, 128, 1, 1, 15, 1, NULL),
(4064, 151, 1, 1, 15, 3, NULL),
(4068, 163, 1, 1, 15, 1, NULL),
(4072, 174, 1, 1, 15, 1, NULL),
(4075, 206, 1, 1, 15, 2, NULL),
(4078, 210, 1, 1, 15, 2, NULL),
(4082, 249, 1, 1, 15, 2, NULL),
(4086, 255, 1, 1, 15, 2, NULL),
(4090, 265, 1, 1, 15, 2, NULL),
(4094, 274, 1, 1, 15, 1, NULL),
(4098, 280, 1, 1, 15, 1, NULL),
(4102, 289, 1, 1, 15, 2, NULL),
(4106, 291, 1, 1, 15, 2, NULL),
(4110, 336, 1, 1, 15, 2, NULL),
(4114, 338, 1, 1, 15, 1, NULL),
(4118, 345, 1, 1, 15, 2, NULL),
(4122, 353, 1, 1, 15, 2, NULL),
(4126, 379, 1, 1, 15, 1, NULL),
(4130, 412, 1, 1, 15, 2, NULL),
(4134, 424, 1, 1, 15, 2, NULL),
(4138, 37, 1, 1, 15, 2, NULL),
(4142, 40, 1, 1, 15, 2, NULL),
(4146, 60, 1, 1, 15, 2, NULL),
(4150, 74, 1, 1, 15, 2, NULL),
(4154, 80, 1, 1, 15, 1, NULL),
(4158, 87, 1, 1, 15, 1, NULL),
(4162, 104, 1, 1, 15, 3, NULL),
(4169, 127, 1, 1, 15, 2, NULL),
(4173, 137, 1, 1, 15, 2, NULL),
(4177, 155, 1, 1, 15, 2, NULL),
(4181, 160, 1, 1, 15, 2, NULL),
(4185, 169, 1, 1, 15, 2, NULL),
(4188, 172, 1, 1, 15, 1, NULL),
(4193, 197, 1, 1, 15, 2, NULL),
(4197, 212, 1, 1, 15, 1, NULL),
(4201, 259, 1, 1, 15, 2, NULL),
(4205, 281, 1, 1, 15, 3, NULL),
(4209, 362, 1, 1, 15, 1, NULL),
(4213, 366, 1, 1, 15, 2, NULL),
(4217, 388, 1, 1, 15, 2, NULL),
(4220, 403, 1, 1, 15, 2, NULL),
(4224, 421, 1, 1, 15, 2, NULL),
(4227, 423, 1, 1, 15, 2, NULL),
(4231, 54, 1, 1, 15, 2, NULL),
(4235, 57, 1, 1, 15, 1, NULL),
(4239, 63, 1, 1, 15, 2, NULL),
(4243, 69, 1, 1, 15, 2, NULL),
(4247, 70, 1, 1, 15, 1, NULL),
(4251, 84, 1, 1, 15, 2, NULL),
(4255, 108, 1, 1, 15, 2, NULL),
(4259, 134, 1, 1, 15, 1, NULL),
(4263, 170, 1, 1, 15, 1, NULL),
(4267, 190, 1, 1, 15, 1, NULL),
(4271, 214, 1, 1, 15, 1, NULL),
(4275, 228, 1, 1, 15, 1, NULL),
(4279, 236, 1, 1, 15, 2, NULL),
(4283, 240, 1, 1, 15, 1, NULL),
(4287, 244, 1, 1, 15, 1, NULL),
(4291, 247, 1, 1, 15, 1, NULL),
(4295, 267, 1, 1, 15, 3, NULL),
(4299, 294, 1, 1, 15, 2, NULL),
(4303, 304, 1, 1, 15, 1, NULL),
(4307, 398, 1, 1, 15, 2, NULL),
(4311, 406, 1, 1, 15, 2, NULL),
(4318, 22, 1, 1, 15, 2, NULL),
(4322, 24, 1, 1, 15, 1, NULL),
(4326, 49, 1, 1, 15, 2, NULL),
(4330, 92, 1, 1, 15, 3, NULL),
(4334, 100, 1, 1, 15, 3, NULL),
(4338, 106, 1, 1, 15, 3, NULL),
(4342, 123, 1, 1, 15, 1, NULL),
(4346, 126, 1, 1, 15, 2, NULL),
(4350, 145, 1, 1, 15, 3, NULL),
(4354, 147, 1, 1, 15, 2, NULL),
(4358, 146, 1, 1, 15, 1, NULL),
(4362, 204, 1, 1, 15, 1, NULL),
(4366, 213, 1, 1, 15, 2, NULL),
(4370, 221, 1, 1, 15, 2, NULL),
(4373, 238, 1, 1, 15, 2, NULL),
(4377, 253, 1, 1, 15, 1, NULL),
(4381, 310, 1, 1, 15, 3, NULL),
(4385, 319, 1, 1, 15, 1, NULL),
(4389, 337, 1, 1, 15, 2, NULL),
(4393, 390, 1, 1, 15, 2, NULL),
(4397, 33, 1, 1, 15, 3, NULL),
(4401, 59, 1, 1, 15, 2, NULL),
(4405, 91, 1, 1, 15, 1, NULL),
(4409, 94, 1, 1, 15, 2, NULL),
(4413, 102, 1, 1, 15, 2, NULL),
(4417, 135, 1, 1, 15, 2, NULL),
(4421, 186, 1, 1, 15, 2, NULL),
(4425, 208, 1, 1, 15, 2, NULL),
(4429, 257, 1, 1, 15, 2, NULL),
(4433, 268, 1, 1, 15, 1, NULL),
(4437, 269, 1, 1, 15, 2, NULL),
(4441, 277, 1, 1, 15, 1, NULL),
(4445, 299, 1, 1, 15, 2, NULL),
(4449, 314, 1, 1, 15, 3, NULL),
(4453, 315, 1, 1, 15, 1, NULL),
(4457, 328, 1, 1, 15, 1, NULL),
(4461, 342, 1, 1, 15, 2, NULL),
(4465, 356, 1, 1, 15, 2, NULL),
(4469, 360, 1, 1, 15, 3, NULL),
(4473, 367, 1, 1, 15, 1, NULL),
(4477, 394, 1, 1, 15, 2, NULL),
(4481, 397, 1, 1, 15, 3, NULL),
(4485, 407, 1, 1, 15, 1, NULL),
(4489, 409, 1, 1, 15, 2, NULL),
(4493, 411, 1, 1, 15, 2, NULL),
(4497, 20, 1, 1, 15, 3, NULL),
(4501, 31, 1, 1, 15, 2, NULL),
(4505, 51, 1, 1, 15, 2, NULL),
(4509, 83, 1, 1, 15, 1, NULL),
(4513, 88, 1, 1, 15, 2, NULL),
(4517, 103, 1, 1, 15, 2, NULL),
(4521, 114, 1, 1, 15, 3, NULL),
(4524, 139, 1, 1, 15, 2, NULL),
(4528, 183, 1, 1, 15, 1, NULL),
(4532, 184, 1, 1, 15, 1, NULL),
(4536, 185, 1, 1, 15, 1, NULL),
(4540, 235, 1, 1, 15, 2, NULL),
(4544, 248, 1, 1, 15, 3, NULL),
(4548, 258, 1, 1, 15, 1, NULL),
(4552, 272, 1, 1, 15, 2, NULL),
(4556, 273, 1, 1, 15, 2, NULL),
(4560, 296, 1, 1, 15, 1, NULL),
(4564, 309, 1, 1, 15, 1, NULL),
(4568, 339, 1, 1, 15, 2, NULL),
(4572, 358, 1, 1, 15, 3, NULL),
(4576, 377, 1, 1, 15, 3, NULL),
(4580, 387, 1, 1, 15, 2, NULL),
(4586, 106, 1, 1, 10, 4, NULL),
(4592, 106, 1, 1, 11, 3, NULL),
(4597, 106, 1, 1, 13, 4, NULL),
(4602, 106, 1, 1, 14, 3, NULL),
(4605, 106, 1, 1, 17, 3, NULL),
(4610, 106, 1, 1, 18, 3, NULL),
(4612, 106, 1, 1, 20, 3, NULL),
(4614, 106, 1, 1, 21, 4, NULL),
(4615, 106, 1, 1, 22, 4, NULL),
(4622, 145, 1, 1, 10, 4, NULL),
(4628, 145, 1, 1, 11, 4, NULL),
(4633, 145, 1, 1, 13, 4, NULL),
(4638, 145, 1, 1, 14, 3, NULL),
(4642, 145, 1, 1, 17, 3, NULL),
(4646, 145, 1, 1, 18, 3, NULL),
(4648, 145, 1, 1, 20, 3, NULL),
(4650, 145, 1, 1, 21, 4, NULL),
(4652, 145, 1, 1, 22, 4, NULL),
(4658, 310, 1, 1, 10, 3, NULL),
(4664, 310, 1, 1, 11, 3, NULL),
(4669, 310, 1, 1, 13, 4, NULL),
(4674, 310, 1, 1, 14, 3, NULL),
(4678, 310, 1, 1, 18, 4, NULL),
(4680, 310, 1, 1, 20, 3, NULL),
(4682, 310, 1, 1, 21, 4, NULL),
(4684, 310, 1, 1, 22, 4, NULL),
(4689, 33, 1, 1, 12, 4, NULL),
(4694, 59, 1, 1, 12, 2, NULL),
(4699, 91, 1, 1, 12, 1, NULL),
(4704, 94, 1, 1, 12, 2, NULL),
(4709, 102, 1, 1, 12, 3, NULL),
(4714, 135, 1, 1, 12, 2, NULL),
(4719, 186, 1, 1, 12, 2, NULL),
(4724, 208, 1, 1, 12, 1, NULL),
(4729, 257, 1, 1, 12, 3, NULL),
(4734, 268, 1, 1, 12, 2, NULL),
(4739, 269, 1, 1, 12, 2, NULL),
(4744, 277, 1, 1, 12, 2, NULL),
(4749, 299, 1, 1, 12, 2, NULL),
(4754, 314, 1, 1, 12, 4, NULL),
(4759, 315, 1, 1, 12, 2, NULL),
(4764, 328, 1, 1, 12, 1, NULL),
(4769, 342, 1, 1, 12, 4, NULL),
(4774, 356, 1, 1, 12, 4, NULL),
(4779, 360, 1, 1, 12, 4, NULL),
(4784, 367, 1, 1, 12, 2, NULL),
(4789, 394, 1, 1, 12, 3, NULL),
(4794, 397, 1, 1, 12, 3, NULL),
(4799, 407, 1, 1, 12, 2, NULL),
(4804, 409, 1, 1, 12, 4, NULL),
(4809, 411, 1, 1, 12, 4, NULL),
(4814, 20, 1, 1, 12, 3, NULL),
(4819, 31, 1, 1, 12, 2, NULL),
(4824, 51, 1, 1, 12, 2, NULL),
(4829, 83, 1, 1, 12, 1, NULL),
(4834, 88, 1, 1, 12, 4, NULL),
(4839, 103, 1, 1, 12, 3, NULL),
(4844, 114, 1, 1, 12, 4, NULL),
(4849, 139, 1, 1, 12, 2, NULL),
(4854, 183, 1, 1, 12, 2, NULL),
(4859, 184, 1, 1, 12, 3, NULL),
(4864, 185, 1, 1, 12, 1, NULL),
(4869, 235, 1, 1, 12, 4, NULL),
(4874, 248, 1, 1, 12, 3, NULL),
(4879, 258, 1, 1, 12, 2, NULL),
(4883, 272, 1, 1, 12, 2, NULL),
(4889, 273, 1, 1, 12, 3, NULL),
(4894, 296, 1, 1, 12, 3, NULL),
(4899, 309, 1, 1, 12, 2, NULL),
(4904, 339, 1, 1, 12, 2, NULL),
(4909, 358, 1, 1, 12, 3, NULL),
(4914, 377, 1, 1, 12, 2, NULL),
(4919, 387, 1, 1, 12, 4, NULL),
(4923, 34, 1, 1, 17, 2, NULL),
(4927, 48, 1, 1, 17, 2, NULL),
(4931, 62, 1, 1, 17, 2, NULL),
(4935, 82, 1, 1, 17, 2, NULL),
(4939, 140, 1, 1, 17, 2, NULL),
(4943, 198, 1, 1, 17, 2, NULL),
(4947, 205, 1, 1, 17, 2, NULL),
(4951, 227, 1, 1, 17, 3, NULL),
(4955, 256, 1, 1, 17, 3, NULL),
(4959, 305, 1, 1, 17, 2, NULL),
(4963, 313, 1, 1, 17, 1, NULL),
(4967, 317, 1, 1, 17, 1, NULL),
(4971, 332, 1, 1, 17, 1, NULL),
(4975, 341, 1, 1, 17, 3, NULL),
(4979, 344, 1, 1, 17, 1, NULL),
(4983, 399, 1, 1, 17, 2, NULL),
(4987, 404, 1, 1, 17, 2, NULL),
(4988, 34, 1, 1, 19, 2, NULL),
(4989, 48, 1, 1, 20, 1, NULL),
(4992, 34, 1, 1, 20, 2, NULL),
(4994, 62, 1, 1, 20, 1, NULL),
(4996, 82, 1, 1, 20, 1, NULL),
(4998, 140, 1, 1, 20, 2, NULL),
(5000, 198, 1, 1, 20, 2, NULL),
(5002, 205, 1, 1, 20, 1, NULL),
(5004, 227, 1, 1, 20, 2, NULL),
(5006, 256, 1, 1, 20, 1, NULL),
(5008, 305, 1, 1, 20, 2, NULL),
(5010, 313, 1, 1, 20, 2, NULL),
(5012, 317, 1, 1, 20, 1, NULL),
(5014, 332, 1, 1, 20, 1, NULL),
(5016, 341, 1, 1, 20, 2, NULL),
(5018, 344, 1, 1, 20, 1, NULL),
(5020, 399, 1, 1, 20, 1, NULL),
(5022, 404, 1, 1, 20, 1, NULL),
(5030, 23, 1, 1, 11, 1, NULL),
(5034, 42, 1, 1, 11, 2, NULL),
(5038, 55, 1, 1, 11, 2, NULL),
(5043, 58, 1, 1, 11, 3, NULL),
(5047, 71, 1, 1, 11, 1, NULL),
(5051, 97, 1, 1, 11, 3, NULL),
(5055, 120, 1, 1, 11, 3, NULL),
(5059, 150, 1, 1, 11, 3, NULL),
(5063, 156, 1, 1, 11, 3, NULL),
(5067, 175, 1, 1, 11, 3, NULL),
(5071, 179, 1, 1, 11, 2, NULL),
(5075, 187, 1, 1, 11, 2, NULL),
(5079, 216, 1, 1, 11, 3, NULL),
(5083, 232, 1, 1, 11, 2, NULL),
(5087, 318, 1, 1, 11, 1, NULL),
(5091, 322, 1, 1, 11, 2, NULL),
(5095, 347, 1, 1, 11, 2, NULL),
(5099, 351, 1, 1, 11, 2, NULL),
(5103, 354, 1, 1, 11, 1, NULL),
(5107, 420, 1, 1, 11, 2, NULL),
(5111, 34, 1, 1, 11, 2, NULL),
(5115, 48, 1, 1, 11, 2, NULL),
(5119, 62, 1, 1, 11, 2, NULL),
(5123, 82, 1, 1, 11, 2, NULL),
(5127, 140, 1, 1, 11, 3, NULL),
(5131, 198, 1, 1, 11, 2, NULL),
(5135, 205, 1, 1, 11, 2, NULL),
(5139, 227, 1, 1, 11, 3, NULL),
(5143, 256, 1, 1, 11, 2, NULL),
(5147, 305, 1, 1, 11, 1, NULL),
(5151, 313, 1, 1, 11, 1, NULL),
(5155, 317, 1, 1, 11, 2, NULL),
(5159, 332, 1, 1, 11, 1, NULL),
(5163, 341, 1, 1, 11, 3, NULL),
(5167, 344, 1, 1, 11, 2, NULL),
(5171, 399, 1, 1, 11, 2, NULL),
(5175, 404, 1, 1, 11, 2, NULL),
(5181, 34, 1, 1, 10, 2, NULL),
(5187, 48, 1, 1, 10, 2, NULL),
(5193, 62, 1, 1, 10, 2, NULL),
(5199, 82, 1, 1, 10, 2, NULL),
(5205, 140, 1, 1, 10, 3, NULL),
(5211, 198, 1, 1, 10, 4, NULL),
(5217, 205, 1, 1, 10, 1, NULL),
(5223, 227, 1, 1, 10, 3, NULL),
(5229, 256, 1, 1, 10, 2, NULL),
(5235, 305, 1, 1, 10, 2, NULL),
(5240, 313, 1, 1, 10, 2, NULL),
(5246, 317, 1, 1, 10, 2, NULL),
(5252, 332, 1, 1, 10, 2, NULL),
(5257, 341, 1, 1, 10, 4, NULL),
(5264, 344, 1, 1, 10, 2, NULL),
(5270, 399, 1, 1, 10, 2, NULL),
(5276, 404, 1, 1, 10, 2, NULL),
(5281, 34, 1, 1, 13, 3, NULL),
(5286, 48, 1, 1, 13, 2, NULL),
(5291, 62, 1, 1, 13, 2, NULL),
(5296, 82, 1, 1, 13, 2, NULL),
(5301, 140, 1, 1, 13, 2, NULL),
(5306, 198, 1, 1, 13, 2, NULL),
(5311, 205, 1, 1, 13, 2, NULL),
(5316, 227, 1, 1, 13, 3, NULL),
(5321, 256, 1, 1, 13, 1, NULL),
(5329, 18, 1, 1, 12, 2, NULL),
(5331, 305, 1, 1, 13, 2, NULL),
(5337, 41, 1, 1, 12, 1, NULL),
(5341, 313, 1, 1, 13, 2, NULL),
(5350, 68, 1, 1, 12, 2, NULL),
(5351, 317, 1, 1, 13, 2, NULL),
(5359, 124, 1, 1, 12, 2, NULL),
(5361, 332, 1, 1, 13, 1, NULL),
(5367, 131, 1, 1, 12, 1, NULL),
(5375, 341, 1, 1, 13, 2, NULL),
(5376, 132, 1, 1, 12, 1, NULL),
(5385, 344, 1, 1, 13, 2, NULL),
(5386, 144, 1, 1, 12, 2, NULL),
(5393, 182, 1, 1, 12, 1, NULL),
(5398, 399, 1, 1, 13, 2, NULL),
(5401, 191, 1, 1, 12, 1, NULL),
(5406, 192, 1, 1, 12, 1, NULL),
(5415, 220, 1, 1, 12, 3, NULL),
(5419, 404, 1, 1, 13, 2, NULL),
(5421, 237, 1, 1, 12, 2, NULL),
(5426, 250, 1, 1, 12, 1, NULL),
(5431, 263, 1, 1, 12, 2, NULL),
(5436, 287, 1, 1, 12, 4, NULL),
(5441, 320, 1, 1, 12, 1, NULL),
(5446, 326, 1, 1, 12, 1, NULL),
(5451, 327, 1, 1, 12, 1, NULL),
(5452, 333, 1, 1, 12, 2, NULL),
(5461, 340, 1, 1, 12, 1, NULL),
(5466, 363, 1, 1, 12, 2, NULL),
(5471, 374, 1, 1, 12, 1, NULL),
(5476, 395, 1, 1, 12, 3, NULL),
(5481, 415, 1, 1, 12, 2, NULL),
(5486, 13, 1, 1, 12, 2, NULL),
(5491, 105, 1, 1, 12, 3, NULL),
(5496, 110, 1, 1, 12, 1, NULL),
(5501, 111, 1, 1, 12, 1, NULL),
(5506, 141, 1, 1, 12, 1, NULL),
(5511, 153, 1, 1, 12, 2, NULL),
(5516, 167, 1, 1, 12, 1, NULL),
(5521, 201, 1, 1, 12, 2, NULL),
(5526, 218, 1, 1, 12, 3, NULL),
(5531, 241, 1, 1, 12, 1, NULL),
(5536, 261, 1, 1, 12, 2, NULL),
(5541, 288, 1, 1, 12, 2, NULL),
(5546, 292, 1, 1, 12, 1, NULL),
(5551, 297, 1, 1, 12, 2, NULL),
(5556, 300, 1, 1, 12, 2, NULL),
(5561, 311, 1, 1, 12, 3, NULL),
(5566, 350, 1, 1, 12, 3, NULL),
(5568, 34, 1, 1, 18, 3, NULL),
(5572, 376, 1, 1, 12, 1, NULL),
(5573, 48, 1, 1, 18, 2, NULL),
(5578, 400, 1, 1, 12, 1, NULL),
(5579, 62, 1, 1, 18, 3, NULL),
(5581, 82, 1, 1, 19, 2, NULL),
(5583, 140, 1, 1, 19, 2, NULL),
(5586, 198, 1, 1, 19, 3, NULL),
(5587, 402, 1, 1, 12, 3, NULL),
(5592, 417, 1, 1, 12, 1, NULL),
(5593, 205, 1, 1, 18, 1, NULL),
(5598, 422, 1, 1, 12, 2, NULL),
(5599, 227, 1, 1, 18, 2, NULL),
(5600, 256, 1, 1, 19, 2, NULL),
(5601, 305, 1, 1, 18, 3, NULL),
(5602, 313, 1, 1, 18, 2, NULL),
(5603, 317, 1, 1, 18, 2, NULL),
(5607, 332, 1, 1, 18, 2, NULL),
(5609, 341, 1, 1, 18, 3, NULL),
(5610, 37, 1, 1, 12, 2, NULL),
(5615, 399, 1, 1, 19, 2, NULL),
(5616, 40, 1, 1, 12, 1, NULL),
(5617, 404, 1, 1, 19, 2, NULL),
(5622, 60, 1, 1, 12, 3, NULL),
(5627, 74, 1, 1, 12, 2, NULL),
(5632, 34, 1, 1, 21, 2, NULL),
(5633, 80, 1, 1, 12, 1, NULL),
(5638, 48, 1, 1, 21, 3, NULL),
(5639, 87, 1, 1, 12, 1, NULL),
(5640, 62, 1, 1, 21, 2, NULL),
(5641, 104, 1, 1, 12, 3, NULL),
(5643, 82, 1, 1, 21, 2, NULL),
(5647, 140, 1, 1, 21, 2, NULL),
(5648, 198, 1, 1, 21, 3, NULL),
(5649, 205, 1, 1, 21, 1, NULL),
(5650, 227, 1, 1, 21, 2, NULL),
(5651, 256, 1, 1, 21, 2, NULL),
(5652, 305, 1, 1, 21, 1, NULL),
(5653, 313, 1, 1, 21, 1, NULL),
(5654, 317, 1, 1, 21, 1, NULL),
(5655, 332, 1, 1, 21, 1, NULL),
(5656, 341, 1, 1, 21, 3, NULL),
(5657, 344, 1, 1, 21, 2, NULL),
(5658, 399, 1, 1, 21, 1, NULL),
(5659, 404, 1, 1, 21, 2, NULL),
(5661, 34, 1, 1, 22, 2, NULL),
(5663, 48, 1, 1, 22, 3, NULL),
(5664, 62, 1, 1, 22, 2, NULL),
(5667, 82, 1, 1, 22, 2, NULL),
(5669, 140, 1, 1, 22, 1, NULL),
(5671, 198, 1, 1, 22, 3, NULL),
(5673, 205, 1, 1, 22, 1, NULL),
(5675, 227, 1, 1, 22, 3, NULL),
(5677, 256, 1, 1, 22, 2, NULL),
(5678, 305, 1, 1, 22, 2, NULL),
(5680, 313, 1, 1, 22, 1, NULL),
(5682, 317, 1, 1, 22, 2, NULL),
(5684, 332, 1, 1, 22, 1, NULL),
(5686, 341, 1, 1, 22, 3, NULL),
(5688, 344, 1, 1, 22, 2, NULL),
(5690, 399, 1, 1, 22, 1, NULL),
(5692, 404, 1, 1, 22, 2, NULL),
(5697, 107, 1, 1, 12, 2, NULL),
(5702, 127, 1, 1, 12, 3, NULL),
(5707, 137, 1, 1, 12, 2, NULL),
(5709, 34, 1, 1, 14, 3, NULL),
(5714, 155, 1, 1, 12, 2, NULL),
(5716, 48, 1, 1, 14, 2, NULL),
(5718, 62, 1, 1, 14, 2, NULL),
(5721, 82, 1, 1, 14, 1, NULL),
(5725, 169, 1, 1, 12, 2, NULL),
(5730, 140, 1, 1, 14, 2, NULL),
(5732, 172, 1, 1, 12, 2, NULL),
(5735, 198, 1, 1, 14, 3, NULL),
(5739, 197, 1, 1, 12, 1, NULL),
(5741, 205, 1, 1, 14, 1, NULL),
(5746, 212, 1, 1, 12, 1, NULL),
(5752, 259, 1, 1, 12, 2, NULL),
(5753, 227, 1, 1, 14, 2, NULL),
(5757, 256, 1, 1, 14, 1, NULL),
(5760, 281, 1, 1, 12, 2, NULL),
(5765, 362, 1, 1, 12, 1, NULL),
(5769, 305, 1, 1, 14, 1, NULL),
(5772, 366, 1, 1, 12, 2, NULL),
(5775, 313, 1, 1, 14, 1, NULL),
(5779, 388, 1, 1, 12, 3, NULL),
(5781, 317, 1, 1, 14, 2, NULL),
(5783, 332, 1, 1, 14, 1, NULL),
(5788, 341, 1, 1, 14, 3, NULL),
(5791, 403, 1, 1, 12, 2, NULL),
(5792, 344, 1, 1, 14, 2, NULL),
(5794, 399, 1, 1, 14, 1, NULL),
(5796, 404, 1, 1, 14, 2, NULL),
(5801, 421, 1, 1, 12, 1, NULL),
(5806, 423, 1, 1, 12, 3, NULL),
(5811, 54, 1, 1, 12, 1, NULL),
(5816, 57, 1, 1, 12, 3, NULL),
(5821, 63, 1, 1, 12, 2, NULL),
(5826, 69, 1, 1, 12, 4, NULL),
(5831, 70, 1, 1, 12, 1, NULL),
(5836, 84, 1, 1, 12, 2, NULL),
(5841, 134, 1, 1, 12, 1, NULL),
(5846, 170, 1, 1, 12, 1, NULL),
(5851, 190, 1, 1, 12, 2, NULL),
(5856, 214, 1, 1, 12, 3, NULL),
(5861, 228, 1, 1, 12, 2, NULL),
(5866, 236, 1, 1, 12, 2, NULL),
(5871, 240, 1, 1, 12, 2, NULL),
(5876, 244, 1, 1, 12, 2, NULL),
(5881, 247, 1, 1, 12, 2, NULL),
(5886, 267, 1, 1, 12, 4, NULL),
(5891, 294, 1, 1, 12, 2, NULL),
(5896, 304, 1, 1, 12, 3, NULL),
(5901, 398, 1, 1, 12, 4, NULL),
(5906, 406, 1, 1, 12, 4, NULL),
(5911, 21, 1, 1, 12, 4, NULL),
(5916, 22, 1, 1, 12, 2, NULL),
(5921, 24, 1, 1, 12, 1, NULL),
(5926, 49, 1, 1, 12, 3, NULL),
(5931, 92, 1, 1, 12, 4, NULL),
(5936, 100, 1, 1, 12, 4, NULL),
(5941, 106, 1, 1, 12, 4, NULL),
(5946, 123, 1, 1, 12, 1, NULL),
(5951, 126, 1, 1, 12, 4, NULL),
(5956, 146, 1, 1, 12, 2, NULL),
(5961, 145, 1, 1, 12, 3, NULL),
(5966, 147, 1, 1, 12, 3, NULL),
(5971, 204, 1, 1, 12, 1, NULL),
(5976, 213, 1, 1, 12, 3, NULL),
(5981, 238, 1, 1, 12, 2, NULL),
(5986, 253, 1, 1, 12, 2, NULL),
(5991, 319, 1, 1, 12, 1, NULL),
(5996, 310, 1, 1, 12, 3, NULL),
(6001, 337, 1, 1, 12, 2, NULL),
(6006, 390, 1, 1, 12, 2, NULL),
(6011, 221, 1, 1, 12, 3, NULL),
(6013, 14, 1, 1, 12, 3, NULL),
(6017, 32, 1, 1, 12, 3, NULL),
(6020, 50, 1, 1, 12, 3, NULL),
(6023, 75, 1, 1, 12, 2, NULL),
(6026, 116, 1, 1, 12, 2, NULL),
(6029, 159, 1, 1, 12, 2, NULL),
(6032, 161, 1, 1, 12, 3, NULL),
(6035, 165, 1, 1, 12, 3, NULL),
(6038, 194, 1, 1, 12, 1, NULL),
(6041, 230, 1, 1, 12, 3, NULL),
(6044, 234, 1, 1, 12, 3, NULL),
(6047, 252, 1, 1, 12, 2, NULL),
(6050, 270, 1, 1, 12, 2, NULL),
(6053, 275, 1, 1, 12, 2, NULL),
(6056, 290, 1, 1, 12, 3, NULL),
(6059, 293, 1, 1, 12, 1, NULL),
(6062, 302, 1, 1, 12, 1, NULL),
(6065, 324, 1, 1, 12, 2, NULL),
(6068, 330, 1, 1, 12, 2, NULL),
(6071, 331, 1, 1, 12, 2, NULL),
(6074, 335, 1, 1, 12, 3, NULL),
(6077, 349, 1, 1, 12, 2, NULL),
(6080, 371, 1, 1, 12, 2, NULL),
(6083, 373, 1, 1, 12, 1, NULL),
(6086, 383, 1, 1, 12, 3, NULL),
(6089, 17, 1, 1, 12, 2, NULL),
(6092, 25, 1, 1, 12, 3, NULL),
(6095, 43, 1, 1, 12, 3, NULL),
(6098, 61, 1, 1, 12, 1, NULL),
(6101, 79, 1, 1, 12, 2, NULL),
(6104, 96, 1, 1, 12, 3, NULL),
(6107, 125, 1, 1, 12, 2, NULL),
(6110, 136, 1, 1, 12, 3, NULL),
(6113, 148, 1, 1, 12, 3, NULL),
(6116, 157, 1, 1, 12, 1, NULL),
(6119, 168, 1, 1, 12, 3, NULL),
(6122, 176, 1, 1, 12, 1, NULL),
(6125, 193, 1, 1, 12, 3, NULL),
(6128, 196, 1, 1, 12, 1, NULL),
(6131, 217, 1, 1, 12, 2, NULL),
(6134, 239, 1, 1, 12, 1, NULL),
(6137, 245, 1, 1, 12, 3, NULL),
(6140, 246, 1, 1, 12, 2, NULL),
(6143, 278, 1, 1, 12, 3, NULL),
(6146, 279, 1, 1, 12, 3, NULL),
(6149, 303, 1, 1, 12, 1, NULL),
(6152, 312, 1, 1, 12, 2, NULL),
(6155, 348, 1, 1, 12, 3, NULL),
(6158, 359, 1, 1, 12, 2, NULL),
(6161, 365, 1, 1, 12, 1, NULL),
(6228, 14, 1, 1, 16, 3, NULL),
(6235, 32, 1, 1, 16, 3, NULL),
(6240, 50, 1, 1, 16, 3, NULL),
(6245, 75, 1, 1, 16, 2, NULL),
(6250, 116, 1, 1, 16, 2, NULL),
(6255, 159, 1, 1, 16, 2, NULL),
(6260, 161, 1, 1, 16, 3, NULL),
(6265, 165, 1, 1, 16, 2, NULL),
(6270, 194, 1, 1, 16, 2, NULL),
(6275, 230, 1, 1, 16, 3, NULL),
(6280, 234, 1, 1, 16, 3, NULL),
(6285, 252, 1, 1, 16, 3, NULL),
(6290, 270, 1, 1, 16, 2, NULL),
(6295, 275, 1, 1, 16, 2, NULL),
(6300, 290, 1, 1, 16, 3, NULL),
(6305, 293, 1, 1, 16, 3, NULL),
(6310, 302, 1, 1, 16, 3, NULL),
(6315, 324, 1, 1, 16, 2, NULL),
(6320, 330, 1, 1, 16, 2, NULL),
(6325, 331, 1, 1, 16, 2, NULL),
(6330, 335, 1, 1, 16, 3, NULL),
(6335, 349, 1, 1, 16, 3, NULL),
(6340, 371, 1, 1, 16, 2, NULL),
(6345, 373, 1, 1, 16, 2, NULL),
(6350, 383, 1, 1, 16, 3, NULL),
(6353, 17, 1, 1, 16, 2, NULL),
(6358, 25, 1, 1, 16, 3, NULL),
(6363, 43, 1, 1, 16, 3, NULL),
(6368, 61, 1, 1, 16, 2, NULL),
(6373, 79, 1, 1, 16, 2, NULL),
(6378, 96, 1, 1, 16, 3, NULL),
(6383, 125, 1, 1, 16, 3, NULL),
(6388, 136, 1, 1, 16, 3, NULL),
(6393, 148, 1, 1, 16, 3, NULL),
(6398, 157, 1, 1, 16, 2, NULL),
(6403, 168, 1, 1, 16, 3, NULL),
(6408, 176, 1, 1, 16, 2, NULL),
(6413, 193, 1, 1, 16, 2, NULL),
(6418, 196, 1, 1, 16, 2, NULL),
(6423, 217, 1, 1, 16, 2, NULL),
(6428, 239, 1, 1, 16, 2, NULL),
(6433, 245, 1, 1, 16, 3, NULL),
(6438, 246, 1, 1, 16, 2, NULL),
(6443, 278, 1, 1, 16, 3, NULL),
(6448, 279, 1, 1, 16, 3, NULL),
(6453, 303, 1, 1, 16, 2, NULL),
(6458, 312, 1, 1, 16, 2, NULL),
(6463, 348, 1, 1, 16, 3, NULL),
(6468, 359, 1, 1, 16, 2, NULL),
(6473, 365, 1, 1, 16, 2, NULL),
(6478, 34, 1, 1, 16, 3, NULL),
(6483, 48, 1, 1, 16, 2, NULL),
(6488, 62, 1, 1, 16, 3, NULL),
(6493, 82, 1, 1, 16, 2, NULL),
(6494, 121, 1, 1, 16, 3, NULL),
(6503, 140, 1, 1, 16, 3, NULL),
(6508, 198, 1, 1, 16, 3, NULL),
(6513, 205, 1, 1, 16, 2, NULL),
(6518, 227, 1, 1, 16, 3, NULL),
(6523, 256, 1, 1, 16, 3, NULL),
(6528, 305, 1, 1, 16, 2, NULL),
(6533, 313, 1, 1, 16, 2, NULL),
(6538, 317, 1, 1, 16, 2, NULL),
(6543, 332, 1, 1, 16, 2, NULL),
(6548, 341, 1, 1, 16, 3, NULL),
(6553, 344, 1, 1, 16, 2, NULL),
(6558, 399, 1, 1, 16, 3, NULL),
(6567, 23, 1, 1, 16, 2, NULL),
(6572, 42, 1, 1, 16, 2, NULL),
(6577, 55, 1, 1, 16, 2, NULL),
(6582, 58, 1, 1, 16, 2, NULL),
(6587, 71, 1, 1, 16, 2, NULL),
(6592, 97, 1, 1, 16, 3, NULL),
(6597, 120, 1, 1, 16, 3, NULL),
(6602, 150, 1, 1, 16, 3, NULL),
(6607, 156, 1, 1, 16, 3, NULL),
(6612, 175, 1, 1, 16, 2, NULL),
(6617, 179, 1, 1, 16, 2, NULL),
(6622, 187, 1, 1, 16, 2, NULL),
(6627, 216, 1, 1, 16, 3, NULL),
(6632, 232, 1, 1, 16, 2, NULL),
(6637, 318, 1, 1, 16, 3, NULL),
(6642, 322, 1, 1, 16, 2, NULL),
(6647, 347, 1, 1, 16, 3, NULL),
(6652, 351, 1, 1, 16, 2, NULL),
(6657, 354, 1, 1, 16, 2, NULL),
(6662, 420, 1, 1, 16, 2, NULL),
(6667, 18, 1, 1, 16, 2, NULL),
(6672, 41, 1, 1, 16, 2, NULL),
(6677, 68, 1, 1, 16, 3, NULL),
(6682, 124, 1, 1, 16, 2, NULL),
(6687, 131, 1, 1, 16, 2, NULL),
(6692, 132, 1, 1, 16, 2, NULL),
(6697, 144, 1, 1, 16, 3, NULL),
(6702, 182, 1, 1, 16, 2, NULL),
(6707, 191, 1, 1, 16, 2, NULL),
(6712, 192, 1, 1, 16, 2, NULL),
(6717, 220, 1, 1, 16, 2, NULL),
(6722, 237, 1, 1, 16, 3, NULL),
(6727, 250, 1, 1, 16, 3, NULL),
(6732, 263, 1, 1, 16, 3, NULL),
(6737, 287, 1, 1, 16, 3, NULL),
(6742, 320, 1, 1, 16, 3, NULL),
(6747, 326, 1, 1, 16, 2, NULL),
(6752, 327, 1, 1, 16, 2, NULL),
(6757, 333, 1, 1, 16, 2, NULL),
(6762, 340, 1, 1, 16, 2, NULL),
(6771, 374, 1, 1, 16, 2, NULL),
(6775, 395, 1, 1, 16, 3, NULL),
(6781, 415, 1, 1, 16, 2, NULL),
(6786, 13, 1, 1, 16, 3, NULL),
(6791, 105, 1, 1, 16, 3, NULL),
(6792, 110, 1, 1, 16, 1, NULL),
(6801, 111, 1, 1, 16, 2, NULL),
(6806, 141, 1, 1, 16, 2, NULL),
(6811, 153, 1, 1, 16, 2, NULL),
(6816, 167, 1, 1, 16, 2, NULL),
(6825, 218, 1, 1, 16, 2, NULL),
(6826, 201, 1, 1, 16, 2, NULL),
(6835, 261, 1, 1, 16, 3, NULL),
(6836, 241, 1, 1, 16, 2, NULL),
(6841, 288, 1, 1, 16, 3, NULL),
(6846, 292, 1, 1, 16, 3, NULL),
(6851, 297, 1, 1, 16, 2, NULL),
(6856, 300, 1, 1, 16, 3, NULL),
(6861, 311, 1, 1, 16, 3, NULL),
(6866, 350, 1, 1, 16, 2, NULL),
(6871, 376, 1, 1, 16, 2, NULL),
(6876, 400, 1, 1, 16, 2, NULL),
(6881, 402, 1, 1, 16, 2, NULL),
(6882, 417, 1, 1, 16, 3, NULL),
(6891, 422, 1, 1, 16, 2, NULL),
(6896, 19, 1, 1, 16, 3, NULL),
(6901, 27, 1, 1, 16, 3, NULL),
(6906, 46, 1, 1, 16, 2, NULL),
(6911, 76, 1, 1, 16, 3, NULL),
(6916, 101, 1, 1, 16, 3, NULL),
(6921, 128, 1, 1, 16, 2, NULL),
(6926, 151, 1, 1, 16, 2, NULL),
(6931, 163, 1, 1, 16, 2, NULL),
(6936, 174, 1, 1, 16, 2, NULL),
(6941, 206, 1, 1, 16, 2, NULL),
(6946, 210, 1, 1, 16, 3, NULL),
(6951, 249, 1, 1, 16, 3, NULL),
(6956, 255, 1, 1, 16, 3, NULL),
(6961, 265, 1, 1, 16, 3, NULL),
(6966, 274, 1, 1, 16, 2, NULL),
(6971, 280, 1, 1, 16, 2, NULL),
(6976, 289, 1, 1, 16, 3, NULL),
(6981, 291, 1, 1, 16, 2, NULL),
(6986, 336, 1, 1, 16, 3, NULL),
(6991, 338, 1, 1, 16, 2, NULL),
(6996, 345, 1, 1, 16, 3, NULL),
(7001, 353, 1, 1, 16, 3, NULL),
(7006, 379, 1, 1, 16, 2, NULL),
(7011, 412, 1, 1, 16, 2, NULL),
(7016, 424, 1, 1, 16, 2, NULL),
(7021, 37, 1, 1, 16, 2, NULL),
(7026, 40, 1, 1, 16, 2, NULL),
(7031, 60, 1, 1, 16, 3, NULL),
(7036, 74, 1, 1, 16, 3, NULL),
(7041, 80, 1, 1, 16, 2, NULL),
(7046, 87, 1, 1, 16, 2, NULL),
(7051, 104, 1, 1, 16, 2, NULL),
(7056, 107, 1, 1, 16, 2, NULL),
(7061, 127, 1, 1, 16, 3, NULL),
(7066, 137, 1, 1, 16, 2, NULL),
(7070, 155, 1, 1, 16, 2, NULL),
(7076, 160, 1, 1, 16, 2, NULL),
(7081, 169, 1, 1, 16, 2, NULL),
(7086, 172, 1, 1, 16, 2, NULL),
(7091, 197, 1, 1, 16, 3, NULL),
(7096, 212, 1, 1, 16, 3, NULL),
(7101, 259, 1, 1, 16, 2, NULL),
(7106, 281, 1, 1, 16, 3, NULL),
(7111, 362, 1, 1, 16, 2, NULL),
(7116, 366, 1, 1, 16, 2, NULL),
(7121, 388, 1, 1, 16, 3, NULL),
(7126, 403, 1, 1, 16, 2, NULL),
(7131, 421, 1, 1, 16, 2, NULL),
(7136, 423, 1, 1, 16, 2, NULL),
(7140, 54, 1, 1, 16, 3, NULL),
(7146, 57, 1, 1, 16, 2, NULL),
(7151, 63, 1, 1, 16, 2, NULL),
(7156, 69, 1, 1, 16, 3, NULL),
(7161, 70, 1, 1, 16, 1, NULL),
(7166, 84, 1, 1, 16, 2, NULL),
(7171, 108, 1, 1, 16, 3, NULL),
(7176, 134, 1, 1, 16, 2, NULL),
(7181, 170, 1, 1, 16, 2, NULL),
(7186, 190, 1, 1, 16, 2, NULL),
(7191, 214, 1, 1, 16, 2, NULL),
(7195, 228, 1, 1, 16, 2, NULL),
(7201, 236, 1, 1, 16, 1, NULL),
(7206, 240, 1, 1, 16, 2, NULL),
(7211, 244, 1, 1, 16, 1, NULL),
(7216, 247, 1, 1, 16, 2, NULL),
(7221, 267, 1, 1, 16, 3, NULL),
(7226, 294, 1, 1, 16, 2, NULL),
(7231, 304, 1, 1, 16, 2, NULL),
(7236, 398, 1, 1, 16, 3, NULL),
(7241, 406, 1, 1, 16, 3, NULL),
(7246, 21, 1, 1, 16, 2, NULL),
(7251, 22, 1, 1, 16, 3, NULL),
(7260, 49, 1, 1, 16, 2, NULL),
(7265, 92, 1, 1, 16, 3, NULL),
(7270, 100, 1, 1, 16, 2, NULL),
(7275, 106, 1, 1, 16, 3, NULL),
(7280, 123, 1, 1, 16, 2, NULL),
(7285, 126, 1, 1, 16, 2, NULL),
(7290, 145, 1, 1, 16, 2, NULL),
(7295, 146, 1, 1, 16, 2, NULL),
(7300, 147, 1, 1, 16, 3, NULL),
(7305, 204, 1, 1, 16, 2, NULL),
(7310, 213, 1, 1, 16, 2, NULL),
(7315, 221, 1, 1, 16, 2, NULL),
(7320, 238, 1, 1, 16, 2, NULL),
(7325, 253, 1, 1, 16, 2, NULL),
(7330, 310, 1, 1, 16, 3, NULL),
(7335, 319, 1, 1, 16, 2, NULL),
(7340, 337, 1, 1, 16, 2, NULL),
(7345, 390, 1, 1, 16, 3, NULL),
(7346, 24, 1, 1, 16, 2, NULL),
(7348, 14, 1, 1, 22, 3, NULL),
(7350, 14, 1, 1, 21, 3, NULL),
(7351, 14, 1, 1, 18, 3, NULL),
(7359, 33, 1, 1, 16, 2, NULL),
(7364, 59, 1, 1, 16, 2, NULL),
(7368, 91, 1, 1, 16, 1, NULL),
(7374, 94, 1, 1, 16, 2, NULL),
(7379, 102, 1, 1, 16, 2, NULL),
(7380, 14, 1, 1, 14, 3, NULL),
(7385, 14, 1, 1, 17, 3, NULL),
(7386, 135, 1, 1, 16, 3, NULL),
(7396, 186, 1, 1, 16, 2, NULL),
(7401, 208, 1, 1, 16, 2, NULL),
(7406, 257, 1, 1, 16, 2, NULL),
(7412, 268, 1, 1, 16, 2, NULL),
(7417, 269, 1, 1, 16, 2, NULL),
(7418, 277, 1, 1, 16, 2, NULL),
(7427, 299, 1, 1, 16, 3, NULL),
(7432, 314, 1, 1, 16, 2, NULL),
(7437, 315, 1, 1, 16, 2, NULL),
(7442, 328, 1, 1, 16, 1, NULL),
(7447, 342, 1, 1, 16, 3, NULL),
(7452, 356, 1, 1, 16, 2, NULL),
(7457, 360, 1, 1, 16, 3, NULL),
(7462, 367, 1, 1, 16, 2, NULL),
(7465, 394, 1, 1, 16, 2, NULL),
(7472, 397, 1, 1, 16, 2, NULL),
(7473, 407, 1, 1, 16, 2, NULL),
(7482, 409, 1, 1, 16, 2, NULL),
(7487, 411, 1, 1, 16, 2, NULL),
(7488, 14, 1, 1, 13, 2, NULL),
(7496, 14, 1, 1, 11, 2, NULL),
(7497, 14, 1, 1, 10, 3, NULL),
(7508, 54, 1, 1, 10, 1, NULL),
(7514, 54, 1, 1, 11, 1, NULL),
(7519, 54, 1, 1, 13, 2, NULL),
(7523, 54, 1, 1, 14, 1, NULL),
(7527, 54, 1, 1, 17, 1, NULL),
(7531, 54, 1, 1, 18, 2, NULL),
(7533, 54, 1, 1, 20, 2, NULL),
(7535, 54, 1, 1, 21, 2, NULL),
(7537, 54, 1, 1, 22, 2, NULL),
(7549, 57, 1, 1, 11, 2, NULL),
(7554, 57, 1, 1, 13, 1, NULL),
(7558, 57, 1, 1, 14, 1, NULL),
(7562, 57, 1, 1, 17, 1, NULL),
(7566, 57, 1, 1, 18, 1, NULL),
(7568, 57, 1, 1, 20, 1, NULL),
(7570, 57, 1, 1, 21, 1, NULL),
(7572, 57, 1, 1, 22, 1, NULL),
(7576, 63, 1, 1, 13, 2, NULL),
(7582, 63, 1, 1, 10, 2, NULL),
(7588, 63, 1, 1, 11, 2, NULL),
(7592, 63, 1, 1, 14, 2, NULL),
(7596, 63, 1, 1, 17, 2, NULL),
(7600, 63, 1, 1, 18, 3, NULL),
(7602, 63, 1, 1, 20, 2, NULL);
INSERT INTO `globalevaluations` (`id`, `student_id`, `course_id`, `trimestre_id`, `area_id`, `globalevaluationdescription_id`, `scope_id`) VALUES
(7604, 63, 1, 1, 21, 2, NULL),
(7606, 63, 1, 1, 22, 2, NULL),
(7611, 69, 1, 1, 10, 3, NULL),
(7617, 69, 1, 1, 11, 3, NULL),
(7622, 69, 1, 1, 13, 3, NULL),
(7626, 69, 1, 1, 14, 3, NULL),
(7630, 69, 1, 1, 17, 3, NULL),
(7634, 69, 1, 1, 18, 3, NULL),
(7636, 69, 1, 1, 20, 3, NULL),
(7638, 69, 1, 1, 21, 3, NULL),
(7640, 69, 1, 1, 22, 4, NULL),
(7646, 70, 1, 1, 13, 1, NULL),
(7651, 70, 1, 1, 10, 1, NULL),
(7657, 70, 1, 1, 11, 1, NULL),
(7661, 70, 1, 1, 14, 1, NULL),
(7665, 70, 1, 1, 17, 1, NULL),
(7669, 70, 1, 1, 18, 1, NULL),
(7671, 70, 1, 1, 20, 1, NULL),
(7673, 70, 1, 1, 21, 1, NULL),
(7675, 70, 1, 1, 22, 1, NULL),
(7680, 84, 1, 1, 13, 2, NULL),
(7686, 84, 1, 1, 10, 2, NULL),
(7692, 84, 1, 1, 11, 2, NULL),
(7696, 84, 1, 1, 14, 2, NULL),
(7700, 84, 1, 1, 17, 2, NULL),
(7704, 84, 1, 1, 18, 1, NULL),
(7706, 84, 1, 1, 20, 1, NULL),
(7708, 84, 1, 1, 21, 2, NULL),
(7710, 84, 1, 1, 22, 2, NULL),
(7716, 108, 1, 1, 10, 3, NULL),
(7722, 108, 1, 1, 11, 3, NULL),
(7727, 108, 1, 1, 13, 3, NULL),
(7731, 108, 1, 1, 14, 2, NULL),
(7735, 108, 1, 1, 17, 1, NULL),
(7739, 108, 1, 1, 18, 3, NULL),
(7741, 108, 1, 1, 20, 3, NULL),
(7743, 108, 1, 1, 21, 3, NULL),
(7745, 108, 1, 1, 22, 3, NULL),
(7750, 134, 1, 1, 13, 2, NULL),
(7756, 134, 1, 1, 10, 2, NULL),
(7765, 134, 1, 1, 14, 1, NULL),
(7769, 134, 1, 1, 17, 1, NULL),
(7773, 134, 1, 1, 18, 2, NULL),
(7775, 134, 1, 1, 20, 1, NULL),
(7777, 134, 1, 1, 21, 1, NULL),
(7779, 134, 1, 1, 22, 2, NULL),
(7785, 170, 1, 1, 10, 1, NULL),
(7791, 170, 1, 1, 11, 1, NULL),
(7796, 170, 1, 1, 13, 1, NULL),
(7800, 170, 1, 1, 14, 1, NULL),
(7804, 170, 1, 1, 17, 1, NULL),
(7808, 170, 1, 1, 18, 1, NULL),
(7810, 170, 1, 1, 20, 1, NULL),
(7812, 170, 1, 1, 21, 1, NULL),
(7814, 170, 1, 1, 22, 1, NULL),
(7819, 190, 1, 1, 13, 2, NULL),
(7825, 190, 1, 1, 10, 2, NULL),
(7831, 190, 1, 1, 11, 2, NULL),
(7835, 190, 1, 1, 14, 1, NULL),
(7839, 190, 1, 1, 17, 1, NULL),
(7843, 190, 1, 1, 18, 1, NULL),
(7845, 190, 1, 1, 20, 2, NULL),
(7847, 190, 1, 1, 21, 1, NULL),
(7849, 190, 1, 1, 22, 1, NULL),
(7855, 214, 1, 1, 10, 2, NULL),
(7861, 214, 1, 1, 11, 2, NULL),
(7866, 214, 1, 1, 13, 3, NULL),
(7870, 214, 1, 1, 14, 2, NULL),
(7874, 214, 1, 1, 17, 3, NULL),
(7878, 214, 1, 1, 18, 2, NULL),
(7880, 214, 1, 1, 20, 2, NULL),
(7882, 214, 1, 1, 21, 2, NULL),
(7884, 214, 1, 1, 22, 2, NULL),
(7888, 228, 1, 1, 13, 3, NULL),
(7894, 228, 1, 1, 10, 3, NULL),
(7900, 228, 1, 1, 11, 3, NULL),
(7904, 228, 1, 1, 14, 2, NULL),
(7908, 228, 1, 1, 17, 3, NULL),
(7911, 228, 1, 1, 18, 2, NULL),
(7913, 228, 1, 1, 20, 2, NULL),
(7915, 228, 1, 1, 21, 2, NULL),
(7917, 228, 1, 1, 22, 2, NULL),
(7923, 236, 1, 1, 10, 1, NULL),
(7929, 236, 1, 1, 11, 2, NULL),
(7934, 236, 1, 1, 13, 2, NULL),
(7938, 236, 1, 1, 14, 1, NULL),
(7942, 236, 1, 1, 17, 1, NULL),
(7945, 236, 1, 1, 18, 2, NULL),
(7947, 236, 1, 1, 20, 1, NULL),
(7949, 236, 1, 1, 21, 2, NULL),
(7951, 236, 1, 1, 22, 2, NULL),
(7956, 240, 1, 1, 13, 2, NULL),
(7962, 240, 1, 1, 10, 2, NULL),
(7968, 240, 1, 1, 11, 2, NULL),
(7972, 240, 1, 1, 14, 1, NULL),
(7976, 240, 1, 1, 17, 1, NULL),
(7980, 240, 1, 1, 18, 1, NULL),
(7982, 240, 1, 1, 20, 1, NULL),
(7984, 240, 1, 1, 21, 1, NULL),
(7986, 240, 1, 1, 22, 1, NULL),
(7992, 244, 1, 1, 10, 2, NULL),
(7998, 244, 1, 1, 11, 2, NULL),
(8003, 244, 1, 1, 13, 2, NULL),
(8007, 244, 1, 1, 14, 1, NULL),
(8011, 244, 1, 1, 17, 1, NULL),
(8015, 244, 1, 1, 18, 1, NULL),
(8017, 244, 1, 1, 20, 1, NULL),
(8019, 244, 1, 1, 21, 1, NULL),
(8021, 244, 1, 1, 22, 2, NULL),
(8026, 247, 1, 1, 13, 2, NULL),
(8030, 247, 1, 1, 14, 2, NULL),
(8034, 247, 1, 1, 17, 1, NULL),
(8038, 247, 1, 1, 18, 2, NULL),
(8040, 247, 1, 1, 20, 1, NULL),
(8042, 247, 1, 1, 21, 1, NULL),
(8044, 247, 1, 1, 22, 2, NULL),
(8049, 267, 1, 1, 13, 3, NULL),
(8054, 267, 1, 1, 10, 3, NULL),
(8060, 267, 1, 1, 11, 3, NULL),
(8064, 267, 1, 1, 14, 2, NULL),
(8068, 267, 1, 1, 17, 3, NULL),
(8072, 267, 1, 1, 18, 2, NULL),
(8074, 267, 1, 1, 20, 2, NULL),
(8076, 267, 1, 1, 21, 3, NULL),
(8078, 267, 1, 1, 22, 2, NULL),
(8084, 294, 1, 1, 10, 2, NULL),
(8090, 294, 1, 1, 11, 2, NULL),
(8095, 294, 1, 1, 13, 2, NULL),
(8099, 294, 1, 1, 14, 2, NULL),
(8103, 294, 1, 1, 17, 2, NULL),
(8107, 294, 1, 1, 18, 2, NULL),
(8109, 294, 1, 1, 20, 1, NULL),
(8111, 294, 1, 1, 21, 2, NULL),
(8113, 294, 1, 1, 22, 2, NULL),
(8118, 304, 1, 1, 13, 3, NULL),
(8124, 304, 1, 1, 10, 2, NULL),
(8130, 304, 1, 1, 11, 2, NULL),
(8134, 304, 1, 1, 14, 2, NULL),
(8138, 304, 1, 1, 17, 3, NULL),
(8142, 304, 1, 1, 18, 3, NULL),
(8144, 304, 1, 1, 20, 2, NULL),
(8146, 304, 1, 1, 21, 2, NULL),
(8148, 304, 1, 1, 22, 2, NULL),
(8154, 398, 1, 1, 10, 3, NULL),
(8159, 398, 1, 1, 11, 3, NULL),
(8164, 398, 1, 1, 13, 3, NULL),
(8169, 398, 1, 1, 14, 3, NULL),
(8172, 398, 1, 1, 17, 2, NULL),
(8177, 398, 1, 1, 18, 2, NULL),
(8179, 398, 1, 1, 20, 3, NULL),
(8181, 398, 1, 1, 21, 3, NULL),
(8183, 398, 1, 1, 22, 3, NULL),
(8188, 406, 1, 1, 13, 4, NULL),
(8194, 406, 1, 1, 10, 3, NULL),
(8200, 406, 1, 1, 11, 3, NULL),
(8204, 406, 1, 1, 14, 3, NULL),
(8208, 406, 1, 1, 17, 3, NULL),
(8212, 406, 1, 1, 18, 3, NULL),
(8214, 406, 1, 1, 20, 3, NULL),
(8216, 406, 1, 1, 21, 3, NULL),
(8218, 406, 1, 1, 22, 3, NULL),
(8219, 20, 1, 1, 11, 3, NULL),
(8225, 31, 1, 1, 11, 3, NULL),
(8236, 51, 1, 1, 11, 3, NULL),
(8237, 83, 1, 1, 11, 2, NULL),
(8243, 88, 1, 1, 11, 3, NULL),
(8249, 103, 1, 1, 11, 3, NULL),
(8255, 114, 1, 1, 11, 4, NULL),
(8261, 139, 1, 1, 11, 3, NULL),
(8274, 247, 1, 1, 10, 2, NULL),
(8280, 247, 1, 1, 11, 2, NULL),
(8282, 33, 1, 1, 14, 4, NULL),
(8286, 59, 1, 1, 14, 2, NULL),
(8288, 91, 1, 1, 14, 1, NULL),
(8291, 94, 1, 1, 14, 2, NULL),
(8294, 102, 1, 1, 14, 3, NULL),
(8297, 135, 1, 1, 14, 2, NULL),
(8300, 186, 1, 1, 14, 2, NULL),
(8303, 208, 1, 1, 14, 1, NULL),
(8306, 257, 1, 1, 14, 2, NULL),
(8309, 268, 1, 1, 14, 2, NULL),
(8312, 269, 1, 1, 14, 2, NULL),
(8315, 277, 1, 1, 14, 2, NULL),
(8318, 299, 1, 1, 14, 4, NULL),
(8321, 314, 1, 1, 14, 3, NULL),
(8324, 315, 1, 1, 14, 2, NULL),
(8327, 328, 1, 1, 14, 2, NULL),
(8330, 342, 1, 1, 14, 2, NULL),
(8333, 356, 1, 1, 14, 3, NULL),
(8336, 360, 1, 1, 14, 4, NULL),
(8339, 367, 1, 1, 14, 2, NULL),
(8342, 394, 1, 1, 14, 3, NULL),
(8345, 397, 1, 1, 14, 3, NULL),
(8348, 407, 1, 1, 14, 2, NULL),
(8351, 411, 1, 1, 14, 4, NULL),
(8352, 409, 1, 1, 14, 3, NULL),
(8360, 33, 1, 1, 13, 4, NULL),
(8364, 59, 1, 1, 13, 1, NULL),
(8371, 91, 1, 1, 13, 1, NULL),
(8372, 94, 1, 1, 13, 2, NULL),
(8376, 102, 1, 1, 13, 3, NULL),
(8380, 135, 1, 1, 13, 2, NULL),
(8384, 186, 1, 1, 13, 3, NULL),
(8390, 208, 1, 1, 13, 1, NULL),
(8392, 257, 1, 1, 13, 2, NULL),
(8396, 268, 1, 1, 13, 1, NULL),
(8400, 269, 1, 1, 13, 2, NULL),
(8404, 277, 1, 1, 13, 2, NULL),
(8408, 299, 1, 1, 13, 4, NULL),
(8411, 314, 1, 1, 13, 4, NULL),
(8415, 315, 1, 1, 13, 3, NULL),
(8419, 328, 1, 1, 13, 2, NULL),
(8422, 342, 1, 1, 13, 4, NULL),
(8429, 360, 1, 1, 13, 4, NULL),
(8433, 367, 1, 1, 13, 2, NULL),
(8437, 101, 1, 1, 17, 3, NULL),
(8444, 412, 1, 1, 17, 2, NULL),
(8448, 336, 1, 1, 17, 2, NULL),
(8452, 274, 1, 1, 17, 3, NULL),
(8456, 27, 1, 1, 17, 2, NULL),
(8460, 174, 1, 1, 17, 2, NULL),
(8464, 128, 1, 1, 17, 1, NULL),
(8468, 345, 1, 1, 17, 3, NULL),
(8472, 379, 1, 1, 17, 2, NULL),
(8476, 206, 1, 1, 17, 3, NULL),
(8480, 291, 1, 1, 17, 3, NULL),
(8484, 46, 1, 1, 17, 3, NULL),
(8488, 265, 1, 1, 17, 2, NULL),
(8492, 338, 1, 1, 17, 2, NULL),
(8496, 424, 1, 1, 17, 3, NULL),
(8500, 151, 1, 1, 17, 2, NULL),
(8503, 353, 1, 1, 17, 3, NULL),
(8508, 163, 1, 1, 17, 2, NULL),
(8512, 280, 1, 1, 17, 1, NULL),
(8516, 289, 1, 1, 17, 3, NULL),
(8520, 210, 1, 1, 17, 3, NULL),
(8521, 394, 1, 1, 13, 4, NULL),
(8528, 397, 1, 1, 13, 4, NULL),
(8532, 407, 1, 1, 13, 2, NULL),
(8533, 409, 1, 1, 13, 4, NULL),
(8540, 411, 1, 1, 13, 4, NULL),
(8579, 20, 1, 1, 16, 3, NULL),
(8587, 31, 1, 1, 16, 1, NULL),
(8591, 51, 1, 1, 16, 1, NULL),
(8597, 83, 1, 1, 16, 2, NULL),
(8602, 88, 1, 1, 16, 2, NULL),
(8607, 103, 1, 1, 16, 2, NULL),
(8612, 114, 1, 1, 16, 3, NULL),
(8617, 139, 1, 1, 16, 1, NULL),
(8622, 183, 1, 1, 16, 2, NULL),
(8627, 184, 1, 1, 16, 2, NULL),
(8632, 185, 1, 1, 16, 2, NULL),
(8637, 235, 1, 1, 16, 3, NULL),
(8642, 248, 1, 1, 16, 3, NULL),
(8646, 258, 1, 1, 16, 1, NULL),
(8652, 272, 1, 1, 16, 2, NULL),
(8657, 273, 1, 1, 16, 2, NULL),
(8662, 296, 1, 1, 16, 1, NULL),
(8667, 309, 1, 1, 16, 1, NULL),
(8672, 339, 1, 1, 16, 2, NULL),
(8677, 358, 1, 1, 16, 2, NULL),
(8682, 377, 1, 1, 16, 2, NULL),
(8687, 387, 1, 1, 16, 2, NULL),
(8723, 20, 1, 1, 13, 4, NULL),
(8724, 20, 1, 1, 14, 3, NULL),
(8725, 31, 1, 1, 13, 2, NULL),
(8726, 31, 1, 1, 14, 2, NULL),
(8727, 51, 1, 1, 13, 4, NULL),
(8728, 51, 1, 1, 14, 2, NULL),
(8729, 83, 1, 1, 13, 1, NULL),
(8730, 83, 1, 1, 14, 1, NULL),
(8731, 88, 1, 1, 13, 4, NULL),
(8732, 88, 1, 1, 14, 3, NULL),
(8733, 103, 1, 1, 13, 3, NULL),
(8734, 103, 1, 1, 14, 3, NULL),
(8735, 114, 1, 1, 13, 4, NULL),
(8736, 114, 1, 1, 14, 3, NULL),
(8737, 139, 1, 1, 13, 2, NULL),
(8738, 139, 1, 1, 14, 2, NULL),
(8739, 183, 1, 1, 13, 2, NULL),
(8740, 183, 1, 1, 14, 1, NULL),
(8741, 185, 1, 1, 13, 1, NULL),
(8742, 185, 1, 1, 14, 2, NULL),
(8743, 184, 1, 1, 13, 3, NULL),
(8744, 184, 1, 1, 14, 2, NULL),
(8745, 235, 1, 1, 13, 4, NULL),
(8746, 235, 1, 1, 14, 3, NULL),
(8747, 248, 1, 1, 13, 3, NULL),
(8748, 248, 1, 1, 14, 2, NULL),
(8749, 258, 1, 1, 13, 2, NULL),
(8750, 258, 1, 1, 14, 2, NULL),
(8751, 272, 1, 1, 13, 1, NULL),
(8752, 272, 1, 1, 14, 3, NULL),
(8753, 273, 1, 1, 13, 3, NULL),
(8754, 273, 1, 1, 14, 2, NULL),
(8755, 296, 1, 1, 13, 3, NULL),
(8756, 296, 1, 1, 14, 2, NULL),
(8757, 309, 1, 1, 13, 2, NULL),
(8758, 309, 1, 1, 14, 2, NULL),
(8759, 339, 1, 1, 13, 4, NULL),
(8760, 339, 1, 1, 14, 2, NULL),
(8761, 358, 1, 1, 13, 3, NULL),
(8762, 358, 1, 1, 14, 3, NULL),
(8763, 377, 1, 1, 13, 4, NULL),
(8764, 377, 1, 1, 14, 2, NULL),
(8765, 387, 1, 1, 14, 3, NULL),
(8766, 387, 1, 1, 13, 3, NULL),
(8769, 246, 1, 1, 17, 2, NULL),
(8776, 246, 1, 1, 10, 2, NULL),
(8781, 246, 1, 1, 11, 3, NULL),
(8786, 246, 1, 1, 13, 2, NULL),
(8791, 246, 1, 1, 14, 2, NULL),
(8795, 246, 1, 1, 18, 2, NULL),
(8796, 246, 1, 1, 21, 2, NULL),
(8799, 246, 1, 1, 22, 2, NULL),
(8812, 183, 1, 1, 11, 2, NULL),
(8819, 184, 1, 1, 11, 2, NULL),
(8824, 185, 1, 1, 11, 2, NULL),
(8831, 235, 1, 1, 11, 3, NULL),
(8851, 272, 1, 1, 11, 2, NULL),
(8852, 273, 1, 1, 11, 3, NULL),
(8858, 296, 1, 1, 11, 2, NULL),
(8864, 309, 1, 1, 11, 1, NULL),
(8870, 339, 1, 1, 11, 2, NULL),
(8876, 358, 1, 1, 11, 3, NULL),
(8886, 377, 1, 1, 11, 2, NULL),
(8888, 387, 1, 1, 11, 4, NULL),
(8894, 248, 1, 1, 11, 2, NULL),
(8895, 258, 1, 1, 11, 2, NULL),
(8896, 33, 1, 1, 11, 4, NULL),
(8902, 59, 1, 1, 11, 2, NULL),
(8913, 91, 1, 1, 11, 1, NULL),
(8919, 94, 1, 1, 11, 2, NULL),
(8920, 102, 1, 1, 11, 3, NULL),
(8927, 135, 1, 1, 11, 2, NULL),
(8933, 186, 1, 1, 11, 2, NULL),
(8938, 208, 1, 1, 11, 1, NULL),
(8944, 257, 1, 1, 11, 2, NULL),
(8950, 268, 1, 1, 11, 2, NULL),
(8960, 269, 1, 1, 11, 2, NULL),
(8961, 277, 1, 1, 11, 2, NULL),
(8972, 299, 1, 1, 11, 2, NULL),
(8973, 314, 1, 1, 11, 3, NULL),
(8979, 315, 1, 1, 11, 2, NULL),
(8985, 328, 1, 1, 11, 2, NULL),
(8991, 342, 1, 1, 11, 3, NULL),
(8997, 356, 1, 1, 11, 4, NULL),
(9003, 360, 1, 1, 11, 4, NULL),
(9009, 367, 1, 1, 11, 2, NULL),
(9015, 394, 1, 1, 11, 3, NULL),
(9021, 397, 1, 1, 11, 2, NULL),
(9027, 407, 1, 1, 11, 2, NULL),
(9033, 409, 1, 1, 11, 3, NULL),
(9039, 411, 1, 1, 11, 4, NULL),
(9045, 33, 1, 1, 17, 3, NULL),
(9049, 59, 1, 1, 17, 2, NULL),
(9056, 91, 1, 1, 17, 2, NULL),
(9060, 94, 1, 1, 17, 2, NULL),
(9061, 102, 1, 1, 17, 2, NULL),
(9065, 135, 1, 1, 17, 3, NULL),
(9069, 186, 1, 1, 17, 2, NULL),
(9073, 208, 1, 1, 17, 2, NULL),
(9077, 257, 1, 1, 17, 2, NULL),
(9081, 268, 1, 1, 17, 1, NULL),
(9085, 269, 1, 1, 17, 2, NULL),
(9089, 277, 1, 1, 17, 1, NULL),
(9093, 299, 1, 1, 17, 3, NULL),
(9097, 314, 1, 1, 17, 3, NULL),
(9101, 315, 1, 1, 17, 2, NULL),
(9105, 328, 1, 1, 17, 2, NULL),
(9109, 342, 1, 1, 17, 2, NULL),
(9113, 356, 1, 1, 17, 2, NULL),
(9117, 360, 1, 1, 17, 3, NULL),
(9121, 367, 1, 1, 17, 2, NULL),
(9125, 394, 1, 1, 17, 2, NULL),
(9129, 411, 1, 1, 17, 2, NULL),
(9133, 407, 1, 1, 17, 2, NULL),
(9137, 409, 1, 1, 17, 2, NULL),
(9141, 397, 1, 1, 17, 2, NULL),
(9189, 20, 1, 1, 17, 3, NULL),
(9192, 31, 1, 1, 17, 3, NULL),
(9195, 51, 1, 1, 17, 2, NULL),
(9200, 83, 1, 1, 17, 2, NULL),
(9203, 88, 1, 1, 17, 3, NULL),
(9206, 103, 1, 1, 17, 3, NULL),
(9209, 114, 1, 1, 17, 3, NULL),
(9211, 139, 1, 1, 17, 3, NULL),
(9213, 183, 1, 1, 17, 2, NULL),
(9216, 184, 1, 1, 17, 2, NULL),
(9221, 185, 1, 1, 17, 2, NULL),
(9224, 235, 1, 1, 17, 3, NULL),
(9227, 248, 1, 1, 17, 2, NULL),
(9230, 258, 1, 1, 17, 2, NULL),
(9233, 272, 1, 1, 17, 3, NULL),
(9236, 273, 1, 1, 17, 3, NULL),
(9239, 296, 1, 1, 17, 2, NULL),
(9242, 309, 1, 1, 17, 1, NULL),
(9245, 339, 1, 1, 17, 3, NULL),
(9248, 358, 1, 1, 17, 3, NULL),
(9251, 377, 1, 1, 17, 3, NULL),
(9254, 387, 1, 1, 17, 2, NULL),
(9326, 20, 1, 1, 10, 3, NULL),
(9332, 31, 1, 1, 10, 2, NULL),
(9338, 51, 1, 1, 10, 3, NULL),
(9344, 83, 1, 1, 10, 1, NULL),
(9350, 88, 1, 1, 10, 4, NULL),
(9356, 103, 1, 1, 10, 4, NULL),
(9362, 114, 1, 1, 10, 4, NULL),
(9368, 139, 1, 1, 10, 2, NULL),
(9374, 183, 1, 1, 10, 2, NULL),
(9380, 184, 1, 1, 10, 3, NULL),
(9386, 185, 1, 1, 10, 2, NULL),
(9392, 235, 1, 1, 10, 3, NULL),
(9398, 248, 1, 1, 10, 3, NULL),
(9404, 258, 1, 1, 10, 2, NULL),
(9410, 272, 1, 1, 10, 2, NULL),
(9416, 273, 1, 1, 10, 2, NULL),
(9422, 296, 1, 1, 10, 2, NULL),
(9428, 309, 1, 1, 10, 1, NULL),
(9434, 339, 1, 1, 10, 3, NULL),
(9440, 358, 1, 1, 10, 3, NULL),
(9446, 377, 1, 1, 10, 2, NULL),
(9451, 19, 1, 1, 12, 1, NULL),
(9460, 27, 1, 1, 12, 2, NULL),
(9464, 387, 1, 1, 10, 3, NULL),
(9467, 46, 1, 1, 12, 2, NULL),
(9472, 76, 1, 1, 12, 1, NULL),
(9477, 101, 1, 1, 12, 2, NULL),
(9482, 128, 1, 1, 12, 1, NULL),
(9487, 151, 1, 1, 12, 2, NULL),
(9492, 163, 1, 1, 12, 1, NULL),
(9497, 174, 1, 1, 12, 1, NULL),
(9502, 206, 1, 1, 12, 3, NULL),
(9507, 210, 1, 1, 12, 4, NULL),
(9512, 249, 1, 1, 12, 2, NULL),
(9517, 255, 1, 1, 12, 3, NULL),
(9522, 265, 1, 1, 12, 3, NULL),
(9527, 274, 1, 1, 12, 2, NULL),
(9532, 280, 1, 1, 12, 1, NULL),
(9537, 289, 1, 1, 12, 4, NULL),
(9542, 291, 1, 1, 12, 2, NULL),
(9547, 336, 1, 1, 12, 3, NULL),
(9552, 338, 1, 1, 12, 1, NULL),
(9557, 345, 1, 1, 12, 3, NULL),
(9562, 353, 1, 1, 12, 3, NULL),
(9567, 379, 1, 1, 12, 1, NULL),
(9572, 424, 1, 1, 12, 3, NULL),
(9577, 412, 1, 1, 12, 3, NULL),
(9580, 108, 1, 1, 12, 4, NULL),
(9599, 34, 1, 1, 12, 3, NULL),
(9602, 48, 1, 1, 12, 2, NULL),
(9605, 62, 1, 1, 12, 3, NULL),
(9608, 82, 1, 1, 12, 2, NULL),
(9611, 140, 1, 1, 12, 3, NULL),
(9614, 198, 1, 1, 12, 3, NULL),
(9617, 205, 1, 1, 12, 2, NULL),
(9620, 227, 1, 1, 12, 3, NULL),
(9623, 256, 1, 1, 12, 3, NULL),
(9626, 305, 1, 1, 12, 3, NULL),
(9629, 313, 1, 1, 12, 2, NULL),
(9632, 317, 1, 1, 12, 2, NULL),
(9635, 332, 1, 1, 12, 2, NULL),
(9638, 341, 1, 1, 12, 3, NULL),
(9641, 344, 1, 1, 12, 2, NULL),
(9644, 399, 1, 1, 12, 2, NULL),
(9647, 404, 1, 1, 12, 3, NULL),
(9650, 23, 1, 1, 12, 2, NULL),
(9653, 42, 1, 1, 12, 3, NULL),
(9656, 55, 1, 1, 12, 2, NULL),
(9659, 58, 1, 1, 12, 3, NULL),
(9662, 71, 1, 1, 12, 1, NULL),
(9665, 97, 1, 1, 12, 3, NULL),
(9668, 120, 1, 1, 12, 3, NULL),
(9671, 150, 1, 1, 12, 3, NULL),
(9674, 156, 1, 1, 12, 3, NULL),
(9677, 175, 1, 1, 12, 2, NULL),
(9680, 179, 1, 1, 12, 3, NULL),
(9683, 187, 1, 1, 12, 3, NULL),
(9686, 216, 1, 1, 12, 1, NULL),
(9689, 232, 1, 1, 12, 3, NULL),
(9692, 318, 1, 1, 12, 1, NULL),
(9695, 322, 1, 1, 12, 2, NULL),
(9698, 347, 1, 1, 12, 3, NULL),
(9701, 351, 1, 1, 12, 3, NULL),
(9704, 354, 1, 1, 12, 2, NULL),
(9707, 420, 1, 1, 12, 2, NULL),
(9709, 23, 1, 1, 14, 1, NULL),
(9714, 23, 1, 1, 17, 1, NULL),
(9715, 23, 1, 1, 20, 1, NULL),
(9718, 42, 1, 1, 14, 3, NULL),
(9719, 42, 1, 1, 20, 2, NULL),
(9721, 55, 1, 1, 14, 2, NULL),
(9722, 55, 1, 1, 20, 2, NULL),
(9727, 58, 1, 1, 20, 2, NULL),
(9731, 42, 1, 1, 17, 3, NULL),
(9735, 55, 1, 1, 17, 2, NULL),
(9737, 58, 1, 1, 14, 2, NULL),
(9741, 58, 1, 1, 17, 2, NULL),
(9743, 71, 1, 1, 14, 2, NULL),
(9747, 71, 1, 1, 17, 2, NULL),
(9749, 71, 1, 1, 20, 1, NULL),
(9751, 97, 1, 1, 20, 2, NULL),
(9755, 97, 1, 1, 17, 2, NULL),
(9757, 97, 1, 1, 14, 2, NULL),
(9759, 120, 1, 1, 20, 3, NULL),
(9763, 120, 1, 1, 17, 3, NULL),
(9765, 120, 1, 1, 14, 2, NULL),
(9767, 150, 1, 1, 14, 2, NULL),
(9771, 150, 1, 1, 17, 3, NULL),
(9773, 150, 1, 1, 20, 2, NULL),
(9775, 156, 1, 1, 14, 3, NULL),
(9779, 156, 1, 1, 17, 3, NULL),
(9781, 156, 1, 1, 20, 3, NULL),
(9783, 175, 1, 1, 20, 2, NULL),
(9787, 175, 1, 1, 17, 2, NULL),
(9789, 175, 1, 1, 14, 2, NULL),
(9791, 179, 1, 1, 14, 2, NULL),
(9795, 179, 1, 1, 17, 2, NULL),
(9797, 179, 1, 1, 20, 2, NULL),
(9799, 187, 1, 1, 20, 2, NULL),
(9803, 187, 1, 1, 17, 2, NULL),
(9805, 187, 1, 1, 14, 2, NULL),
(9807, 216, 1, 1, 14, 3, NULL),
(9811, 216, 1, 1, 17, 3, NULL),
(9813, 216, 1, 1, 20, 2, NULL),
(9815, 232, 1, 1, 20, 2, NULL),
(9819, 232, 1, 1, 17, 3, NULL),
(9821, 232, 1, 1, 14, 2, NULL),
(9823, 318, 1, 1, 14, 2, NULL),
(9827, 318, 1, 1, 17, 1, NULL),
(9829, 318, 1, 1, 20, 2, NULL),
(9831, 322, 1, 1, 20, 2, NULL),
(9835, 322, 1, 1, 17, 2, NULL),
(9837, 322, 1, 1, 14, 2, NULL),
(9839, 347, 1, 1, 20, 2, NULL),
(9843, 347, 1, 1, 17, 3, NULL),
(9845, 347, 1, 1, 14, 3, NULL),
(9847, 351, 1, 1, 14, 2, NULL),
(9851, 351, 1, 1, 17, 3, NULL),
(9853, 351, 1, 1, 20, 2, NULL),
(9855, 354, 1, 1, 14, 2, NULL),
(9859, 354, 1, 1, 17, 1, NULL),
(9861, 354, 1, 1, 20, 1, NULL),
(9863, 420, 1, 1, 20, 1, NULL),
(9864, 420, 1, 1, 21, 1, NULL),
(9865, 420, 1, 1, 22, 1, NULL),
(9869, 420, 1, 1, 18, 2, NULL),
(9875, 420, 1, 1, 10, 1, NULL),
(9880, 420, 1, 1, 13, 1, NULL),
(9882, 420, 1, 1, 14, 2, NULL),
(9886, 420, 1, 1, 17, 1, NULL),
(9895, 46, 1, 1, 14, 3, NULL),
(9900, 76, 1, 1, 14, 2, NULL),
(9905, 101, 1, 1, 14, 4, NULL),
(9910, 128, 1, 1, 14, 1, NULL),
(9915, 151, 1, 1, 14, 3, NULL),
(9920, 163, 1, 1, 14, 1, NULL),
(9929, 206, 1, 1, 14, 3, NULL),
(9933, 210, 1, 1, 14, 4, NULL),
(9937, 249, 1, 1, 14, 3, NULL),
(9942, 255, 1, 1, 14, 4, NULL),
(9947, 265, 1, 1, 14, 3, NULL),
(9952, 274, 1, 1, 14, 2, NULL),
(9957, 280, 1, 1, 14, 1, NULL),
(9962, 289, 1, 1, 14, 4, NULL),
(9967, 291, 1, 1, 14, 3, NULL),
(9972, 336, 1, 1, 14, 2, NULL),
(9977, 338, 1, 1, 14, 2, NULL),
(9982, 345, 1, 1, 14, 3, NULL),
(9987, 353, 1, 1, 14, 3, NULL),
(9992, 379, 1, 1, 14, 2, NULL),
(9997, 412, 1, 1, 14, 3, NULL),
(10002, 424, 1, 1, 14, 3, NULL),
(10004, 57, 1, 1, 10, 2, NULL),
(10016, 133, 1, 1, 4, 3, NULL),
(10019, 133, 1, 1, 5, 2, NULL),
(10024, 133, 1, 1, 6, 2, NULL),
(10025, 133, 1, 1, 3, 3, NULL),
(10026, 133, 1, 1, 2, 4, NULL),
(10027, 133, 1, 1, 1, 2, NULL),
(10032, 133, 1, 1, 7, 1, NULL),
(10036, 133, 1, 1, 8, 3, NULL),
(10040, 133, 1, 1, 9, 4, NULL);

-- --------------------------------------------------------

--
-- Table structure for table `hasroles`
--

CREATE TABLE `hasroles` (
  `teacher_id` int(11) NOT NULL,
  `role_id` int(11) NOT NULL
) ENGINE=InnoDB DEFAULT CHARSET=utf8 COLLATE=utf8_unicode_ci;

--
-- Dumping data for table `hasroles`
--

INSERT INTO `hasroles` (`teacher_id`, `role_id`) VALUES
(1, 2),
(2, 2),
(3, 2),
(4, 2),
(5, 2),
(6, 2),
(7, 2),
(8, 2),
(9, 2),
(10, 2),
(11, 2),
(12, 2),
(425, 2),
(426, 2),
(427, 2),
(428, 2),
(429, 2),
(430, 2),
(431, 2),
(432, 2),
(433, 2),
(434, 2),
(435, 2),
(436, 1),
(436, 2),
(437, 1),
(437, 2),
(438, 2),
(439, 2),
(440, 2),
(441, 2),
(442, 2);

-- --------------------------------------------------------

--
-- Table structure for table `levels`
--

CREATE TABLE `levels` (
  `id` int(11) NOT NULL,
  `cycle_id` int(11) DEFAULT NULL,
  `name` varchar(10) COLLATE utf8_unicode_ci NOT NULL
) ENGINE=InnoDB DEFAULT CHARSET=utf8 COLLATE=utf8_unicode_ci;

--
-- Dumping data for table `levels`
--

INSERT INTO `levels` (`id`, `cycle_id`, `name`) VALUES
(1, 1, 'P3'),
(2, 1, 'P4'),
(3, 1, 'P5'),
(4, 2, '1r'),
(5, 2, '2n'),
(6, 3, '3r'),
(7, 3, '4t'),
(8, 4, '5è'),
(9, 4, '6è');

-- --------------------------------------------------------

--
-- Table structure for table `logs`
--

CREATE TABLE `logs` (
  `id` int(11) NOT NULL,
  `username` varchar(20) COLLATE utf8_unicode_ci NOT NULL,
  `date` datetime NOT NULL,
  `logged` tinyint(1) NOT NULL DEFAULT '0'
) ENGINE=InnoDB DEFAULT CHARSET=utf8 COLLATE=utf8_unicode_ci;

--
-- Dumping data for table `logs`
--

INSERT INTO `logs` (`id`, `username`, `date`, `logged`) VALUES
(225, 'asola238@xtec.cat', '2016-12-02 17:29:01', 1),
(226, 'asola238@xtec.cat', '2016-12-03 09:37:42', 1),
(227, 'rricart@xtec.cat', '2016-12-03 11:58:53', 1),
(228, 'asola238@xtec.cat', '2016-12-03 17:44:46', 1),
(229, 'asola238@xtec.cat', '2016-12-03 18:24:49', 1),
(230, 'asola238@xtec.cat', '2016-12-03 18:39:34', 1),
(231, 'gbernat@xtec.cat', '2016-12-04 11:13:27', 1),
(232, 'gmontala@xtec.cat', '2016-12-04 11:16:45', 1),
(233, 'gbernat@xtec.cat', '2016-12-04 11:46:21', 1),
(234, 'aclosas2@xtec.cat', '2016-12-04 14:17:45', 1),
(235, 'jmusarra@xtec.cat', '2016-12-04 17:55:02', 1),
(236, 'dvilardell@uoc.edu', '2016-12-04 18:11:25', 1),
(237, 'csuero@xtec.cat', '2016-12-05 08:11:33', 1),
(238, 'jomuma297@gmail.com', '2016-12-05 08:50:17', 1),
(239, 'asola238@xtec.cat', '2016-12-05 10:09:29', 1),
(240, 'aclosas2@xtec.cat', '2016-12-05 11:47:05', 1),
(241, 'aclosas2@xtec.cat', '2016-12-05 12:31:49', 1),
(242, 'aclosas2@xtec.cat', '2016-12-05 12:43:36', 1),
(243, 'anna.tarrats@gmail.c', '2016-12-05 14:18:41', 0),
(244, 'anna.tarrats@xtec.ca', '2016-12-05 14:19:13', 1),
(245, 'aclosas2@xtec.cat', '2016-12-05 17:18:56', 1),
(246, 'xrodrig6@xtec.cat', '2016-12-05 21:45:10', 1),
(247, 'asola238@xtec.cst', '2016-12-06 07:53:14', 0),
(248, 'asola238@xtec.cat', '2016-12-06 07:53:21', 1),
(249, 'anna.tarrats@xtec.ca', '2016-12-06 08:14:27', 1),
(250, 'aclosas2@xtec.cat', '2016-12-06 09:33:58', 1),
(251, 'jmusarra@xtec.cat', '2016-12-06 10:37:12', 1),
(252, 'rmacia@xtec.cat', '2016-12-06 11:35:38', 1),
(253, 'rmacia@xtec.cat', '2016-12-06 12:16:16', 1),
(254, 'mpadrisa@xtec.cat', '2016-12-06 14:46:29', 1),
(255, 'mpadrisa@xtec.cat', '2016-12-06 15:07:54', 1),
(256, 'aclosas@xtec.cat', '2016-12-06 17:28:34', 0),
(257, 'aclosas2@xtec.cat', '2016-12-06 17:28:42', 1),
(258, 'ncarreno@xtec.cat', '2016-12-06 17:42:33', 1),
(259, 'dvilardell@uoc.edu', '2016-12-06 17:48:01', 1),
(260, 'dvilardell@uoc.edu', '2016-12-06 19:01:05', 1),
(261, 'annacovic@xtec.cat', '2016-12-06 19:22:27', 0),
(262, 'acosta22@xtec.cat', '2016-12-06 19:22:47', 1),
(263, 'mmarcos1@xtec.cat', '2016-12-07 04:20:51', 1),
(264, 'ncarreno@xtec.cat', '2016-12-07 07:58:50', 0),
(265, 'ncarreno@xtec.cat', '2016-12-07 07:58:55', 0),
(266, 'ncarreno@xtec.cat', '2016-12-07 07:58:58', 0),
(267, 'ncarreno@xtec.cat', '2016-12-07 08:00:50', 1),
(268, 'csuero@xtec.cat', '2016-12-07 08:05:29', 1),
(269, 'ncarreno@xtec.cat', '2016-12-07 08:51:23', 1),
(270, 'dvilardell@uoc.edu', '2016-12-07 08:56:44', 1),
(271, 'asola238@xtec.cat', '2016-12-07 10:10:47', 1),
(272, 'ncarreno@xtec.cat', '2016-12-07 10:32:25', 1),
(273, 'ncarreno@xtec.cat', '2016-12-07 11:25:21', 1),
(274, 'anna.tarrats@gmail.c', '2016-12-07 11:28:40', 0),
(275, 'anna.tarrats@xtec.ca', '2016-12-07 11:28:49', 0),
(276, 'anna.tarrats@xtec.ca', '2016-12-07 11:28:52', 0),
(277, 'anna.tarrats@xtec.ca', '2016-12-07 11:29:09', 1),
(278, 'Jomuma297@gmail.com', '2016-12-07 11:51:51', 1),
(279, 'gmontala@xtec.cat', '2016-12-07 12:00:42', 1),
(280, 'jfustagu@xtec.cat', '2016-12-07 12:03:41', 1),
(281, 'xrodrig6@xtec.cat', '2016-12-07 12:08:17', 1),
(282, 'cmoral3@xtec.cat', '2016-12-07 12:49:18', 1),
(283, 'cmoral3@xtec.cat', '2016-12-07 12:56:41', 1),
(284, 'jmusarra@xtec.cat', '2016-12-07 13:00:43', 1),
(285, 'csuero@xtec.cat', '2016-12-07 15:03:10', 1),
(286, 'asola238@xtec.cat', '2016-12-08 11:06:15', 1),
(287, 'dvilardell@uoc.edu', '2016-12-08 15:55:26', 1),
(288, 'gmontala@xtec.cat', '2016-12-09 10:35:18', 1),
(289, 'anna.tarrats@xtec.ca', '2016-12-10 09:43:11', 1),
(290, 'jfigue3@xtec.cat', '2016-12-10 11:12:50', 1),
(291, 'gmontala@xtec.cat', '2016-12-11 07:28:48', 1),
(292, 'jmusarra@xtec.cat', '2016-12-11 09:48:49', 1),
(293, 'mmarcos1@xtec.cat', '2016-12-11 11:37:54', 1),
(294, 'mmarcos1@xtec.cat', '2016-12-11 14:56:18', 1),
(295, 'gmontala@xtec.cat', '2016-12-11 16:54:16', 1),
(296, 'anna.tarrats@gmail.c', '2016-12-11 17:31:38', 0),
(297, 'anna.tarrats@xtec.ca', '2016-12-11 17:31:45', 0),
(298, 'anna.tarrats@xtec.ca', '2016-12-11 17:31:49', 0),
(299, 'anna.tarrats@xtec.ca', '2016-12-11 17:32:11', 1),
(300, 'mpadrisa@xtec.cat', '2016-12-11 18:43:33', 1),
(301, 'asola238@xtec.cat', '2016-12-12 10:30:56', 1),
(302, 'jfigue3@xtec.cat', '2016-12-12 11:44:21', 1),
(303, 'rmacia@xtec.cat', '2016-12-12 12:05:16', 1),
(304, 'jomuma297@gmail.com', '2016-12-12 12:13:14', 1),
(305, 'ncarreno@xtec.cat', '2016-12-12 12:29:46', 1),
(306, 'mcast253@xtec.cat', '2016-12-12 12:51:17', 1),
(307, 'jomuma297@gmail.com', '2016-12-12 13:35:34', 1),
(308, 'csuero@xtec.cat', '2016-12-12 15:58:42', 1),
(309, 'lautonel@xtec.cat', '2016-12-12 17:28:25', 1),
(310, 'jfustagu@xtec.cat', '2016-12-12 18:25:33', 1),
(311, 'msentia2@xtec.cat', '2016-12-12 19:30:02', 1),
(312, 'jfustagu@xtec.cat', '2016-12-12 20:19:23', 1),
(313, 'jmusarra@xtec.cat', '2016-12-13 07:47:01', 1),
(314, 'csuero@xtec.cat', '2016-12-13 07:59:43', 1),
(315, 'csuero@xtec.cat', '2016-12-13 09:13:31', 1),
(316, 'csuero@xtec.cat', '2016-12-13 09:31:07', 1),
(317, 'rmacia@xtec.cat', '2016-12-13 10:10:35', 1),
(318, 'csuero@xtec.cat', '2016-12-13 10:35:39', 1),
(319, 'ncarreno@xtec.cat', '2016-12-13 10:42:32', 1),
(320, 'csuero@xtec.cat', '2016-12-13 11:32:40', 1),
(321, 'csuero@xtec.cat', '2016-12-13 11:58:39', 1),
(322, 'rmacia@xtec.cat', '2016-12-13 15:53:20', 1),
(323, 'dvilardell@uoc.edu', '2016-12-13 17:14:58', 1),
(324, 'mpadrisa@xtec.cat', '2016-12-13 18:20:53', 1),
(325, 'lautonel@xtec.cat', '2016-12-13 19:22:24', 1),
(326, 'gbernat@xtec.cat', '2016-12-13 19:35:37', 1),
(327, 'atorram@xtec.cat', '2016-12-13 20:55:53', 0),
(328, 'atorram2@xtec.cat', '2016-12-13 20:56:08', 1),
(329, 'jmusarra@xtec.cat', '2016-12-13 21:08:29', 0),
(330, 'jmusarra@xtec.cat', '2016-12-13 21:08:43', 1),
(331, 'jmusarra@xtec.cat', '2016-12-13 21:24:09', 1),
(332, 'aclosas2@xtec.cat', '2016-12-13 21:59:19', 1),
(333, 'rmacia@xtec.cat', '2016-12-14 07:21:08', 1),
(334, 'jmusarra@xtec.cat', '2016-12-14 07:40:45', 1),
(335, 'rmacia@xtec.cat', '2016-12-14 10:07:10', 1),
(336, 'ncarreno@xtec.cat', '2016-12-14 11:17:20', 1),
(337, 'lautonel@xtec.cat', '2016-12-14 14:06:15', 1),
(338, 'ncarreno@xtec.cat', '2016-12-14 14:11:40', 1),
(339, 'aclosas2@xtec.cat', '2016-12-14 14:23:17', 1),
(340, 'silvia_roes@hotmail.', '2016-12-14 15:42:22', 0),
(341, 'silvia_roes@hotmail.', '2016-12-14 15:42:40', 0),
(342, 'silvia_roes@hotmail.', '2016-12-14 15:42:42', 0),
(343, 'egarc230@xtec.cat', '2016-12-14 15:43:10', 1),
(344, 'csuero@xtec.cat', '2016-12-14 17:09:18', 1),
(345, 'jmusarra@xtec.cat', '2016-12-14 19:04:06', 1),
(346, 'jmusarra@xtec.cat', '2016-12-14 20:59:43', 1),
(347, 'mpadrisa@xtec.cat', '2016-12-14 21:18:30', 1),
(348, 'anna.tarrats@xtec.ca', '2016-12-14 21:43:53', 1),
(349, 'anna.tarrats@xtec.ca', '2016-12-14 22:28:57', 1),
(350, 'sroca22@xtec.cat', '2016-12-15 08:40:16', 1),
(351, 'mmarcos1xtec.cat', '2016-12-15 11:54:38', 0),
(352, 'aclosas2@xtec.cat', '2016-12-15 11:54:44', 1),
(353, 'mmarcos1xtec.cat', '2016-12-15 11:54:52', 0),
(354, 'mmarcos1@xtec.cat', '2016-12-15 11:54:59', 0),
(355, 'mmarcos1@xtec.cat', '2016-12-15 11:55:03', 0),
(356, 'mmarcos1@xtec.cat', '2016-12-15 11:55:13', 0),
(357, 'mmarcos1@xtec.cat', '2016-12-15 11:56:02', 0),
(358, 'mmarcos1@xtec.cat', '2016-12-15 11:56:15', 1),
(359, 'cmoral3@xtec.cat', '2016-12-15 11:58:23', 1),
(360, 'cmoral3@xtec.cat', '2016-12-15 12:50:03', 1),
(361, 'dvilardell@uoc.edu', '2016-12-15 13:19:12', 1),
(362, 'jfigue3@xtec.cat', '2016-12-15 14:00:39', 1),
(363, 'aclosas2@xtec.cat', '2016-12-15 14:26:22', 1),
(364, 'aclosas2@xtec.cat', '2016-12-15 15:45:57', 1),
(365, 'aclosas2@xtec.cat', '2016-12-15 16:58:16', 1),
(366, 'mcast253@xtec.cat', '2016-12-15 17:11:34', 1),
(367, 'ncarreno@xtec.cat', '2016-12-15 17:13:28', 0),
(368, 'ncarreno2@xtec.cat', '2016-12-15 17:13:37', 0),
(369, 'mcast253@xtec.cat', '2016-12-15 17:16:26', 1),
(370, 'ncarren2@xtec.cat', '2016-12-15 18:07:54', 0),
(371, 'ncarreno@xtec.cat', '2016-12-15 18:08:11', 1),
(372, 'aclosas2@xtec.cat', '2016-12-15 19:03:57', 1),
(373, 'ncarreno@xtec.cat', '2016-12-15 19:18:16', 1),
(374, 'ncarreno@xtec.cat', '2016-12-16 07:25:31', 1),
(375, 'csuero@xtec.cat', '2016-12-16 09:52:02', 1),
(376, 'csuero@xtec.cat', '2016-12-16 09:52:31', 1),
(377, 'csuero@xtec.cat', '2016-12-16 10:55:06', 1),
(378, 'csuero@xtec.cat', '2016-12-16 11:06:21', 1),
(379, 'csuero@xtec.cat', '2016-12-16 11:43:01', 1),
(380, 'lautonel@xtec.cat', '2016-12-16 12:36:23', 1),
(381, 'csuero@xtec.cat', '2016-12-16 12:48:02', 1),
(382, 'lautonel@xtec.cat', '2016-12-16 12:56:37', 1),
(383, 'lautonel@xtec.cat', '2016-12-16 12:57:45', 1),
(384, 'csuero@xtec.cat', '2016-12-16 12:58:19', 1),
(385, 'lautonell@xtec.cat', '2016-12-16 13:01:41', 0),
(386, 'lautonell@xtec.cat', '2016-12-16 13:01:47', 0),
(387, 'lautonel@xtec.cat', '2016-12-16 13:01:58', 1),
(388, 'lautonel@xtec.cat', '2016-12-16 13:17:02', 1),
(389, 'csuero@xtec.cat', '2016-12-16 13:29:41', 1),
(390, 'csuero@xtec.cat', '2016-12-16 13:29:41', 1),
(391, 'csuero@xtec.cat', '2016-12-16 13:30:17', 1),
(392, 'lautonel@xtec.cat', '2016-12-16 13:30:33', 1),
(393, 'csuero@xtec.cat', '2016-12-16 13:34:56', 1),
(394, 'lautonel@xtec.cat', '2016-12-16 13:41:56', 1),
(395, 'ncarreno@xtec.cat', '2016-12-16 13:42:19', 1),
(396, 'lautonel@xtec.cat', '2016-12-16 13:43:05', 1),
(397, 'mcarreno@xtec.cat', '2016-12-16 13:43:28', 0),
(398, 'ncarreno@xtec.cat', '2016-12-16 13:43:35', 1),
(399, 'csuero@xtec.cat', '2016-12-16 13:48:54', 1),
(400, 'lautonel@xtec.cat', '2016-12-16 13:49:24', 1),
(401, 'ncarreno@xtec.cat', '2016-12-16 13:49:53', 0),
(402, 'ncarreno@xtec.cat', '2016-12-16 13:49:58', 1),
(403, 'ncarreno@xtec.cat', '2016-12-16 13:50:12', 1),
(404, 'csuero@xtec.cat', '2016-12-16 13:50:29', 1),
(405, 'ncarreno@xtec.cat', '2016-12-16 13:50:51', 1),
(406, 'lautonel@xtec.cat', '2016-12-16 13:51:07', 1),
(407, 'csuero@xtec.cat', '2016-12-16 16:29:12', 1),
(408, 'lautonel@xtec.cat', '2016-12-16 17:02:42', 1),
(409, 'csuero@xtec.cat', '2016-12-16 17:48:31', 1),
(410, 'csuero@xtec.cat', '2016-12-16 17:53:53', 1),
(411, 'lautonel@xtec.cat', '2016-12-16 17:54:29', 1),
(412, 'csuero@xtec.cat', '2016-12-16 17:54:41', 1),
(413, 'ncarreno@xtec.cat', '2016-12-16 17:55:17', 1),
(414, 'lautonel@xtec.cat', '2016-12-16 17:57:01', 1),
(415, 'csuero@xtec.cat', '2016-12-16 17:57:24', 1),
(416, 'lautonel@xtec.cat', '2016-12-16 17:57:37', 1),
(417, 'lautonel@xtec.cat', '2016-12-16 17:58:04', 1),
(418, 'lautonel@xtec.cat', '2016-12-16 18:01:28', 1),
(419, 'lautonel@xtec.cat', '2016-12-16 18:13:37', 1),
(420, 'csuero@xtec.cat', '2016-12-16 18:21:56', 1),
(421, 'lautonel@xtec.cat', '2016-12-16 18:25:28', 1),
(422, 'lautonel@xtec.cat', '2016-12-16 18:33:09', 1),
(423, 'csuero@xtec.cat', '2016-12-16 20:03:04', 1),
(424, 'csuero@xtec.cat', '2016-12-16 20:03:18', 1),
(425, 'ncarreno@xtec.cat', '2016-12-17 08:35:29', 1),
(426, 'lautonel@xtec.cat', '2016-12-17 08:36:11', 1),
(427, 'csuero@xtec.cat', '2016-12-17 08:37:06', 1),
(428, 'ncarreno@xtec.cat', '2016-12-17 08:43:02', 1),
(429, 'csuero@xtec.cat', '2016-12-17 09:06:22', 1),
(430, 'csuero@xtec.cat', '2016-12-17 11:55:56', 1),
(431, 'lautonel@xtec.cat', '2016-12-17 12:40:34', 1),
(432, 'csuero@xtec.cat', '2016-12-17 12:40:44', 1),
(433, 'lautonel@xtec.cat', '2016-12-18 09:04:32', 1),
(434, 'csuero@xtec.cat', '2016-12-18 09:04:44', 1),
(435, 'csuero@xtec.cat', '2016-12-19 14:57:23', 1),
(436, 'ncarren@xtec.cat', '2016-12-19 14:58:01', 0),
(437, 'ncarren2@xtec.cat', '2016-12-19 14:58:06', 0),
(438, 'ncarreno@xtec.cat', '2016-12-19 14:58:17', 1),
(439, 'csuero@xtec.cat', '2016-12-20 12:03:10', 1),
(440, 'lautonel@xtec.cat', '2016-12-20 12:03:54', 1),
(441, 'csuero@xtec.cat', '2016-12-22 11:56:42', 1),
(442, 'csuero@xtec.cat', '2016-12-23 16:09:58', 1),
(443, 'cmoral3@xtec.cat', '2016-12-24 06:39:16', 1),
(444, 'ncarreno@xtec.cat', '2016-12-24 06:39:38', 0),
(445, 'ncarreno@xtec.cat', '2016-12-24 06:39:58', 1),
(446, 'cmoral3@xtec.cat', '2016-12-24 06:43:17', 1),
(447, 'csuero@xtec.cat', '2016-12-24 09:44:58', 1),
(448, 'lautonel@xtec.cat', '2016-12-24 10:25:30', 1),
(449, 'csuero@xtec.cat', '2016-12-24 12:50:39', 1),
(450, 'ncarreno@xtec.cat', '2016-12-24 13:13:11', 1),
(451, 'ncarreno@xtec.cat', '2016-12-24 13:13:12', 1),
(452, 'cmoral3@xtec.cat', '2016-12-24 13:26:04', 1),
(453, 'csuero@xtec.cat', '2016-12-24 18:25:21', 1),
(454, 'cmoral3@xtec.cat', '2016-12-24 19:10:27', 1),
(455, 'csuero@xtec.cat', '2016-12-24 19:27:01', 1),
(456, 'csuero@xtec.cat', '2016-12-24 22:22:32', 1),
(457, 'csuero@xtec.cat', '2016-12-25 08:07:20', 1),
(458, 'csuero@xtec.cat', '2016-12-28 18:50:21', 1),
(459, 'lautonel@xtec.cat', '2016-12-28 20:14:10', 1),
(460, 'csuero@xtec.cat', '2016-12-28 20:15:13', 1),
(461, 'csuero@xtec.cat', '2016-12-28 21:43:28', 1),
(462, 'csuero@xtec.cat', '2016-12-29 09:39:37', 1),
(463, 'csuero@xtec.cat', '2016-12-29 09:40:34', 1),
(464, 'csuero@xtec.cat', '2016-12-29 09:40:49', 1),
(465, 'csuero@xtec.cat', '2016-12-29 09:42:06', 1),
(466, 'csuero@xtec.cat', '2016-12-29 09:42:50', 1),
(467, 'csuero@xtec.cat', '2016-12-29 09:44:10', 1),
(468, 'asdffsd', '2016-12-29 09:47:27', 0),
(469, 'csuero@xtec.cat', '2016-12-29 09:47:36', 1),
(470, 'csuero@xtec.cat', '2016-12-29 10:17:12', 1),
(471, 'csuero@xtec.cat', '2016-12-29 10:17:21', 0),
(472, 'csuero@xtec.cat', '2016-12-29 10:17:25', 1),
(473, 'csuero@xtec.cat', '2016-12-29 11:09:37', 1),
(474, 'lautonel@xtec.cat', '2016-12-29 11:29:16', 1),
(475, 'cmorale@xtec.cat', '2016-12-29 11:29:29', 0),
(476, 'cmoral3@xtec.cat', '2016-12-29 11:29:33', 1),
(477, 'csuero@xtec.cat', '2016-12-29 11:31:45', 1),
(478, 'lautonel@xtec.cat', '2016-12-29 12:13:57', 1),
(479, 'csuero@xtec.cat', '2016-12-29 12:20:27', 1),
(480, 'csuero@xtec.cat', '2016-12-29 12:36:54', 0),
(481, 'csuero@xtec.cat', '2016-12-29 12:37:00', 0),
(482, 'csuero@xtec.cat', '2016-12-29 12:37:06', 0),
(483, 'csuero@xtec.cat', '2016-12-29 12:37:14', 0),
(484, 'csuero@xtec.cat', '2016-12-29 12:37:58', 1),
(485, 'csuero@xtec.cat', '2016-12-29 12:38:21', 0),
(486, 'csuero@xtec.cat', '2016-12-29 12:41:20', 1),
(487, 'csuero@xtec.cat', '2016-12-29 12:43:44', 1),
(488, 'csuero@xtec.cat', '2016-12-29 12:48:19', 1),
(489, 'csuero@xtec.cat', '2016-12-29 12:49:29', 1),
(490, 'csuero@xtec.cat', '2016-12-29 13:36:01', 1),
(491, 'cmoral3@xtec.cat', '2016-12-29 13:36:18', 1),
(492, 'cmoral3@xtec.cat', '2016-12-29 13:36:57', 1),
(493, 'csuero@xtec.cat', '2016-12-29 13:37:06', 1),
(494, 'lautonel@xtec.cat', '2016-12-29 13:38:07', 1),
(495, 'csuero@xtec.cat', '2016-12-29 17:09:51', 1),
(496, 'csuero@xtec.cat', '2016-12-30 08:16:51', 1),
(497, 'cmoral3@xtec.cat', '2016-12-30 10:20:28', 1),
(498, 'lautonel@xtec.catq', '2016-12-30 10:21:36', 0),
(499, 'lautonel@xtec.cat', '2016-12-30 10:21:39', 1),
(500, 'csuero@xtec.cat', '2016-12-30 10:22:33', 1),
(501, 'csuero@xtec.cat', '2016-12-30 12:17:05', 1),
(502, 'csuero@xtec.cat', '2016-12-30 20:02:21', 1),
(503, 'csuero@xtec.cat', '2016-12-31 07:41:16', 1),
(504, 'csuero@xtec.cat', '2016-12-31 09:06:45', 1),
(505, 'csuero@xtec.cat', '2017-01-01 02:13:45', 1),
(506, 'csuero@xtec.cat', '2017-01-01 11:02:55', 1),
(507, 'cmoral3@xtec.cat', '2017-01-01 12:32:29', 1),
(508, 'csuero@xtec.cat', '2017-01-01 12:34:23', 1),
(509, 'csuero@xtec.catq', '2017-01-01 13:35:51', 0),
(510, 'csuero@xtec.cat', '2017-01-01 13:35:58', 1),
(511, 'csuero@xtec.cat', '2017-01-02 09:38:55', 1),
(512, 'csuero@xtec.cat', '2017-01-02 10:30:45', 1),
(513, 'csuero@xtec.cat', '2017-01-02 15:41:34', 1),
(514, 'csuero@xtec.cat', '2017-01-02 16:51:04', 1),
(515, 'csuero@xtec.cat', '2017-01-02 17:53:00', 1),
(516, 'csuero@xtec.cat', '2017-01-02 18:48:07', 1),
(517, 'csuero@xtec.cat', '2017-01-02 21:19:40', 1),
(518, 'csuero@xtec.cat', '2017-01-02 21:31:36', 1),
(519, 'csuero@xtec.cat', '2017-01-02 21:34:25', 1),
(520, 'csuero@xtec.cat', '2017-01-02 21:35:16', 1),
(521, 'csuero@xtec.cat', '2017-01-02 21:40:54', 1),
(522, 'csuero@xtec.cat', '2017-01-02 21:54:11', 1),
(523, 'csuero@xtec.cat', '2017-01-02 23:10:21', 1),
(524, 'csuero@xtec.cat', '2017-01-03 09:49:30', 1),
(525, 'csuero@xtec.cat', '2017-01-04 10:50:14', 1),
(526, 'csuero@xtec.cat', '2017-01-05 10:12:22', 1),
(527, 'csuero@xtec.cat', '2017-01-05 10:15:39', 1),
(528, 'csuero@xtec.cat', '2017-01-05 22:31:49', 1),
(529, 'csuero@xtec.cat', '2017-01-06 09:46:54', 1),
(530, 'csuero@xtec.cat', '2017-01-06 10:06:56', 1),
(531, 'cmoral3@xtec.cat', '2017-01-06 22:30:46', 1),
(532, 'csuero@xtec.cat', '2017-01-07 08:36:12', 1),
(533, 'csuero@xtec.cat', '2017-01-07 09:21:33', 1),
(534, 'cmoral3@xtec.cat', '2017-01-07 10:19:16', 1),
(535, 'csuero@xtec.cat', '2017-01-07 12:03:21', 1),
(536, 'ncarren@xtec.cat', '2017-01-07 12:13:27', 0),
(537, 'ncarreno@xtec.cat', '2017-01-07 12:13:32', 1),
(538, 'asola238@xtec.cat', '2017-01-07 12:17:03', 1),
(539, 'mcast253@xtec.cat', '2017-01-07 12:17:27', 1),
(540, 'ncarreno@xtec.cat', '2017-01-07 12:19:48', 1),
(541, 'cmoral@xtec.cat', '2017-01-07 12:31:06', 0),
(542, 'cmoral3@xtec.cat', '2017-01-07 12:31:11', 1),
(543, 'lautonel@xtec.cat', '2017-01-07 12:43:18', 1),
(544, 'lautonel@xtec.cat', '2017-01-07 13:26:42', 0),
(545, 'lautonel@xtec.cat', '2017-01-07 13:26:45', 1),
(546, 'cmoral3@xtec.cat', '2017-01-08 09:08:58', 1),
(547, 'csuero@xtec.cat', '2017-01-08 10:38:07', 1),
(548, 'csuero@xtec.cat', '2017-01-08 11:45:27', 1),
(549, 'csuero@xtec.cat', '2017-01-08 20:13:32', 1),
(550, 'lautonel@xtec.cat', '2017-01-08 22:12:24', 1),
(551, 'csuero@xtec.cat', '2017-01-09 07:26:13', 1),
(552, 'csuero@xtec.cat', '2017-01-09 09:24:54', 1),
(553, 'csuero@xtec.cat', '2017-01-09 12:03:54', 1),
(554, 'csuero@xtec.cat', '2017-01-09 16:54:52', 1),
(555, 'admin', '2017-01-09 16:55:57', 1),
(556, 'admin', '2017-01-09 17:01:54', 1),
(557, 'specialist', '2017-01-09 17:02:25', 1),
(558, 'tutor1', '2017-01-09 17:02:36', 1),
(559, 'tutor2', '2017-01-09 17:02:49', 1),
(560, 'reinforcer', '2017-01-09 17:03:19', 1),
(561, 'multi', '2017-01-09 17:03:30', 1),
(562, 'tutor1', '2017-01-09 17:09:56', 1),
(563, 'tutor2', '2017-01-09 17:10:07', 1),
(564, 'tutor2', '2017-01-09 17:10:45', 1),
(565, 'reinforcer', '2017-01-09 17:10:59', 1),
(566, 'admin', '2017-01-09 17:12:02', 1),
(567, 'admin', '2017-01-09 17:12:52', 1),
(568, 'admin', '2017-01-09 17:15:15', 1),
(569, 'admin', '2017-01-09 17:29:23', 1),
(570, 'specialist', '2017-01-09 17:31:48', 1),
(571, 'admin', '2017-01-09 18:53:41', 1),
(572, 'tutor2', '2017-01-09 20:42:51', 1),
(573, 'tutor1', '2017-01-09 20:43:09', 1),
(574, 'multi', '2017-01-09 20:43:47', 1),
(575, 'admin', '2017-01-09 22:05:52', 1),
(576, 'admin', '2017-01-10 06:36:54', 1),
(577, 'admin', '2017-01-10 08:43:53', 1),
(578, 'csuero@xtec.cat', '2017-01-10 19:07:21', 0),
(579, 'admin', '2017-01-10 19:07:27', 1),
(580, 'admin', '2017-01-10 22:26:23', 1),
(581, 'admin', '2017-01-11 11:26:08', 1),
(582, 'admin', '2017-01-11 16:41:27', 1),
(583, 'specialist', '2017-01-11 16:46:13', 1),
(584, 'specialist', '2017-01-11 16:46:24', 1),
(585, 'admin', '2017-01-11 16:46:29', 1),
(586, 'specialist', '2017-01-11 16:46:48', 1),
(587, 'admin', '2017-01-11 16:47:00', 1),
(588, 'tutor1', '2017-01-11 18:06:03', 1),
(589, 'tutor2', '2017-01-11 18:08:08', 1);

-- --------------------------------------------------------

--
-- Table structure for table `menus`
--

CREATE TABLE `menus` (
  `id` int(11) NOT NULL,
  `name` varchar(10) COLLATE utf8_unicode_ci NOT NULL
) ENGINE=InnoDB DEFAULT CHARSET=utf8 COLLATE=utf8_unicode_ci;

--
-- Dumping data for table `menus`
--

INSERT INTO `menus` (`id`, `name`) VALUES
(1, 'basic'),
(2, 'teacher'),
(3, 'admin'),
(4, 'print');

-- --------------------------------------------------------

--
-- Table structure for table `menu_items`
--

CREATE TABLE `menu_items` (
  `id` int(11) NOT NULL,
  `menu_id` int(11) DEFAULT NULL,
  `name` varchar(30) COLLATE utf8_unicode_ci NOT NULL,
  `function` varchar(30) COLLATE utf8_unicode_ci NOT NULL,
  `order` int(11) NOT NULL
) ENGINE=InnoDB DEFAULT CHARSET=utf8 COLLATE=utf8_unicode_ci;

--
-- Dumping data for table `menu_items`
--

INSERT INTO `menu_items` (`id`, `menu_id`, `name`, `function`, `order`) VALUES
(1, 1, 'Sortir', 'logout', 100),
(2, 1, 'Tornar a l’inici', 'main', 0),
(3, 2, 'Dades personals', 'editPersonalData', 10),
(4, 3, 'Administrar usuaris', 'listAllTeachers', 30),
(5, 3, 'Administrar estudiants', 'listClassroomStudents', 31),
(6, 3, 'Administrar cursos', 'listCourses', 32),
(7, 3, 'Administrar tutories', 'listAllClassrooms', 33),
(8, 3, 'Administrar especialitats', 'listAllSpecialities', 34),
(9, 3, 'Administrar EE i AiLl', 'listAllReinforcings', 35),
(10, 3, 'Administrar dimensions', 'listAllDimensions', 36),
(11, 4, 'Imprimir alumne', 'printStudent', 20),
(12, 4, 'Imprimir classe', 'printClassroom', 21),
(13, 2, 'Enviar missatge', 'sendMessage', 11);

-- --------------------------------------------------------

--
-- Table structure for table `observations`
--

CREATE TABLE `observations` (
  `id` int(11) NOT NULL,
  `course_id` int(11) DEFAULT NULL,
  `student_id` int(11) DEFAULT NULL,
  `text` varchar(4000) COLLATE utf8_unicode_ci NOT NULL,
  `trimestre_id` int(11) DEFAULT NULL,
  `reinforceclassroom_id` int(11) DEFAULT NULL
) ENGINE=InnoDB DEFAULT CHARSET=utf8 COLLATE=utf8_unicode_ci;

--
-- Dumping data for table `observations`
--

INSERT INTO `observations` (`id`, `course_id`, `student_id`, `text`, `trimestre_id`, `reinforceclassroom_id`) VALUES
(25, 1, 161, 'A l\'aula d\'Audició i Llenguatge ha mostrat una actitud molt bona. És molt participatiu i assisteix a l’aula amb ganes. Dels sons propis dels 6/7 anys que haurien d\'estar consolidats, mostra entrebancs en el fonema /rr/, i el so /s/ es troba una mica distorsionat. Caldrà continuar treballant-hi. En llenguatge, s’expressa bé, fent servir frases ben estructurades i amb un vocabulari adequat a la seva edat.', 1, 2),
(26, 1, 234, 'Assisteix a l’aula d\'Audició i Llenguatge amb ganes i motivació. En moments puntuals, però, desconnecta i se li ha de cridar l’atenció per reconduir-lo a l’activitat. Dels sons propis dels 6/7 anys que haurien d\'estar consolidats, es va aproximant a la pronuncia del so /rr/, tot i que encara hi ha entrebancs en el so /s/. En llenguatge, utilitza frases ben estructurades i amb un vocabulari adequat a la seva edat.', 1, 2),
(27, 1, 165, 'La seva actitud a l’aula d\'Audició i Llenguatge és molt bona. És molt participativa. Molts dels sons propis dels 6/7 anys els té assolits, tot i que caldrà continuar treballant en el fonema /rr/, que encara es troba una mica distorsionat. Pel que fa al llenguatge, aquest és adequat a la seva edat i amb un vocabulari correcte. S’expressa molt bé.', 1, 2),
(28, 1, 194, 'A l\'aula d\'Audició i Llenguatge és molt participatiu i té una actitud molt oberta. Molts dels sons propis dels 6/7 anys els té assolits, tot i que caldria continuar treballant en el fonema /rr/, que el comença a articular lleugerament. Les sessions de logopeda extern hi han incidit molt positivament. Té un vocabulari ric i un llenguatge adequat a la seva edat. S’expressa amb molta facilitat.', 1, 2),
(29, 1, 136, 'La seva actitud a l’aula d\'Audició i Llenguatge és molt bona. Té ganes de participar i expressar-se. Dels sons propis dels 6/7 anys que haurien d\'estar consolidats, ha d’acabar d’assolir el so /s/ i /rr/, tot i que la seva pronuncia s’hi va acostant. El seu llenguatge és adequat a la seva edat i té un vocabulari força ric. Diu algunes paraules en castellà.', 1, 2),
(30, 1, 96, 'A l\'aula d\'Audició i Llenguatge, tot i que mostra entusiasme a l’hora de començar les sessions, acostuma a tenir una actitud d’enfadament quan les coses no surten com ell vol. No li agrada “perdre” i es rebota molt fàcilment. Dels sons propis dels 6/7 anys que haurien d\'estar consolidats, ha d’acabar d’assolir el fonema /s/ i /rr/. Es valora molt positivament les ganes que té d’expressar-se. S’observen alguns entrebancs en el seu llenguatge. Caldrà continuar treballant per tal que estructuri bé les oracions i adquireixi un vocabulari més ampli.', 1, 2),
(31, 1, 359, 'A l\'aula d\'Audició i Llenguatge té una actitud molt bona. Participa amb moltes ganes. Dels sons propis dels 6/7 anys que haurien d\'estar consolidats, falta per assolir el fonema /r/, ja que sovint fa substitucions pel so de /l/. És el fonema en el qual caldrà incidir més. Es va aproximant al so de /s/. A nivell de llenguatge, té un vocabulari ampli i ric. Estructura bé les oracions.', 1, 2),
(32, 1, 193, 'Assisteix a l’aula d\'Audició i Llenguatge amb motivació i la seva actitud és molt bona. Dels sons propis dels 6/7 anys que haurien d\'estar consolidats, falta per acabar d\'assolir el fonema /rr/, en el qual es continuarà treballant ja que en ocasions el substitueix per un altre so. S’aproxima molt al so de /s/. En llenguatge, estructura bé les oracions i té un vocabulari ric i adequat a la seva edat.', 1, 2),
(33, 1, 338, 'En Rodrigo té una actitud molt bona durant les sessions d\'Audició i Llenguatge. És treballador i assisteix a l’aula amb motivació. Tot i realitzar sessions individuals, s’ha obert molt i hem establert un bon clima de treball. En la parla es poden apreciar entrebancs en el fonema /s/, que es troba distorsionat, i en el qual s’haurà de continuar treballant ja que es tracta d’un so que fa temps que hauria d’estar assolit. Pel que fa al llenguatge, en moments puntuals mostra dificultats per utilitzar algunes paraules. Sovint, fa servir paraules del castellà per parlar i per escriure. En general, però, té un llenguatge adequat a la seva edat i s’expressa amb facilitat, sobretot de forma oral. En l’escriptura s’hi poden veure algunes omissions, substitucions i addicions de sons. També s’observen errades en el verb estar:', 1, 2),
(34, 1, 54, '\"La Martina és una nena brillant i treballadora. Té una imaginació extraordinària i és molt creativa. De vegades es bloqueja davant de les dificultats i li costa acceptar els seus límits. No tolera el fracàs. De vegades menysté les aportacions d\'alguns companys i companyes.\\n\\nCal anar treballant aspectes actitudinals, com la tolerància i el cooperativisme, que l\'enriquiran com a persona.\\n\\nÀnims\\n\\nUs desitjo unes Bones Festes!\"', 1, NULL),
(37, 1, 58, '\"Bon treball de l\'Èric en aquest primer trimestre.Hem de seguir practicant per millorar l\'agilitat lectora.  A partir del mes de gener us lliurarem un llibre de lectures per a fer-les a casa. Bon Nadal i feliç any nou! \"', 1, NULL),
(38, 1, 55, '\"Molt bon treball de la Xesca durant el primer trimestre, l\'hem de felicitar. A partir de gener us lliurarem un llibre de lectures per tal de millorar una mica l\'agilitat lectora. Bon Nadal i feliç any nou!\"', 1, NULL),
(39, 1, 23, '\"Cal felicitar el bon treball realitzat de la Cloé durant aquest primer trimestre. Se la veu molt contenta a l\'aula i amb moltes ganes de col·laborar i aprendre. Bon Nadal i feliç any nou!\"', 1, NULL),
(40, 1, 42, '\"Bon treball d\'en Paul en aquest primer trimestre. Hem de seguir practicant per millorar l\'agilitat lectora. A partir del mes de gener us lliurarem un llibre de lectures per a fer-les a casa. Bon Nadal i feliç any nou! \"', 1, NULL),
(41, 1, 71, '\"Cal felicitar en Roger pel  molt bon treball realitat en aquest primer trimestre. Se\'l veu molt motivat i amb ganes d\'aprendre. Bon Nadal i feliç 2017! \"', 1, NULL),
(42, 1, 97, '\"Bon treball de la Koumba en aquest primer trimestre. Hem de seguir practicant per millorar l\'agilitat lectora.  Bones Festes! \"', 1, NULL),
(43, 1, 120, '\"Bon treball d\'en Marc en aquest primer trimestre. Hem de seguir practicant per millorar l\'agilitat lectora.  A partir del mes de gener us lliurarem un llibre de lectures per a fer-les a casa. Bon Nadal i feliç any nou! \"', 1, NULL),
(44, 1, 150, '\"Cal felicitar a l\'Issa pel bon treball en aquest primer trimestre.  A partir del mes de gener us lliurarem un llibre de lectures per a fer-les a casa. Hem de seguir treballant l\'agilitat lectora i els hàbits de treball. Bones Festes! \"', 1, NULL),
(45, 1, 156, '\"En Mahamadou ha tingut una l\'evolució adequada en aquest primer trimestre. Hem de seguir treballant l\'agilitat lectora i els hàbits de treball.  A partir del mes de gener us lliurarem un llibre de lectures per a fer-les a casa. Bones Festes! \"', 1, NULL),
(46, 1, 175, '\"La Idoia ha realitzat un molt bon treball en aquest primer trimestre. Hem de practicar més la lectura per poder millorar l\'agilitat lectora. A partir del mes de gener us lliurarem un llibre de lectures per a fer-les a casa. Bon Nadal i feliç any nou! \"', 1, NULL),
(47, 1, 179, '\"Bon treball d\'en Sirac en aquest primer trimestre. Hem de seguir practicant per millorar l\'agilitat lectora.  A partir del mes de gener us lliurarem un llibre de lectures per a fer-les a casa. Bon Nadal i feliç 2017! \"', 1, NULL),
(48, 1, 187, '\"Cal felicitar a l\'Ainara pel bon treball realitzat en aquest primer trimestre ha tingut una evolució molt favorable en l\'agilitat lectora. Cal vetllar perquè sigui més curosa alhora de presentar les tasques, a vegades vol acabar ràpid i no es fixa en la presentació i el resultat. Bon Nadal i feliç any nou! \"', 1, NULL),
(49, 1, 216, '\"Cal que continuem llegint a diari per guanyar agilitat lectora. A partir de gener us lliurarem un llibre de lectures per fer-les a casa. Bon Nadal i feliç any nou! \"', 1, NULL),
(50, 1, 232, '\"Bon treball d\'en Dídac en aquest primer trimestre. Hem de seguir practicant per millorar l\'agilitat lectora. A partir del mes de gener us lliurarem un llibre de lectures per a fer-les a casa. Bon Nadal i feliç any nou! \"', 1, NULL),
(51, 1, 318, '\"Cal felicitar a la Irene pel treball realitzat en aquest primer trimestre. Bon Nadal i feliç any nou!\"', 1, NULL),
(52, 1, 322, '\"Cal felicitar a la Bruna pel bon treball realitzat en aquest primer trimestre. Se la veu feliç a l\'aula i amb moltes ganes d\'aprendre. Hem de seguir practicant la lectura per millorar una mica l\'agilitat lectora. A partir del mes de gener us lliurarem un llibre de lectures per a fer-les a casa. Bon Nadal i feliç 2017! \"', 1, NULL),
(53, 1, 347, '\"Actitud positiva d\'en Nel durant aquest primer trimestre. Hem de seguir practicant per millorar l\'agilitat lectora. A partir del mes de gener us lliurarem un llibre de lectures per a fer-les a casa. Bon Nadal i feliç any nou! \"', 1, NULL),
(54, 1, 351, '\"Bon treball de l\'Olga en aquest primer trimestre. Hem de seguir practicant per millorar l\'agilitat lectora. A partir del mes de gener us lliurarem un llibre de lectures per a fer-les a casa. Bon Nadal i feliç any nou! \"', 1, NULL),
(55, 1, 354, '\"Cal felicitar la Cristina pel molt bon treball realitat en aquest primer trimestre. Bon Nadal i feliç any nou! \"', 1, NULL),
(56, 1, 420, '\"Cal felicitar la Júlia pel molt bon treball realitat en aquest primer trimestre. Bon Nadal i feliç 2017! \"', 1, NULL),
(57, 1, 15, '\"La Nora s\'ha adaptat sense massa dificultat, tenint en compte que no havia anat mai a l\'escola. Els primers dies li costava separar-se dels pares però ara entra contenta i s\'ho passa bé. Gaudeix de les activitats i mostra interès pel que fem, tot i que participa poc. A vegades, potser perquè no entén tot el que explico ella perd l\'interès i es distreu jugant. Li agrada fer el que ella vol i no sempre  respecta les normes de la classe. Es comunica molt poc verbalment. Manté una bona relació amb els seus companys i amb la mestra.                                                                                                              \\n                                                                                                                                          BONES VACANCES!                                  \"', 1, NULL),
(58, 1, 16, '\"L\'Elissa  s\'ha adaptat sense massa dificultat. Ve contenta i s\'ho passa bé. Últimament des que la porta la cangur li costa entrar, espera que jo surti a buscar-la.  Gaudeix i participa de les activitats i mostra interès per tot.  Es comunica molt poc verbalment però sempre que necessita alguna cosa es fa entendre. Manté molt bona relació amb els seus companys i \\namb la mestra.\\n                                                                                                                                                        BONES VACANCES!\"', 1, NULL),
(59, 1, 35, '\"MAHAMADOU LAMINE SE HA ADAPTADO BIEN EN LA ESCUELA SIN DEMASIADAS DIFICULTADES, TENIENDO EN CUENTA QUE NO HABÍA ESTADO ESCOLARIZADO ANTERIORMENTE.  SE MUESTRA CONTENTO, JUEGA Y PARTICIPA DE LAS ACTIVIDADES. SE COMUNICA MUY POCO Y NO SIEMPRE COMPRENDE LO QUE SE LE PREGUNTA O LO QUE EXPLICAMOS. SE RELACIONA POCO CON SUS COMPAÑEROS, CASI SIEMPRE JUEGA CON SEIDOU. MANTIENE UNA BUENA RELACIÓN CON LA MAESTRA.\\n                                                                                                                                                  BONES VACANCES!\"', 1, NULL),
(60, 1, 36, '\"L\'Aya s\'ha adaptat sense  dificultat, tenint en compte que no havia anat mai a l\'escola. Els primers dies li costava separar-se de la mare però ara entra contenta i s\'ho passa bé. Gaudeix i participa de les activitats i mostra interès per tot el que fem. Crec que no sempre entén el que explico, però ella para atenció.Li agrada fer el que ella vol i a vegades costa fer-li entendre que no pot ser. Es comunica molt però l\'entenem poc. Manté molt  bona relació amb els seus companys i amb mestra. la                                                                                                                                                            BONES VACANCES!\"', 1, NULL),
(61, 1, 52, '\"En Dani s\'ha adaptat molt bé a l\'escola, Ve contenta, gaudeix i participa de les activitats. Es mostra comunicatiu i obert. Li agrada fer el que li ve de gust i no sempre respecta les normes de la classe. Té una bona relació amb els seus companys i amb la mestra però, a vegades, quan vol aconseguir el que ell vol ho fa de manera violenta, cal insistir que utilitzi el diàleg. \\n                                                                                                                                                           BONES VACANCES!   \"', 1, NULL),
(62, 1, 72, '\"L\'Angus s\'ha adaptat sense massa dificultat. Ve content i s\'ho passa bé. He notat força canvi en la seva actitud des d\'inici de curs. Ara es mostra més obert i comunicatiu,  es relaciona més amb els companys i amb la mestra. Gaudeix i participa de les activitats i mostra interès per tot.                                          \\n                                                                                                                                           BONES VACANCES!                           \\n                     \"', 1, NULL),
(63, 1, 17, '\"Ha assolit bé els aprenentatges treballats en aquest trimestre. Se sap concentrar en el treball i en les explicacions, però a principis de trimestre es despistava força fent sorollets. Sol relacionar-se bé amb els seus companys, però hi ha algunes situacions de conflicte que li costa resoldre i ho fa de manera agressiva. S\'haurà de treballar aquest aspecte de resolució de conflictes durant el curs.\\n\\nBon Nadal!\"', 1, NULL),
(64, 1, 25, 'Assoleix bé els aprenentatges treballats en aquest trimestre. Se li han avaluat les àrees de llengua catalana i de matemàtiques segons els seus Pis. És una alumna que, tot i que li costen els nous aprenentatges, es mostra molt treballadora i es posa a fer la feina. Ha de tenir algú a la vora perquè no perdi el fil i centrar-la en la feina. Té dies on està molt motivada per aprendre i treballar i d\'altres en què està més dispersa. A nivell de relació amb el grup, mica a mica va trobant més nens per relacionar-se i jugar.\n\n Bon Nadal!', 1, NULL),
(65, 1, 43, ' Assoleix bé els aprenentatges treballats en aquest trimestre excepte en l\'àrea de llengua catalana. En llengua mostra dificultats en el procés de lectoescriptura (reconeixement de sons, escriptura i lectura de paraules). Per aquest motiu proposo que l\'Ilyas vingui al SEP matinal per tal d\'ajudar-lo en aquest aspecte. A classe és un nen treballador i que té moltes ganes d\'aprendre.  Cada cop es va comunicant més amb l\'adult perquè es veu més segur que pot dir-ho bé.\nA l\'hora del joc és força enjogassat quan es deixa arrossegar pels seus amics.\n\nBon Nadal!\n', 1, NULL),
(66, 1, 61, 'Ha assolit molt bé els aprenentatges treballats en aquest trimestre. Té uns bons hàbits de treball i es mostra treballadora i amb ganes d\'aprendre. És una alumna molt extrovertida amb moltes ganes de parlar i explicar tot el que li passa. Per aquest motiu hi ha cop que se li ha de cridar l\'atenció perquè no es despisti a l\'hora d treballar.\nEs relaciona bé amb els alumnes de la classe.\n\nBon Nadal!', 1, NULL),
(67, 1, 79, 'Ha assolit molt bé els aprenentatges treballats en aquest trimestre. Té una actitud molt responsable amb tot el que es fa a l\'escola. Es mostra treballador, participatiu, amb ganes d\'aprendre i se sap centrar en la feina. Es relaciona bé amb els companys de la classe, però amb el grupet que se sol fer més de vegades es veu involucrat en situacions poc adients. Amb tot, davant d\'aquestes situacions accepta les conseqüències i n\'aprèn la lliçó.\n\nBon Nadal!', 1, NULL),
(68, 1, 96, '\"Assoleix de manera justeta els continguts treballats en aquest trimestre. És un alumne que té molta necessitat de mostrar que sap fer les coses i que, a més, és el millor. Vol ser el centre d\'atenció sempre. Però això no és així i això el porta a sentir-se inferior sempre. Té moltes dificultats per aprendre i es mostra molt inquiet, despistat a l\'hora de treballar i molt pendent del que fan els altres. A nivell de lectoescriptura té moltes dificultats: coneix molts pocs sons i com a conseqüència no pot escriure i llegir. S\'hauria de relaxar una mica més. Si pots estar més amb ell es mostra receptiu per aprendre. Mica mica va fent millor les feines, és més polit i va agafant l\'hàbit de treball. En el joc li costa molt compartir les joguines i sol ser molt bèstia en els jocs de pati.\\n\\nEd. física: el seu comportament no és massa bo, se l\'ha d\'avisar constantment i a vegades no respecta les normes ni als companys. Poc a poc sembla que va millorant.\\n\\nAnglès: li costa seguir les normes i rutines de l\'aula. Se l\'ha d\'avisar sovint, perquè intenta fer el què vol i ser el centre d\'atenció. \\n\\nBon Nadal!\"', 1, NULL),
(69, 1, 125, 'Assoleix molt bé els continguts treballats en aquest trimestre. Es mostra treballador, amb ganes d\'aprendre i participatiu. Es relaciona bé amb els companys de la classe, però amb el grupet que se sol fer més de vegades es veu involucrat en situacions poc adients. En aquest grup sol ser sempre el líder.\n\nBon Nadal!', 1, NULL),
(70, 1, 136, 'Ha assolit bé els continguts treballats en aquest trimestre. Es mostra molt treballador, amb ganes d\'aprendre i participatiu. A principi de trimestre s\'enjogassava molt a la classe, però mica a mica s\'ha anat centrant i és un nen que treballa bé i mostra molt d\'interès. A l\'hora del joc és molt esverat i a vegades es troba amb situacions poc adients per la seva impulsivitat i per la resta dels companys.\n\n\nBon Nadal!', 1, NULL),
(71, 1, 148, 'Assoleix  de manera justeta els aprenentatges treballats en aquest trimestre. De principi de curs amb ara hi ha hagut canvis tan en aprenentatges com en comportament. Es un alumne que ha de tenir clares les normes perquè sinó aprofita per fer el que vol i això el porta a no centrar-se en els aprenentatges. Amb tot sempre busca el moment per fer-ne alguna. Té moltes dificultats en l\'adquisició de la lectoescriptura: reconeixement de sons, lectura i escriptura de paraules i frases. Un cop s\'ha centrat una mica ell mostra ganes d\'aprendre i treballa força bé. Per tal de poder treballar el tema de la lectoescriptura proposo que faci SEP matinal i poder obtenir així una millora.\nDe vegades, el seu joc és una mica esverat i cal reconduir-lo. També cal recordar-li que el seu vocabulari no és apropiat.\n\nBon Nadal!', 1, NULL),
(72, 1, 157, 'Ha assolit molt bé els aprenentatges treballats en aquest trimestre. Té uns bons hàbits de treball: escolta, sap concentrar-se en la feina, sap esperar el seu torn de paraula, participa activament i té ganes d\'aprendre. Sap relacionar-se amb els seus companys de classe, tot i que té el seu grupet d\'amics més establert. \n\nBon Nadal!', 1, NULL),
(73, 1, 168, ' Ha assolit de manera justeta els aprenentatges treballats en aquest trimestre.Té ganes de treballar i aprendre, però se l\'ha de centrar en la feina ja que es distreu molt parlant, movent-se i estant pendent dels altres. Quan s\'obté la seva atenció i s\'hi posa treballa bé i hi posa moltes ganes. Té dificultats en el procés de lectoescriptura: reconeixement dels sons, lectura i escriptura de paraules i frases. Per tal de poder treballar el tema de la lectoescriptura proposo que faci SEP matinal i poder obtenir així una millora.\n Les absències que tingui el vostre fill s\'han de justificar via telefònica o bé a través d\'una nota a la llibreta viatgera,\n\nBon Nadal!\n', 1, NULL),
(74, 1, 176, '  Assoleix bé els continguts treballats al llarg del trimestre, però cal reforçar la llengua: es deixa sons quan escriu paraules, llegeix molt a poc a poc, li costa entendre el que llegeix. Encara se sent molt insegura en aquest tema i cal reforçar-la molt. Per tal d\'ajudar-la en l\'aprenentatge d\'aquest procés la proposo pel SEP matinal i així poder millorar. Pel que fa a matemàtiques se\'n surt millor. Té moltes ganes d\'aprendre i treballar. Sap concentrar-se en la seva feina fins que acaba. Es relaciona bé amb els companys de la classe.\n \n\nBon Nadal!\n', 1, NULL),
(75, 1, 193, ' Assoleix bé els continguts treballats al llarg del trimestre, però cal reforçar la llengua: es deixa sons quan escriu paraules, llegeix molt a poc a poc, li costa entendre el que llegeix. Pel que fa a matemàtiques se\'n surt millor. Té moltes ganes d\'aprendre i treballar. Sap concentrar-se en la seva feina fins que acaba, però a vegades es distreu ja que li agrada molt jugar i xerrar amb el\ncompany que tingui al seu costat. Es relaciona bé amb els companys de la classe.\n\nBon Nadal!', 1, NULL),
(76, 1, 196, 'Assoleix molt bé els continguts treballats en aquest trimestre. Té una actitud molt responsable amb tot el que es fa a l\'escola. Es mostra treballadora, participativa, amb ganes d\'aprendre i se sap centrar en la feina. Està molt motivada. Es relaciona bé amb els companys de la classe. \n\nBon Nadal!', 1, NULL),
(77, 1, 217, '  Ha assolit bé els aprenentatges treballats en aquest trimestre. Es mostra treballadora, participativa, amb ganes d\'aprendre i se sap centrar en la feina.\n\nBon Nadal!', 1, NULL),
(78, 1, 239, 'Assoleix bé els continguts treballats durant el trimestre. Se\'n surt bé en els aprenentatges, però encara té alguna dificultat en el procés de lectoescriptura: reconeix els sons però se\'n deixa sons quan escriu i llegeix molt a poc a poc. Es mostra treballadora, participativa i amb ganes d\'aprendre. És responsable i es preocupa molt que tot estigui correcte a la classe.Sap centrar-se en la feina i l\'acaba dins el termini. Li manca una mica de polidesa en les feines. Es relaciona bé amb els companys de classe.\n\nBon Nadal!', 1, NULL),
(79, 1, 245, 'Assoleix bé els aprenentatges treballats en aquest trimestre. Se li han avaluat les àrees de llengua catalana i de matemàtiques segons els seus Pis. És una alumne que, tot i que li costen els nous aprenentatges, es mostra molt treballador i es posa a fer la feina. Ha de tenir algú a la vora perquè no perdi el fil i centrar-lo en la feina, perquè sinó no et demana ajuda i no ho fa. A nivell de relació amb el grup, mica a mica va trobant més nens per relacionar-se i jugar. De vegades, el joc és una mica esverat i cal reconduir-lo.\n\n\nBon Nadal!\n', 1, NULL),
(80, 1, 246, 'Assoleix bé els continguts treballats durant aquest trimestre. Té ganes d\'aprendre i treballar, però li costa mantenir la constància en el treball. Té un ritme de treball lent. De vegades se\'n cansa i si pot s\'escaqueja. Sol demanar ajuda quan ho necessita. Encara té moltes ganes de jugar, però quan ha de centrar-se en la feina ho fa.\nEs relaciona bé amb els companys de la classe.\n\nBon Nadal!\n', 1, NULL),
(81, 1, 278, '\" Assoleix de manera justeta els continguts treballats al llarg del trimestre.  Té un nivell de lecto-escriptura molt baix: no reconeix tots el sons i això no li facilita ni l\'escriptura ni la lectura. Caldrà reforçar-ho molt en el proper trimestre. A l\'hora de treballar és capaç de centrar-se amb la feina, però fa el que vol i sovint s\'equivoca. Ha de tenir molt clars els límits, perquè sinó pot arribar a fer gamberrades. Té l\'hàbit d\'agafar coses. S\'ha de treballar molt el tema dels límits perquè funcioni bé. A més pot ser molt desafiant i provocadora. No s\'ha de caure en el seu joc. Mica a mica s\'ha anat centrant i comportant-se millor a la classe. Al pati és on surten més els problemes, però també mica a mica aquests es van reduint. Ha fet una bona evolució a nivell de comportament al llarg del trimestre i això li ha permès centrar-se en els aprenentatges. \\n\\nBon Nadal!\\n\"', 1, NULL),
(82, 1, 279, 'Li costa assolir els continguts que es treballen a la classe ja que es mostra molt dispers a l\'hora de treballar ( s\'estira sobre la taula, fa comentaris que no toquen, es cau de la cadira...) i té moltes ganes de treballar. Costa molt que se centri en la rutina diària de treball. Es cansa de seguida i no es capaç de mantenir l\'atenció gaire estona. Té actituds molt infantils i fa molt el pallasso. És molt desorganitzat i barruer en les feines. El seu nivell de lectoescriptura és molt baix: no reconeix tots els sons i en conseqüència no escriu ni llegeix bé. Per aquest motiu proposo que el Diego vagi a SEP matinal per reforçar-ho. Des d\'Audició i Llenguatge es recomana anar a un logopeda perquè hi ha encara moltes coses que s\'han d\'assolir i que ell encara no ho ha fet. \nMica a mica, al llarg del trimestre s\'ha anat centrant més i s\'ha notat una millora en els hàbits de treball i en els aprenentatges. Se l\'ha de marcar de prop i treballar-ho al llarg del curs.\nA les hores de joc i esbarjo té un joc molt esver', 1, NULL),
(83, 1, 303, ' Ha assolit bé els aprenentatges treballats en aquest trimestre. Té ganes de treballar i aprendre i hi posa molt interès en les coses que es fan a la classe. Sap escoltar i respectar el torn de paraula. Se centra en la feina fins que acaba. Els seus treballs són polits. Pateix molt quan una cosa no li surt bé i es posa a plorar ràpidament perquè se sent insegura. Aquest aspecte s\'haurà d\'anar treballant al llarg del curs.\n\nBon Nadal!\n', 1, NULL),
(84, 1, 312, 'Assoleix molt bé els continguts treballats en aquest trimestre. Es mostra molt treballadora, amb ganes d\'aprendre i participativa.Se centra en la feina fins que acaba i els seus treballs són polits. Es relaciona bé amb els companys de la classe.\n\n\nBon Nadal!', 1, NULL),
(85, 1, 348, 'Ha assolit de manera justeta els continguts treballats al llarg del trimestre. El seu nivell de lectoescriptura és molt baix: no reconeix tots els sons i en conseqüència té dificultats en l\'escriptura i l\'escriptura. Per aquest motiu proposo la seva assistència al SEP matinal per tal de treballar-ho. Es mostra molt dispersa a l\'hora de treballar. Es cansa molt ràpid i està molt pendent de l\'Ainoha en tot moment. Mica a mica, al llarg del trimestre, s\'han observat millores en la concentració i en el treball dins de l\'aula.\n A les hores d\'esbarjo és on costa que tingui una actitud correcta i no es posi amb problemes. Sobretot es deuen a la relació que té amb l\'Ainoha. Aquesta relació s\'haurà d\'anar treballant al llarg del curs.\n\nBon Nadal!', 1, NULL),
(86, 1, 359, 'Assoleix molt bé tot els aprenentatges treballats al llarg del trimestre. Molt bona actitud davant dels aprenentatges i bon hàbits de treball. Molt educada, treballadora i polida. Es relaciona bé amb els companys de classe.\n\nBon Nadal!', 1, NULL),
(87, 1, 365, ' Assoleix molt bé els continguts treballats durant aquest trimestre. Es mostra treballador, participatiu, amb ganes d\'aprendre i se sap centrar en la feina. El seu ritme de treball és lent, però va fent fins que acaba. Pel que fa a la relació amb els seus companys ha anat canviant al llarg del trimestre. En el joc de l\'aula prefereix el joc tranquil i simbòlic; en el joc del pati prefereix jocs de més contacte i moguts que algun dia li porten a tenir algun conflicte. \nEn general es mostra tranquil i comunicatiu amb l\'adult.\n\nBon Nadal!\n', 1, NULL),
(88, 1, 19, '- Caràcter espontani i obert. Molt ben acceptada dins del grup. Sap expressar el seu estat d\'ànim.\n- Molt bons hàbits de neteja i ordre.\n- Molt bons hàbits de treball: mostra interès i curiositat en l\'aprenentatge. Sap treballar amb responsabilitat i autonomia.\n- Molt bons hàbits de convivència i diàleg, aportacions molt positives al grup classe.\n- Molt bon assoliment dels continguts treballats.\n- Molt bona actitud en el treball d\'equip, col·labora, ajuda i és responsable amb les tasques que li pertoquen.', 1, NULL),
(89, 1, 128, '- Caràcter espontani i obert. Molt ben acceptada dins del grup. Sap expressar el seu estat d\'ànim.\n- Molt bons hàbits de neteja i ordre.\n- Molt bons hàbits de treball: mostra interès i curiositat en l\'aprenentatge. Sap treballar amb responsabilitat i autonomia.\n- Molt bons hàbits de convivència i diàleg, aportacions molt positives al grup classe.\n- Molt bon assoliment dels continguts treballats.\n- Molt bona actitud en el treball d\'equip, col·labora, ajuda i és responsable amb les tasques que li pertoquen', 1, NULL),
(90, 1, 163, '- Caràcter espontani i obert. Molt ben acceptada dins del grup. Sap expressar el seu estat d\'ànim.\n- Molt bons hàbits de neteja i ordre.\n- Molt bons hàbits de treball: mostra interès i curiositat en l\'aprenentatge. Sap treballar amb responsabilitat i autonomia.\n- Molt bons hàbits de convivència i diàleg, aportacions molt positives al grup classe.\n- Molt bon assoliment dels continguts treballats.\n- Molt bona actitud en el treball d\'equip, col·labora, ajuda i és responsable amb les tasques que li pertoquen', 1, NULL),
(91, 1, 174, '\"- Caràcter espontani i obert. Molt ben acceptada dins del grup. Sap expressar el seu estat d\'ànim.\\n- Molt bons hàbits de neteja i ordre.\\n- Molt bons hàbits de treball: mostra interès i curiositat en l\'aprenentatge. Sap treballar amb responsabilitat i autonomia.\\n- Molt bons hàbits de convivència i diàleg, aportacions molt positives al grup classe.\\n- Molt bon assoliment dels continguts treballats.\\n- Molt bona actitud en el treball d\'equip, col·labora, ajuda i és responsable amb les tasques que li pertoquen.\\n- Millora en la seva seguretat i confiança.\"', 1, NULL),
(92, 1, 280, '- Caràcter espontani i obert. Molt ben acceptada dins del grup. Sap expressar el seu estat d\'ànim.\n- Molt bons hàbits de neteja i ordre.\n- Molt bons hàbits de treball: mostra interès i curiositat en l\'aprenentatge. Sap treballar amb responsabilitat i autonomia.\n- Molt bons hàbits de convivència i diàleg, aportacions molt positives al grup classe.\n- Molt bon assoliment dels continguts treballats.\n- Molt bona actitud en el treball d\'equip, col·labora, ajuda i és responsable amb les tasques que li pertoquen', 1, NULL),
(93, 1, 379, '- Caràcter espontani i obert. Molt ben acceptada dins del grup. Sap expressar el seu estat d\'ànim.\n- Molt bons hàbits de neteja i ordre.\n- Molt bons hàbits de treball: mostra interès i curiositat en l\'aprenentatge. Sap treballar amb responsabilitat i autonomia.\n- Molt bons hàbits de convivència i diàleg, aportacions molt positives al grup classe.\n- Molt bon assoliment dels continguts treballats.\n- Molt bona actitud en el treball d\'equip, col·labora, ajuda i és responsable amb les tasques que li pertoquen', 1, NULL),
(94, 1, 27, '- Caràcter espontani i obert. Molt ben acceptada dins del grup. Sap expressar el seu estat d\'ànim.\n- Bons hàbits de neteja i ordre.\n- Bons hàbits de treball: mostra interès i curiositat en l\'aprenentatge. Generalment sap treballar amb responsabilitat i autonomia. Demana ajuda quan ho necessita.\n- Bons hàbits de convivència i diàleg, aportacions molt positives al grup classe.A vegades però una mica impacient.\n- Bon assoliment dels continguts treballats.Ha millorat força en l\'escriptura de textos, tant a nivell de redacció com d\'ortografia. Continua presentant petites dificultats en al lectura que ja comentarem a l\'entrevista.\n- Molt bona actitud en el treball d\'equip, col·labora, ajuda i és responsable amb les tasques que li pertoquen', 1, NULL),
(95, 1, 46, '\"- Caràcter espontani i obert. Molt ben acceptat dins del grup. Sap expressar el seu estat d\'ànim.\\n- Molt bons hàbits de neteja, però ha de millorar una mica els d\'ordre.\\n- Ha millorat els  hàbits de treball: mostra més interès i una mica més de  curiositat en els aprenentatges. El seu ritme de treball continua sent una  mica lent i es cansa de seguida,crec que podria esforçar-se una mica més.  Bons hàbits de convivència i diàleg, però no li costa gens enfadar-se, a vegades per coses sense importància i tendeix a imitar companys més impacients i protestons.\\n- Assoliment suficient dels continguts treballats, ha millorat força en la lectura.\\nBona actitud en el treball d\'equip però necessita força ajuda.\"', 1, NULL),
(96, 1, 76, '\"- Caràcter espontani i obert. Ben acceptada dins del grup. Sap expressar el seu estat d\'ànim.\\n- Bons hàbits de neteja i ordre.-  Bons hàbits de treball, ha millorat el seu  interès i curiositat en els aprenentatges. Sap treballar amb responsabilitat i autonomia.\\n- Va millorant en els hàbits de convivència i diàleg, és capaç de  de fer aportacions positives al grup classe.\\n- Molt bon assoliment dels continguts treballats.-Dificultats per treballar en equip, li cal aprendre a negociar i a consensuar, però ja ho anem treballant, segur que millorarà.\\n- Millora general de la seva actitud, tot i que cal continuar marcant  unes pautes de comportament està més receptiva, més comprensiva i molt maca.\"', 1, NULL),
(97, 1, 210, '\"- Buena adaptación al grupo, aunque con pequeñas fricciones con las amigas que intentamos ir resolviendo poco a poco.\\n- Carácter muy fuerte  y poco  flexible, conviene suavizarlo un poco.\\n- Muestra interés en aprendre y en general tiene buenos hábitos de trabajo, es inteligente y yo creo en que poco a poco rendirà más.\\n- Ya muestra muy buena comprensión de la lengua catalana.\\n\\nEd. Física: este trimestre Yuleima no se ha duchado de forma regular. El tema de la ducha es una parte importante de la educación física y es por norma de la escuela obligtorio ducharse a partir del cuarto curso.\\n\\nInglés: muestra dificultades en esta área. Animo a Yuleima a esforzarse para mejorar su nivel de inglés. \"', 1, NULL),
(98, 1, 274, '\"- Caràcter espontani i obert. Molt ben acceptat dins del grup. Sap expressar el seu estat d\'ànim.\\n- Bons hàbits de neteja, ha millorar una mica els d\'ordre.\\n- Molt bons hàbits de treball: mostra interès i curiositat en l\'aprenentatge. Sap treballar amb responsabilitat i autonomia.\\n- Molt bons hàbits de convivència i diàleg, aportacions molt positives al grup classe.\\n- Molt bon assoliment dels continguts treballats.\\n- Molt bona actitud en el treball d\'equip, col·labora, ajuda i és responsable amb les tasques que li pertoquen.\"', 1, NULL),
(99, 1, 338, '\"- Bon caràcter, una mica reservat. Molt ben acceptat dins del grup. Sap expressar el seu estat d\'ànim.- Molt bons hàbits de neteja i ordre.\\n- Molt bons hàbits de treball: mostra interès i curiositat en l\'aprenentatge. Sap treballar amb responsabilitat i autonomia.\\n- Molt bons hàbits de convivència i diàleg, aportacions molt positives al grup classe.\\n- Molt bon assoliment dels continguts treballats.\\n- Molt bona actitud en el treball d\'equip, col·labora, ajuda i és responsable amb les tasques que li pertoquen.\"', 1, NULL),
(101, 1, 227, '\"L\'Usmani ha assistit dues sessions setmanals amb un company de la seva classe a l\'aula d\'Educació Especial. En aquestes sessions hem treballat els àmbits lingüístic i matemàtic.\\n\\nACTITUD, VALORS I NORMES\\nLa seva actitud és positiva. Està motivat i s\'esforça a fer la feina. Es mostra tranquil, participatiu i algunes vegades una mica insegur.\\nÉs cansa quan una activitat li és difícil i li costa acabar la feina. Necessita l\'ajuda de la mestra i la seva aprovació. El seu ritme de treball és lent.\\n\\nNIVELL ACTUAL DE COMPETÈNCIES DE L\' ÀMBIT LINGÜÍSTIC\\nCOMUNICACIÓ ORAL\\nS\'expressa en català de forma força entenedora utilitzant frases ben estructurades per explicar fets i vivències. Intervé en les converses sense sortir del tema i respecta el torn de paraula. Utilitza un vocabulari limitat.\\nMemoritza dites i poemes.\\nCompren ordres de dues consignes. Compren la idea principal d\'una explicació i mostra interès i respecte davant les explicacions dels companys i mestres.\\n\\nLECTURA I COMPRENSIÓ LECTORA\\nLlegeix paraules i frases simples en lletra lligada descodificant (lletra de pal/lligada) i algunes vegades s\'encalla en paraules amb síl·labes travades. No té en compte els signes de puntuació.\\nComprèn frases simples.\\nManifesta interès per la lectura.\\n\\nEXPRESSIÓ ESCRITA\\nEscriu paraules fent la correspondència so-grafia sense deixar-se lletres.\\nAmb ajuda comença a escriure frases amb tots els elements separant les paraules.\\nUtilitza la majúscula al principi de la frase i el punt al final.\\nHa començar a escriure en lletra lligada i encara li costa fer la grafia correctament.\\n\\nNIVELL ACTUAL DE COMPETÈNCIES DE L\' ÀMBIT MATEMÀTIC\\nNUMERACIÓ\\nLlegeix i escriu nombres fins 99.\\nOrdena una sèrie de nombres de petit a gran.\\nFa sèries comptant de 2 en 2, de 10 en 10...\\nIdentifica el nombre anterior i posterior.\\nReconeix unitats, desenes.\"', 1, 2),
(103, 1, 92, '\"Avaluat segons PI en llengua catalana.\\nEl Marc mostra poc interès pels aprenentatges. A classe es distreu força i això fa que li resulti encara més difícil seguir i entendre les explicacions. Accepta de bon grat l\'ajut que se li ofereix però hauria d\'esforçar-se més i mantenir una bona actitud a l\'aula.\\nQuan aconsegueix concentrar-se, es mostra capaç de treballar de manera més autònoma i eficaç.\\nConvé que millori l\'hàbit lector: aniria bé llegir una estona cada dia a casa.\\n\\nAnglès: no assoleix els continguts que es donen a l\'aula i sovint és per manca d\'atenció i esforç. Animo a en Marc a ser més constant per tal de poder millorar. \"', 1, NULL),
(104, 1, 206, '\"-Recordeu que en les valoracions de les llengües es té en compte que és un alumne amb PI.\"', 1, NULL),
(105, 1, 78, '\"La Júlia s\'ha adaptat sense dificultat a l\'escola. Ve contenta i s\'ho passa bé. Participa de les activitats i mostra interès per tot el que fe. Manté una bona relació amb els companys i la mestra. Sovint, però, mostra un caràcter dominant i això provoca conflictes amb els seus companys,  quan no pot aconsegueix el que ella vol. Li costa resoldre els conflictes parlant, i  últimament, opta per  plorar  així aconsegueix que l\'adult intervingui i li resolgui el problema. Cal ajudar-la a ser més autònoma en aquest aspecte ja que se sap expressar bé verbalment i se la veu molt espavilada. \\n                                                                                                                                                           BONES VACANCES!\\n\"', 1, NULL),
(106, 1, 81, '\"L\'Anna  s\'ha adaptat sense dificultat a l\'escola. Ve contenta i s\'ho passa bé.\\nParticipa de les activitats i mostra interès per tot el que fem. Manté una bona relació amb els companys i la mestra.\\nEs mostra oberta i comunicativa i se l\'entén bé, tot i que encara té dificultats amb algun so.\\n                                                                                                                                                 BONES FESTES! \\n                                                                                                                               \"', 1, NULL),
(107, 1, 95, '\"L\'ADAMA SE HA ADAPTADO BIEN A LA ESCUELA SIN DEMASIADAS DIFICULTADES, TENIENDO EN CUENTA QUE NO HABÍA ESTADO ESCOLARIZADA ANTERIORMENTE.  SE MUESTRA CONTENTA, JUEGA Y PARTICIPA DE LAS ACTIVIDADES.\\nSE COMUNICA Y SE RELACIONA CON SUS COMPAÑEROS. CUANDO YO EXPLICO O LE PREGUNTO ALGO   NO SIEMPRE COMPRENDE LO QUE DIGO. \\nMANTIENE UNA BUENA RELACIÓN CON LA MAESTRA. ÉS IMPORTANTE QUE VENENGA PUNTUAL A LA ESCUELA.\\n                                                                                                                                                    FELICES VACACIONES!\"', 1, NULL),
(108, 1, 113, '\"La Ivet  s\'ha adaptat sense dificultat a l\'escola. Ve contenta i s\'ho passa bé. Generalment participa de les activitats i mostra interès per tot el que fem. En alguna ocasió prefereix observar l\'activitat asseguda tranquil.lament.\\nManté una bona relació amb la mestra i els companys, a vegades decideix jugar sola i fer  la seva.\\nEs mostra tranquil.la i comunicativa.\\n                                                                                                                                                                          BONES FESTES!\"', 1, NULL),
(109, 1, 133, '\"L\'Alba ve contenta a l\'escola i s\'ho passa bé, tot i que, hi ha dies que encara li costa  separar-se de la mare.\\nJuga i participa de les activitats. Manté una bona relació amb els companys i amb la mestra.\\nA vegades, quan fem conversa tots junts a la  rotllana o explico un conte,   ella es distreu i para poca atenció, potser perquè no entén tot el que dic. Li agrada anar a la seva i això fa que a vegades no respecti les normes de la classe. \\nÉs important afavorir la seva autonomia perquè vagi agafant més confiança i seguretat en ella mateixa.\\n                                                                                                                                                          BONES VACANCES!!\\n\"', 1, NULL),
(110, 1, 159, '\"Ed. Física: li costa estar atent a les explicacions, tot i que va millorant respecte l\'inici de curs.\"', 1, NULL),
(111, 1, 302, '\"Ed. física: durant aquest trimestre ha tingut dificultats a l\'hora de jugar amb els companys/es.\\n\"', 1, NULL),
(112, 1, 331, '\"Ed. física: a vegades li costa escoltar les explicacions dels jocs, i després es troba que no sap com es juga.\"', 1, NULL),
(113, 1, 62, '\"Ed. física: li costa relacionar-se amb alguns companys/es i a vegades el seu comportament no és l\'adequat.\"', 1, NULL),
(114, 1, 121, '\"Ed. física: tot i tenir el suport de la vetlladora, no podem seguir el mateix ritme del grup. No hi ha cap mena de relació amb els companys/es i les sessions d\'educació física no són gaire profitoses. Hem intentat introduir jocs per tal de millorar aquesta interacció amb els companys/es però no ha estat possible. De cara al 2n trimestre intentarem introduir un codi amb targetes, per tal que demani el material amb el qual vol jugar.\"', 1, NULL),
(115, 1, 198, '\"Ed. física: el seu comportament no és l\'adequat. En la majoria de sessions d\'educació física se la de cridar l\'atenció, ja que no respecta les normes de joc ni als companys/es. Té una manera de jugar que molts cops fa mal a la resta, li costa molt controlar-se i escoltar les instruccions dels jocs.\"', 1, NULL),
(116, 1, 256, '\"Ed. física: li costa estar atent a les instruccions dels jocs, i molts cops no sap el que ha de fer. Poc a poc sembla que millora i presta més atenció.\"', 1, NULL),
(117, 1, 281, '\"Ed. Física: el seu comportament no és l\'adequat. A vegades no respecta les normes del joc ni les indicacions del mestre.\\n- Caràcter espontani i obert. Encara té dificultats per ser acceptat dins del grup. Li costa expressar el seu estat d\'ànim.\\n- Bons hàbits de neteja, però ha de millorar una mica els d\'ordre.\\n- Ha millorat els  hàbits de treball: mostra més interès i una mica més de curiositat en els aprenentatges. El seu ritme de treball continua sent una  mica lent i es cansa de seguida, crec que podria esforçar-se una mica més.  Bons hàbits de convivència i diàleg, però no li costa gens enfadar-se, a vegades per coses sense importància i tendeix a imitar companys més impacients i protestons.\\n- Assoliment suficient dels continguts treballats, ha millorat força en la lectura.\\n- Bona actitud en el treball d\'equip però necessita força ajuda.\\n\"', 1, NULL),
(118, 1, 398, '\"Tenint en compte el dèficit d’atenció que presenta estic força content amb el Nacho. Se sent més còmode treballant sol que amb el grup. És molt juganer i té un món particular i ric. Es mostra col·laborador amb els adults. A la seva manera és feliç. Ha de treballar per assolir un ritme de treball més constant i estic segur que ho pot aconseguir.\\n\\nEducació física: s\'ha descuidat el material de dutxa 5 vegades aquest trimestre.\\n\\nÀnims.\\n\\nUs desitjo unes Bones Festes.\"', 1, NULL),
(119, 1, 14, '\"En Badreddine es va adaptant al ritme i a les dinàmiques de la classe de 1r.  Amb els dies ha anat millorant la seva motivació per l\'escola i es mostra content d\'anar aprenent. Va entenent com ha de  relacionar-se i com ha de ser el respecte de la convivència en grup.\"', 1, NULL),
(120, 1, 32, '\"En Dragos es mostra molt content de venir a l\'escola. És acceptat per tots els companys/es i ell es mostra comunicatiu. Li agrada molt jugar i fer el que vol en tot moment. Va entenent com ha de relacionar-se i com ha de ser el respecte de la convivència en grup.\\nLi costa adaptar-se al ritme i a les dinàmiques de la classe de 1r. Amb els dies ha millorat una mica en actitud i en ganes d\'aprendre.. Cal que li valorem la importància d\'estar atent i ben predisposat per participar i fer bé les activitats proposades per poder avançar en el seu aprenentatge.\"', 1, NULL),
(121, 1, 57, '\"La Noa és treballadora i puntual en l’entrega de les tasques que se li encomanen. Participa activament, col·labora en tot moment i fa aportacions molt interessants al grup classe. Té un món particular molt ric i a vegades s’hi perd. Es relaciona amb normalitat i no manté cap vincle gaire intens amb cap company o companya. \\n\\nUs desitjo unes Bones Festes!\\n\"', 1, NULL),
(122, 1, 63, '\"El David és treballador i no mostra especials dificultats amb cap aspecte acadèmic. Es mostra afectiu i tolera les rectificacions. Manté bona relació amb gairebé tots els companys i companyes. Sovint està congestionat i cal que recordi a dur mocadors.\\n\\nUs desitjo unes Bones Festes.\\n\"', 1, NULL),
(123, 1, 69, '\"El Sidy és poc comunicatiu amb els adults i de vegades és difícil saber com se sent o què li passa. Acostuma a resoldre de manera desmesurada els petits conflictes o diferències que té amb els companys. Es distreu amb facilitat. De vegades no presenta els treballs amb puntualitat. Malgrat tot segueix els aprenentatges amb una certa regularitat.\\nCal que s’esforci més, que estudii les taules de multiplicar i que faci divisions de dues xifres.\\n\\nÀnims\\n\\nUs desitjo unes Bones Festes.\\n\"', 1, NULL),
(124, 1, 70, '\"Estic molt content amb la Laia. És molt treballadora, disciplinada i brillant. Mostra un gran interès per tots els aprenentatges i participa activament en totes les activitats. És generosa i s’entrega als companys i companyes que necessiten ajuda. És molt exigent amb ella mateixa i vol controlar tots els processos perquè no vol cometre cap errada. Ha d’anar assumint riscos i entendre que un error no és un fracàs.  \\n\\nUs desitjo unes Bones Festes.\\n\"', 1, NULL),
(125, 1, 84, '\"El Lluís és un noi encantador. És murri, mogut i xerraire però accepta les rectificacions sense rondinar. Es despista amb facilitat. Es conscient de les seves dificultats però caldria que s’esforcés més per aconseguir uns millors resultats. \\n\\nÀnims.\\n\\nUs desitjo unes Bones Festes.\\n\"', 1, NULL),
(126, 1, 108, '\"L’Èric és un bon noi. Es mostra reservat i dispers. El dèficit d’atenció i la inconstància dificulten l’assoliment adequat dels aprenentatges. Manté bona relació amb el grup però no s’hi ha adaptat del tot.\\n\\nÀnims.\\n\\nUs desitjo unes Bones Festes\"', 1, NULL),
(127, 1, 134, '\"La Valèria és una noia treballadora i activa i no mostra dificultats en els aprenentatges. És molt expressiva, xerraire i alegre. De vegades es distreu i distreu i cal que ho vagi controlant mica en mica.\\n\\nÀnims.\\n\\nUs desitjo unes Bones Festes.\\n\"', 1, NULL),
(128, 1, 170, '\"Estic molt content amb la Berta. És molt treballadora i brillant. Mostra molt interès per tots els aprenentatges. Es mostra respectuosa amb els companys i companyes i els ajuda sempre que cal. Acostuma a liderar eficientment les tasques del grup. Té bones aptituds elaborant textos escrits.\\n\\nUs desitjo unes Bones Festes.\\n\"', 1, NULL),
(129, 1, 190, '\"La Judit és una noia encantadora. Es mostra treballadora i col·laboradora. S’esforça molt per fer les tasques amb correcció i mica en mica anirà superant les petites dificultats que té. Aniria bé que repassés les taules de multiplicar i les divisions per dues xifres.\\n\\nÀnims.\\n\\nUs desitjo unes Bones Festes.\\n\"', 1, NULL),
(130, 1, 214, '\"El Dídac és un bon noi, alegre, murri i xerraire. Es distreu amb facilitat però tolera bé els tocs d’atenció. Malgrat tot, el nivell dels aprenentatges és correcte. \\n\\nÀnims.\\n\\nUs desitjo unes Bones Festes.\\n\"', 1, NULL),
(131, 1, 228, '\"La Sara és una noia molt maca, reservada i tímida però que participa i col·labora en totes les activitats. Mostra dificultats en alguns aspectes però amb esforç i treball ho superarà. Manté bona relació amb el grup però cal que aprengui a gestionar els petits conflictes amb l\'ajuda dels adults.\\n\\nÀnims.\\n\\nUs desitjo unes Bones Festes.\\n\"', 1, NULL),
(132, 1, 236, '\"El Xavi és un noi maco, trapella, murri i xerraire. És una mica desmanegat a l’hora de presentar les tasques però el contingut és bo. Participa activament en totes les activitats. És impulsiu i de vegades li costa respectar el torn de paraula. La relació amb el grup classe és bona.\\n\\nÀnims.\\n\\nUs desitjo unes Bones Festes.\\n\"', 1, NULL),
(133, 1, 240, '\"La Danna és treballadora i col·laboradora. De vegades es mostra insegura i cal que confiï més en les seves possibilitats. La relació amb el grup és bona.\\n\\nÀnims.\\n\\nUs desitjo unes Bones Festes.\\n\"', 1, NULL),
(134, 1, 244, '\"La Maria és una noia encantadora. De vegades es despista i se’n va al seu petit món. Participa quan se li demana però se sent més còmode si pot passar desapercebuda. El nivell d’aprenentatges és correcte.\\n\\nÀnims.\\n\\nUs desitjo unes Bones Festes.\\n\"', 1, NULL),
(135, 1, 247, '\"El Teo és un bon noi, xerraire i inquiet. És treballador i col·laborador. Mostra gran interès per les activitats que li agraden. El nivell d’aprenentatge és bo. La relació amb el grup és bona però de vegades es mostra poc respectuós amb alguns companys. \\n\\nÀnims.\\n\\nUs desitjo unes Bones Festes.\\n\"', 1, NULL);
INSERT INTO `observations` (`id`, `course_id`, `student_id`, `text`, `trimestre_id`, `reinforceclassroom_id`) VALUES
(136, 1, 267, '\"El Juan Pablo és voluntariós i es mostra participatiu. Té dificultats en els aprenentatges, sobretot en llengua, però millorarà si confia més en les seves possibilitats. La seva relació amb el grup és bona.\\n\\nÀnims.\\n\\nUs desitjo unes Bones Festes.\\n\"', 1, NULL),
(137, 1, 294, '\"El Gerard és un bon noi, força treballador, xerraire i participa activament en les activitats. Li costa acceptar les rectificacions. El nivell dels aprenentatges és bo. De vegades es despista i despista als companys. \\n\\nÀnims.\\n\\nUs desitjo unes Bones Festes.\\n\"', 1, NULL),
(138, 1, 304, '\"L’Erik és molt més bona persona del que vol aparentar. De vegades li costa acceptar les rectificacions. Els aprenentatges són correctes. Cal que sigui més positiu i confiï amb els que el volen ajudar.\\n\\nÀnims.\\n\\nUs desitjo unes Bones Festes.\\n\"', 1, NULL),
(139, 1, 406, '\"L’Izan participa activament de la dinàmica de l’aula. Sovint es despista i cal avisar-lo amb freqüència. Se sent segur quan té algun company o companya que l’ajuda. El seu nivell és just però amb esforç i treball pot millorar molt.\\n\\nÀnims.\\n\\nUs desitjo unes Bones Festes.\\n\"', 1, NULL),
(140, 1, 101, '\"- Caràcter espontani i obert. Moltes vegades té problemes de relació amb els companys, ha d\'aprendre a ser respectuosa i amable. Sap expressar el seu estat d\'ànim. Li  costa una mica reconèixer quan ha fet alguna cosa mal feta,\\n-  Bons hàbits de neteja, ha de millorar els hàbits d\' ordre.\\n- Ha millorat una mica els hàbits  de treball comença a mostrar una mica d\' interès i curiositat en l\'aprenentatge. Comença a mostrar-se una mica responsable. \\n- Assoliment dels continguts treballats baix,  ha millorat en l\'escriptura i la lectura, ha de millorar en matemàtiques i ha de millorar molt en medi, li costa recordar els conceptes treballats.\\n- Molt bona actitud en el treball d\'equip, col·labora, ajuda i és responsable amb les tasques que li pertoquen.\"', 1, NULL),
(141, 1, 249, '\"- Caràcter espontani i obert. Ben acceptada dins del grup. Sap expressar el seu estat d\'ànim. Ha guanyat en confiança i té més autonomia respecte dels mestres.\\n-  Bons hàbits de neteja i ordre.\\n- Va millorant en els   hàbits de treball: mostra interès i curiositat en l\'aprenentatge, però el seu nivell d\'esforç acostuma a ser baix, es conforma fent poquet, cal animar-la sempre  ja que pot fer una mica més. \\n-  Bons hàbits de convivència i diàleg encara que ha tingut algun problema amb el grup d\'amigues, però procurem sempre que trobin solucions positives per a resoldre\'ls.\\n- Assoliment dels continguts treballats baix, ha millorat força en llengua tant català com castellà sobretot en la lectura. En matemàtiques continua costant-li el raonament dels problemes i acabar de mecanitzar les operacions i aprendre les taules de multiplicar (cal que les vagi repassant). En medi li costa una mica recordar els conceptes treballats, i saber interpretar els textos informatius. \\n- Molt bona actitud en el treball d\'equip, col·labora, ajuda i és responsable amb les tasques que li pertoquen.\"', 1, NULL),
(142, 1, 345, '\"- Caràcter espontani i obert. Ben acceptada dins del grup. Sap expressar el seu estat d\'ànim.\\n- Ha de millorar els hàbits de neteja i ordre, sovint cal recordar-li que ha de mantenir el seu espai endreçat.\\n- Ha millorat una mica els  hàbits de treball: mostra interès i curiositat en l\'aprenentatge. Sap treballar amb responsabilitat i autonomia, encara que ella podria fer molt més perquè és molt llesta i espavilada.Aquest trimestre sovint no ha portat els deures quan tocava.\\n-  Bons hàbits de convivència i diàleg, però sovint hem de resoldre problemes amb el grup d\'amigues.\\n- Assoliment dels continguts treballats suficient, per sota de les seves possibilitats, té capacitat per tenir resultats millors.\\n- Molt bona actitud en el treball d\'equip, col·labora, ajuda i és responsable amb les tasques que li pertoquen.\"', 1, NULL),
(143, 1, 424, '\"- Caràcter espontani i obert. Molt ben acceptada dins del grup. Sap expressar el seu estat d\'ànim.\\n- Molt bons hàbits de neteja i va millorant els d\'ordre.\\n- Molt bons hàbits de treball: mostra interès i curiositat en l\'aprenentatge. Sap treballar amb responsabilitat i autonomia.\\n-  Bons hàbits de convivència i diàleg, aportacions molt positives al grup classe.\\n- Assoliment dels continguts treballats suficient, ha millorat en lectura i una mica en l\'escriptura. \\n- Molt bona actitud en el treball d\'equip, col·labora, ajuda i és responsable amb les tasques que li pertoquen.\\n\\nAnglès: felicito a l\'Izan pel seu esfoç i actitud a les classes d\'anglès i l\'animo a seguir així!\"', 1, NULL),
(144, 1, 162, '\"El Zaid s\'ha adaptat bé a l\'escola, els primers dies plorava  una mica quan entrava però després es distreia jugant. Durant molts dies també plorava quan el venien a buscar tot i que s\'ho havia passat bé  tot el dia. Tot això és normal tenint en compte que no havia estat escolaritzat anteriorment.\\nA l\'escola en Zaid es mostra alegre, obert i comunicatiu. Participa en les activitats i mostra interès per tot el que fem.\\nManté una bona relació amb els companys i la mestra.\\n                                                                                                                                                              BONES VACANCES!\"', 1, NULL),
(145, 1, 177, '\"En Lluc s\'ha adaptat a l\'escola sense dificultat. Ve content i s\'ho passa bé.\\nEs mostra molt obert i comunicatiu amb tothom, participa de les activitats i té interès per tot el que fem.\\nManté una bona relació amb la mestra i amb els seus companys. Cal dir que amb el Dani s\'estimen i es busquen molt per jugar junts però hi ha dies en què els hi costa més d\'entendre\'s i discuteixen sovint, a vegades fins i tot acaba plorant un o l\'altre.\\nDe mica en mica va assolint el control dels esfínters, i poques  vegades  se li escapa el pipí.\\n                                                                                                                                                  BONES FESTES!\"', 1, NULL),
(146, 1, 199, '\"La Lluna s\'ha adaptat sense dificultat a l\'escola. Ve molt contenta i s\'ho passa bé.\\nEs mostra oberta i comunicativa amb tothom. Participa de les activitats i mostra interès per tot el que fem.\\nTé una bona relació amb els companys i amb la mestra. Juga molt amb la Gemma, he observat que la Gemma la busca molt i vol estar sempre al seu costat (esmorzant, a la rotllana, jugant...) a vegades em dóna l\'impressió que no la deixa ser ella  perquè la Gemma sovint s\'avança i  pren les decisions per ella. \\nQuan fem activitats on partim el grup intento que cada una vagi en grups diferents perquè tant una com l\'altre amplin el seu cercle d\'amistats.                                                                                    \\n                                                                                                                                                    BONES FESTES! \"', 1, NULL),
(147, 1, 20, '\"Educació física: s\'ha deixat el material de dutxa sovint, algunes vegades sense justificació.\"', 1, NULL),
(148, 1, 37, '\"- Caràcter espontani i obert. Ben acceptat dins del grup. Sap expressar el seu estat d\'ànim.\\n- Molt bons hàbits de neteja, però ha de millorar una mica els d\'ordre.\\n- Ha millorat els  hàbits de treball: mostra més interès i una mica més de  curiositat en els aprenentatges. El seu ritme de treball ha millorat, crec que podria esforçar-se una mica més. Bons hàbits de convivència i diàleg, però no li costa gens enfadar-se, a vegades per coses sense importància i tendeix a imitar companys més impacients i protestons.\\n- Assoliment correctament els continguts treballats, ha millorat força en la lectura.\\n- Bona actitud en el treball d\'equip, col•labora, ajuda i és responsable amb les tasques que li pertoquen.\\n\\n\"', 1, NULL),
(149, 1, 40, '\"Caràcter espontani i obert. Ben acceptat dins del grup. Sap expressar el seu estat d\'ànim.\\n- Bons hàbits de neteja i ordre.\\n- Bons hàbits de treball: mostra interès i curiositat en l\'aprenentatge. Sap treballar amb responsabilitat i autonomia.\\n- Bons hàbits de convivència i diàleg, aportacions molt positives al grup classe.\\n- Bon assoliment dels continguts treballats.\\n- Bona actitud en el treball d\'equip, col•labora, ajuda i és responsable amb les tasques que li pertoquen.\\n\"', 1, NULL),
(150, 1, 60, '\"- Caràcter espontani i obert. Ben acceptat dins del grup. Encara li costa expressar el seu estat d\'ànim.\\n- Bons hàbits de neteja, però ha de millorar una mica els d\'ordre.\\n- Bo en els  hàbits de treball: mostra interès i curiositat en els aprenentatges. El seu ritme de treball , tot i que ha millorat, a vegades, continua sent una mica lent i es cansa de seguida, crec que podria esforçar-se una mica més.  Bons hàbits de convivència i diàleg.\\n- Bon assoliment dels continguts treballats, ha millorat força en la l\'escriptura i lectura.\\n- Molt bona actitud en el treball d\'equip, col•labora, ajuda i és responsable amb les tasques que li pertoquen.\\n\\n\"', 1, NULL),
(151, 1, 74, '\"Caràcter espontani i obert. Ben acceptada dins del grup. Sap expressar el seu estat d\'ànim.\\n- Molt bons hàbits de neteja i ordre.\\n- Bons hàbits de treball: mostra interès i curiositat en l\'aprenentatge. Sap treballar amb responsabilitat i autonomia.\\n- Bons hàbits de convivència i diàleg, aportacions molt positives al grup classe.\\n- Bon assoliment dels continguts treballats.\\n- Molt bona actitud en el treball d\'equip, col•labora, ajuda i és responsable amb les tasques que li pertoquen.\\n\"', 1, NULL),
(152, 1, 80, '\"Caràcter espontani i obert. Ben acceptada dins del grup. Sap expressar el seu estat d\'ànim.\\n- Molt bons hàbits de neteja i ordre.\\n- Molt bons hàbits de treball: mostra interès i curiositat en l\'aprenentatge. Sap treballar amb responsabilitat i autonomia.\\n- Bons hàbits de convivència i diàleg, aportacions molt positives al grup classe.\\n- Bon assoliment dels continguts treballats.\\n- Molt bona actitud en el treball d\'equip, col•labora, ajuda i és responsable amb les tasques que li pertoquen.\\n\"', 1, NULL),
(153, 1, 87, '\"Caràcter espontani i obert. Ben acceptada dins del grup. Sap expressar el seu estat d\'ànim.\\n- Molt bons hàbits de neteja i ordre.\\n- Bons hàbits de treball: mostra interès i curiositat en l\'aprenentatge. Sap treballar amb responsabilitat i autonomia.\\n- Bons hàbits de convivència i diàleg, aportacions molt positives al grup classe.\\n- Bon assoliment dels continguts treballats.\\n- Bona actitud en el treball d\'equip, col•labora, ajuda i és responsable amb les tasques que li pertoquen.\\n\"', 1, NULL),
(154, 1, 104, '\"- Caràcter espontani i obert. Ben acceptat dins del grup. Sap expressar el seu estat d\'ànim.\\n- Bons hàbits de neteja i els d\'ordre.\\n- Ha millorat els hàbits de treball: mostra més interès i curiositat en els aprenentatges. El seu ritme de treball  ha millorta. Bons hàbits de convivència i diàleg.\\n- Assoliment satisfactori dels continguts treballats, ha millorat força en la lectura.\\n- Bona actitud en el treball d\'equip, col•labora, ajuda i és responsable amb les tasques que li pertoquen.\\n\\nAnglès: felicito a en David pel seu esfoç i actitud a les classes d\'anglès i l\'animo a seguir amb la mateixa actitud per seguir millorant.\\n\"', 1, NULL),
(155, 1, 107, '\"Caràcter espontani i obert. Ben acceptada dins del grup. Sap expressar el seu estat d\'ànim.\\n- Bons hàbits de neteja i ordre.\\n- Bons hàbits de treball: mostra interès i curiositat en l\'aprenentatge. Sap treballar amb responsabilitat i autonomia.\\n- Bons hàbits de convivència i diàleg, aportacions molt positives al grup classe.\\n- Bon assoliment dels continguts treballats.\\n- Bona actitud en el treball d\'equip, col•labora, ajuda i és responsable amb les tasques que li pertoquen.\\n\"', 1, NULL),
(156, 1, 127, '\"- Caràcter espontani i obert. Ben acceptat dins del grup. Sap expressar el seu estat d\'ànim.\\n- Molt bons hàbits de neteja, però ha de millorar una mica els d\'ordre.\\n- Ha millorat els hàbits de treball: mostra més interès i curiositat en els aprenentatges. El seu ritme de treball ha millorat. Bons hàbits de convivència i diàleg.\\n- Assoliment satisfactori dels continguts treballats, ha millorat força en la lectura.\\n- Bona actitud en el treball d\'equip, col•labora, ajuda i és responsable amb les tasques que li pertoquen.\\n\\n\"', 1, NULL),
(157, 1, 137, '\"- Caràcter espontani i obert. Encara li costa ser ben acceptat dins del grup. Té dificultats en expressar el seu estat d\'ànim.\\n- Ha de millorar els hàbits de neteja i els d\'ordre.\\n- Ha millorat els hàbits de treball: mostra més interès i una mica més de curiositat en els aprenentatges. El seu ritme de treball es correcte, crec que podria esforçar-se una mica més.  Ha de millorar els hàbits de convivència i diàleg, perquè no li costa gens enfadar-se, a vegades per coses sense importància i tendeix a imitar companys més impacients i protestons.\\n- Assoliment suficient dels continguts treballats, ha millorat força en la lectura.\\n- Bona actitud en el treball d\'equip però necessita força ajuda.\\n\"', 1, NULL),
(158, 1, 155, '\"- Caràcter espontani i obert. Li costa ser acceptada dins del grup. Li costa expressar el seu estat d\'ànim.\\n- Bons hàbits de neteja, però ha de millorar una mica els d\'ordre.\\n- Ha millorat els  hàbits de treball: mostra més interès i una mica més de curiositat en els aprenentatges. El seu ritme de treball continua sent una mica lent i es cansa de seguida perquè es distreu, crec que podria esforçar-se una mica més.  Ha de millorar els hàbits de convivència i diàleg, perquè no li costa gens enfadar-se, a vegades per coses sense importància i tendeix a imitar companys més impacients i protestons.\\n- Assoliment suficient dels continguts treballats, ha millorat força en la lectura.\\n- Bona actitud en el treball d\'equip però necessita una mica d\'ajuda.\\n\"', 1, NULL),
(159, 1, 160, '\"Caràcter espontani i obert. Ben acceptat dins del grup. Sap expressar el seu estat d\'ànim.\\n- Ha de millorar els hàbits de neteja i sobretot els d\'ordre.\\n- Bons hàbits de treball: mostra interès i curiositat en l\'aprenentatge. Sap treballar amb responsabilitat i autonomia.\\n- Bons hàbits de convivència i diàleg, aportacions molt positives al grup classe.\\n- Bon assoliment dels continguts treballats.\\n- Bona actitud en el treball d\'equip, col•labora, ajuda i és responsable amb les tasques que li pertoquen.\\n\"', 1, NULL),
(160, 1, 169, '\"- Caràcter espontani i obert. Ben acceptada dins del grup. Encara li costa expressar el seu estat d\'ànim.\\n- Bons hàbits de neteja i d\'ordre.\\n- Ha millorat els hàbits de treball: mostra interès i curiositat en els aprenentatges. El seu ritme de treball continua sent una  mica lent, crec que podria esforçar-se una mica més.  Bons hàbits de convivència i diàleg.\\n- Assoliment suficient dels continguts treballats, ha millorat força en la lectura.\\n- Bona actitud en el treball d\'equip, col•labora, ajuda i és responsable amb les tasques que li pertoquen.\\n\"', 1, NULL),
(161, 1, 172, '\"Caràcter espontani i obert. Ben acceptada dins del grup. Sap expressar el seu estat d\'ànim.\\n- Bons hàbits de neteja i ordre.\\n- Bons hàbits de treball: mostra interès i curiositat en l\'aprenentatge. Sap treballar amb responsabilitat i autonomia.\\n- Bons hàbits de convivència i diàleg, aportacions molt positives al grup classe.\\n- Bon assoliment dels continguts treballats.\\n- Bona actitud en el treball d\'equip, col•labora, ajuda i és responsable amb les tasques que li pertoquen.\\n\"', 1, NULL),
(162, 1, 197, '\"Caràcter espontani i obert. Encara li costa ser acceptada dins del grup. Mostra dificultats en expressar el seu estat d\'ànim.\\n- Molt bons hàbits de neteja i ordre.\\n- Bons hàbits de treball: mostra interès i curiositat en l\'aprenentatge. Sap treballar amb responsabilitat i autonomia.\\n- Bons hàbits de convivència i diàleg.\\n- Bon assoliment dels continguts treballats.\\n- Bona actitud en el treball d\'equip, col•labora, ajuda i és responsable amb les tasques que li pertoquen.\\n\"', 1, NULL),
(163, 1, 212, '\"Caràcter espontani i obert. Encara li costa ser ben acceptada dins del grup. Mostra dificultats en expressar el seu estat d\'ànim.\\n- Molt bons hàbits de neteja i ordre.\\n- Molt bons hàbits de treball: mostra interès i curiositat en l\'aprenentatge. Sap treballar amb responsabilitat i autonomia.\\n-Bons hàbits de convivència i diàleg, però no li costa gens enfadar-se, a vegades per coses sense importància i tendeix a imitar companys més impacients i protestons.\\n- Molt bon assoliment dels continguts treballats.\\n- Bona actitud en el treball d\'equip, col•labora, ajuda i és responsable amb les tasques que li pertoquen.\\n\"', 1, NULL),
(164, 1, 259, '\"Caràcter espontani i obert. Ben acceptat dins del grup. Sap expressar el seu estat d\'ànim.\\n- Bons hàbits de neteja i ordre.\\n- Bons hàbits de treball: mostra interès i curiositat en l\'aprenentatge. Sap treballar amb responsabilitat i autonomia. Encara és una mica lent.\\n- Bons hàbits de convivència i diàleg, aportacions molt positives al grup classe.\\n- Bon assoliment dels continguts treballats.\\n- Molt bona actitud en el treball d\'equip, col•labora, ajuda i és responsable amb les tasques que li pertoquen.\\n\"', 1, NULL),
(165, 1, 362, '\"Caràcter espontani i obert. Ben acceptada dins del grup. Sap expressar el seu estat d\'ànim.\\n- Molt bons hàbits de neteja i ordre.\\n- Molt bons hàbits de treball: mostra interès i curiositat en l\'aprenentatge. Sap treballar amb responsabilitat i autonomia.\\n- Molt bons hàbits de convivència i diàleg, aportacions molt positives al grup classe.\\n- Molt bon assoliment dels continguts treballats.\\n- Molt bona actitud en el treball d\'equip, col•labora, ajuda i és responsable amb les tasques que li pertoquen.\\n\"', 1, NULL),
(166, 1, 366, '\"Caràcter espontani i obert. Ben acceptada dins del grup. Sap expressar el seu estat d\'ànim.\\n- Bons hàbits de neteja i ordre.\\n- Bons hàbits de treball: mostra interès i curiositat en l\'aprenentatge. Sap treballar amb responsabilitat i autonomia.\\n- Bons hàbits de convivència i diàleg, aportacions molt positives al grup classe.\\n- Bon assoliment dels continguts treballats.\\n- Molt bona actitud en el treball d\'equip, col•labora, ajuda i és responsable amb les tasques que li pertoquen.\\n\"', 1, NULL),
(167, 1, 388, '\"- Caràcter espontani i obert. Acceptada dins del grup. Sap expressar el seu estat d\'ànim.\\n- Molt bons hàbits de neteja i d\'ordre.\\n- Ha de millorat els hàbits de treball: tot i que mostra més interès i una mica més de curiositat en els aprenentatges. El seu ritme de treball continua sent una força lent i es cansa de seguida perquè es distreu. Bons hàbits de convivència i diàleg, però no li costa gens enfadar-se, a vegades per coses sense importància i tendeix a imitar companys més impacients i protestons.\\n- Assoliment insuficient dels continguts treballats, ha de millorat força en la lectura i escriptura.\\n- Bona actitud en el treball d\'equip però necessita força ajuda.\\n\"', 1, NULL),
(168, 1, 403, '\"- Caràcter espontani i obert. Ben acceptada dins del grup. Sap expressar el seu estat d\'ànim.\\n- Molt bons hàbits de neteja, però ha de millorar una mica els d\'ordre.\\n- Ha de millorar els hàbits de treball, tot i que  mostra més interès i una mica més de curiositat en els aprenentatges, crec que podria esforçar-se una mica més. És distreu molt sovint. Bons hàbits de convivència i diàleg, però no li costa gens enfadar-se, a vegades per coses sense importància i tendeix a imitar companys més impacients i protestons.\\n- Assoliment satisfactori dels continguts treballats, ha millorat força en la lectura.\\n- Bona actitud en el treball d\'equip, col•labora, ajuda i és responsable amb les tasques que li pertoquen.\\n\\n\"', 1, NULL),
(169, 1, 421, '\"- Caràcter espontani i obert. Ben acceptat dins del grup. Sap expressar el seu estat d\'ànim.\\n- Molt bons hàbits de neteja, però ha de millorar una mica els d\'ordre.\\n- Ha millorat els hàbits de treball: mostra més interès i curiositat en els aprenentatges. El seu ritme de treball va millorant. Bons hàbits de convivència i diàleg.\\n- Assoliment suficient dels continguts treballats, ha millorat força en la lectura.\\n- Bona actitud en el treball d\'equip, col•labora, ajuda i és responsable amb les tasques que li pertoquen.\\n\\n\"', 1, NULL),
(170, 1, 423, '\"- Caràcter espontani i obert. Ben acceptat dins del grup. Sap expressar el seu estat d\'ànim.\\n- Molt bons hàbits de neteja, però ha de millorar una mica els d\'ordre.\\n- Ha millorat els hàbits de treball: mostra més interès i una mica més de curiositat en els aprenentatges. El seu ritme de treball ha millorat, crec que podria esforçar-se una mica més. Bons hàbits de convivència i diàleg, però no li costa gens enfadar-se, a vegades per coses sense importància i tendeix a imitar companys més impacients i protestons.\\n- Assoliment satisfactori dels continguts treballats, ha millorat força en la lectura.\\n- Bona actitud en el treball d\'equip, col•labora, ajuda i és responsable amb les tasques que li pertoquen.\\n\\nAnglès: felicito a en Gerard pel seu esforç i ganes d\'aprendre a les classes d\'anglès i l\'animo a seguir amb la mateixa actitud per seguir millorant.\"', 1, NULL),
(171, 1, 219, '\"L\'Haizea s\'ha adaptat molt bé a l\'escola. Ve contenta i gaudeix de tot el que fem.\\nEs mostra madura i responsable i participa en totes les activitats. \\nManté molt bona relació amb la mestra i amb els seus companys. Amb l\'Edgar hi té una relació especial. El protegeix i l\'ajuda sempre,  fins i tot,  a vegades pren les decisions per ell. Estan sempre junts, jo crec que no és l\'Edgar que la segueixi a tot arreu  sinó  l\'Haizea que el vol protegir i a l\'Edgar ja li està bé. \\nQuan fem activitats on partim el grup intento que cada un vagi en grups diferents perquè tant un com l\'altre ampli el seu cercle d\'amistats i l\'Edgar es vagi espavilant tot sol.                                                                                   \\n                                                                                                                                                    BONES FESTES! \"', 1, NULL),
(172, 1, 224, '\"La Sehajpreet s\'ha adaptat sense gaires dificultats a l\'escola. Va plorar els primers dies quan deixava a la mare però al cap d\'una estona es distreia jugant. Cal tenir en compte que no havia estat mai escolaritzada i té la dificultat afegida de l\'idioma.\\nAra ve contenta, s\'ho passa bé i participa en totes les activitats. No compren gaire les explicacions però actua imitant els altres. Se la veu espavilada i amb moltes ganes d\'aprendre. Comença a verbalitzar algunes paraules en català.\\n\\n                                                                                                                                                    BONES VACANCES.\"', 1, NULL),
(173, 1, 271, '\"A la Ylenia li va costar una mica adaptar-se a l\'escola, sobretot separar-se de la seva mare, es quedava plorant i després de mica en mica es distreia i s\'ho passava bé. Cal tenir en compte que no havia anat a la llar d\'infants.\\nAra ve contenta, es mostra molt oberta i participativa. Té mot interès per tot el que fem i col.labora en totes les tasques de la classe.\\nManté una bona relació amb els companys i amb la mestra. Sovint explica el que fa, tot i que no sempre la podem entendre.\\nHe notat molt canvi en la seva manera de fer al llarg d\'aquest trimestre ara  mostra més seguretat i confiança en ella mateixa.\\n\\n                                                                                                                                                                BONES FESTES!\\n\\n\"', 1, NULL),
(174, 1, 289, '\"Anglès: mostra dificultats per assolir els continguts i sovint és per manca d\'esforç. Animo a la Minerva a ser més constant i treballadora per poder millorar el seu nivell d\'anglès. \"', 1, NULL),
(175, 1, 100, '\"Anglès: en Wally sovint té actituds violentes a l\'aula que no afavoreixen l\'assoliment dels continguts de l\'assignatura. Quan hi ha una millora en l\'actitud i una mica d\'atenció i esforç és capaç de fer les tasques correctament, però poques vegades és així. Animo a en Wally a millorar la seva actitud a l\'aula.\"', 1, NULL),
(176, 1, 106, '\"Anglès: no assoleix els continguts que es donen a l\'aula i sovint és per manca d\'atenció i esforç. Animo a l\'Ismael a ser més constant per tal de poder millorar. \"', 1, NULL),
(177, 1, 306, '\"L\'Axel s\'ha adaptat sense dificultat a l\'escola. Ve content i s\'ho passa bé.\\nEs mostra obert i comunicatiu, li agrada explicar les seves vivències i utilitza un vocabulari ampli.\\nLa seva actitud dins la classe és  variable i depèn molt de com està. Hi ha dies  que participa de les activitats, juga i es concentra en el que fa i manté una relació respectuosa amb els companys.\\nAltres dies va més a la seva, li costa parar atenció i escoltar els altres, canvia sovint de joc i es mostra possessiu amb el material o espais de la classe (per exemple, si està ell dins la caseta, no deixa entrar els altres companys, si agafa un material que jo he deixat a la taula perquè els nens  classifiquin o relacionin ell l\'utilitza per omplir i buidar pots i quan li sembla l\'endreça perquè els altres no el toquin o li costa  distreure\'s i corre per la classe empaitant algun company...)\\nEs mostra madur per  raonar, seguir converses, captar els missatges dels contes, aprendre conceptes... Però li costa controlar les seves accions i preveure què pot passar (per exemple llançar un tronc a l\'aire, enfilar-se amb un company a algun lloc i tirar-lo a baix amb una empenta, llançar una joguina en direcció als companys...) Tot i que després, quan fa mal a algú s\'adona de què ha fet i demana perdó.\\nLi costa respectar les normes i sovint se li han de recordar els límits.\\nA vegades té necessitat de cridar l\'atenció i ser protagonista, és per això que en alguns moments i tenint en compte la seva maduresa li dono alguna responsabilitat on ell se sent satisfet de poder fer coses de nen gran (per exemple anar amb la Cristina a demanar-li paper de vàter o portar un missatge a una altra mestra...).\\nAmb els companys he observat que no sempre els busca, a vegades prefereix jugar sol  i de sobte veig que s\'ha fet molt amic d\'un nen o nena de la classe i durant uns dies el busca per jugar o per fer alguna de les seves trapelleries, fins que se\'n cansa i torna a jugar sol o canvia de company. El que li costa, a vegades,   és mostrar-se respectuós amb', 1, NULL),
(178, 1, 126, '\"Anglès: no assoleix els continguts que es donen a l\'aula i sovint és per manca d\'atenció i esforç. Quan és capaç d\'estar concentrada i d\'esforçar-se, els resultats milloren força. Per tant, animo a la Queralt a canviar d\'actitud per tal de poder millorar. \"', 1, NULL),
(179, 1, 147, '\"Anglès: té bones capacitats, però hauria de millorar la seva actitud a l\'aula, estar més atent i esforçar-se més. \"', 1, NULL),
(180, 1, 213, '\"Anglès: l\'actitud de l\'Aniol ha millorat al llarg del trimestre. El felicito pel canvi positiu i l\'animo a continuar millorant. \"', 1, NULL),
(181, 1, 310, '\"Anglès: en Jorge ha  mostrat alts i baixos d\'actitud al llarg del trimestre. Quan ell s\'esforça per concentrar-se i fer bé una tasca els resultats són bons. L\'animo a mostar una bona actitud a l\'aula per seguir millorant. \"', 1, NULL),
(182, 1, 21, '\"Anglès: l\'Eizan ha mostrat alts i baixos d\'actitud a l\'aula al llarg del trimestre. Sembla que a finals d\'aquest trimestre la seva actitud ha millorat, però encara té dificultats per assolir els continguts que es donen, molts cops per manca d\'atenció i d\'esforç. Animo a l\'Eizan a mostar una bona actitud a l\'aula per seguir millorant. \"', 1, NULL),
(183, 1, 329, '\"L\'Edgar s\'ha adaptat a l\'escola sense dificultat, la seva cosina l\'Haizea li ha ajudat en aquest procés donant-li soport en tot momento.\\nVe content i s\'ho passa bé, paricipa de les activitats i es mostra respectuós amb tothom, \\nManté una estreta relació amb l\'Haizea, juguen junts, seuen junts a la rotllana, per esmorzar... es busquen sempre , crec que és l\'Haizea la que està més pendent d\'ell per protegir-lo i ajudar-lo en tot momento i al Edgar ja li està bé no haber-se de procupar per res. Però observo que és una relació massa protectora i pensó que no el deixa creixe. \\nL\'Edgar, per altra banda, es mostra molt insegur en la presa de decisions i motriument, sovint dubte en les seves possibilitat.\\nCal ajudar-lo a que vagi agafant més confiança i seguretat en ell mateix i que vagi ampliant el seu cercle d\'amistats. \\nEs per això que dins l\'aula sempre que partim el grup el separo de la seva cosina (per fer psico, teatre, experiències...) i he observat que quan està sól s\'esforça per superar les dificultats ies mostra més ell tal com és \"', 1, NULL),
(184, 1, 248, '\"Música: La Judith aquest final de trimestre s\'ha negat a participar en el concert de Nadal i  la Marató. A les hores de música no ha seguit la classe i s\'ha tancat en banda. Tampoc ha donat cap raó. Espero que comenci el segon trimestre amb més ganes.\"', 1, NULL),
(185, 1, 227, '\"Usmani acostuma a arribar tard amb molta freqüència. Cal que sigui més puntual. Heu de justificar per escrit a la llibreta totes les seves faltes d’assistència. Bon Nadal.\"', 1, NULL);

-- --------------------------------------------------------

--
-- Table structure for table `partialevaluationdescriptions`
--

CREATE TABLE `partialevaluationdescriptions` (
  `id` int(11) NOT NULL
) ENGINE=InnoDB DEFAULT CHARSET=utf8 COLLATE=utf8_unicode_ci;

--
-- Dumping data for table `partialevaluationdescriptions`
--

INSERT INTO `partialevaluationdescriptions` (`id`) VALUES
(5),
(6),
(7),
(8),
(9);

-- --------------------------------------------------------

--
-- Table structure for table `partialevaluations`
--

CREATE TABLE `partialevaluations` (
  `id` int(11) NOT NULL,
  `student_id` int(11) DEFAULT NULL,
  `course_id` int(11) DEFAULT NULL,
  `trimestre_id` int(11) DEFAULT NULL,
  `dimension_id` int(11) DEFAULT NULL,
  `partialevaluationdescription_id` int(11) DEFAULT NULL
) ENGINE=InnoDB DEFAULT CHARSET=utf8 COLLATE=utf8_unicode_ci;

--
-- Dumping data for table `partialevaluations`
--

INSERT INTO `partialevaluations` (`id`, `student_id`, `course_id`, `trimestre_id`, `dimension_id`, `partialevaluationdescription_id`) VALUES
(570, 37, 1, 1, 1, 7),
(571, 37, 1, 1, 2, 7),
(572, 37, 1, 1, 3, 8),
(573, 37, 1, 1, 4, 7),
(574, 37, 1, 1, 5, 7),
(576, 37, 1, 1, 6, 7),
(577, 37, 1, 1, 7, 7),
(578, 37, 1, 1, 9, 8),
(579, 37, 1, 1, 10, 7),
(580, 37, 1, 1, 11, 7),
(582, 37, 1, 1, 18, 7),
(583, 37, 1, 1, 19, 7),
(584, 37, 1, 1, 20, 7),
(585, 37, 1, 1, 21, 7),
(587, 37, 1, 1, 22, 7),
(588, 37, 1, 1, 23, 7),
(589, 37, 1, 1, 24, 7),
(590, 37, 1, 1, 25, 7),
(592, 37, 1, 1, 33, 6),
(593, 37, 1, 1, 34, 7),
(594, 37, 1, 1, 35, 7),
(596, 37, 1, 1, 73, 7),
(598, 37, 1, 1, 74, 7),
(600, 40, 1, 1, 2, 5),
(601, 40, 1, 1, 1, 5),
(602, 40, 1, 1, 3, 6),
(603, 40, 1, 1, 4, 6),
(604, 40, 1, 1, 5, 5),
(606, 40, 1, 1, 6, 6),
(607, 40, 1, 1, 7, 6),
(608, 40, 1, 1, 9, 6),
(609, 40, 1, 1, 10, 6),
(610, 40, 1, 1, 11, 6),
(612, 40, 1, 1, 18, 6),
(613, 40, 1, 1, 19, 5),
(614, 40, 1, 1, 20, 5),
(615, 40, 1, 1, 21, 6),
(617, 40, 1, 1, 22, 5),
(618, 40, 1, 1, 23, 5),
(619, 40, 1, 1, 24, 5),
(620, 40, 1, 1, 25, 5),
(622, 40, 1, 1, 33, 5),
(623, 40, 1, 1, 34, 6),
(624, 40, 1, 1, 35, 6),
(626, 40, 1, 1, 73, 6),
(628, 40, 1, 1, 74, 6),
(630, 60, 1, 1, 1, 6),
(631, 60, 1, 1, 2, 6),
(632, 60, 1, 1, 3, 7),
(633, 60, 1, 1, 4, 6),
(634, 60, 1, 1, 5, 6),
(636, 60, 1, 1, 6, 7),
(637, 60, 1, 1, 7, 6),
(638, 60, 1, 1, 9, 7),
(639, 60, 1, 1, 10, 6),
(640, 60, 1, 1, 11, 6),
(642, 60, 1, 1, 18, 5),
(643, 60, 1, 1, 19, 5),
(644, 60, 1, 1, 20, 5),
(645, 60, 1, 1, 21, 5),
(647, 60, 1, 1, 22, 5),
(648, 60, 1, 1, 23, 5),
(649, 60, 1, 1, 24, 5),
(650, 60, 1, 1, 25, 5),
(652, 60, 1, 1, 33, 6),
(653, 60, 1, 1, 34, 6),
(654, 60, 1, 1, 35, 6),
(656, 60, 1, 1, 73, 6),
(658, 60, 1, 1, 74, 6),
(660, 74, 1, 1, 1, 6),
(661, 74, 1, 1, 2, 7),
(662, 74, 1, 1, 3, 7),
(663, 74, 1, 1, 4, 6),
(664, 74, 1, 1, 5, 7),
(667, 74, 1, 1, 6, 6),
(668, 74, 1, 1, 7, 6),
(669, 74, 1, 1, 9, 6),
(670, 74, 1, 1, 10, 6),
(671, 74, 1, 1, 11, 6),
(677, 74, 1, 1, 18, 8),
(679, 74, 1, 1, 19, 7),
(680, 74, 1, 1, 20, 7),
(681, 74, 1, 1, 21, 7),
(683, 74, 1, 1, 22, 6),
(684, 74, 1, 1, 23, 6),
(685, 74, 1, 1, 24, 6),
(686, 74, 1, 1, 25, 6),
(688, 74, 1, 1, 33, 6),
(689, 74, 1, 1, 34, 6),
(690, 74, 1, 1, 35, 6),
(692, 74, 1, 1, 73, 6),
(695, 74, 1, 1, 74, 6),
(696, 80, 1, 1, 1, 5),
(697, 80, 1, 1, 2, 5),
(698, 80, 1, 1, 3, 6),
(699, 80, 1, 1, 4, 5),
(700, 80, 1, 1, 5, 6),
(702, 80, 1, 1, 6, 5),
(703, 80, 1, 1, 7, 5),
(704, 80, 1, 1, 9, 6),
(705, 80, 1, 1, 10, 5),
(706, 80, 1, 1, 11, 6),
(708, 80, 1, 1, 18, 6),
(709, 80, 1, 1, 19, 5),
(710, 80, 1, 1, 20, 5),
(711, 80, 1, 1, 21, 5),
(713, 80, 1, 1, 22, 5),
(714, 80, 1, 1, 23, 5),
(715, 80, 1, 1, 24, 5),
(716, 80, 1, 1, 25, 5),
(718, 80, 1, 1, 33, 5),
(719, 80, 1, 1, 34, 5),
(720, 80, 1, 1, 35, 5),
(722, 80, 1, 1, 73, 5),
(724, 80, 1, 1, 74, 5),
(726, 87, 1, 1, 1, 5),
(727, 87, 1, 1, 2, 5),
(728, 87, 1, 1, 3, 6),
(729, 87, 1, 1, 4, 6),
(730, 87, 1, 1, 5, 6),
(732, 87, 1, 1, 6, 5),
(733, 87, 1, 1, 7, 5),
(734, 87, 1, 1, 9, 6),
(735, 87, 1, 1, 10, 6),
(736, 87, 1, 1, 11, 5),
(738, 87, 1, 1, 22, 6),
(739, 87, 1, 1, 18, 7),
(740, 87, 1, 1, 19, 6),
(741, 87, 1, 1, 20, 6),
(742, 87, 1, 1, 21, 7),
(744, 87, 1, 1, 23, 6),
(745, 87, 1, 1, 24, 6),
(746, 87, 1, 1, 25, 6),
(748, 87, 1, 1, 33, 6),
(749, 87, 1, 1, 34, 6),
(750, 87, 1, 1, 35, 6),
(752, 87, 1, 1, 73, 5),
(754, 87, 1, 1, 74, 5),
(756, 104, 1, 1, 6, 6),
(757, 104, 1, 1, 7, 7),
(758, 104, 1, 1, 9, 7),
(759, 104, 1, 1, 10, 7),
(760, 104, 1, 1, 11, 7),
(762, 104, 1, 1, 18, 7),
(763, 104, 1, 1, 19, 7),
(764, 104, 1, 1, 20, 7),
(765, 104, 1, 1, 21, 7),
(767, 104, 1, 1, 1, 6),
(768, 104, 1, 1, 2, 7),
(769, 104, 1, 1, 3, 7),
(770, 104, 1, 1, 4, 7),
(771, 104, 1, 1, 5, 7),
(773, 104, 1, 1, 22, 7),
(774, 104, 1, 1, 23, 7),
(775, 104, 1, 1, 24, 7),
(776, 104, 1, 1, 25, 7),
(778, 104, 1, 1, 33, 6),
(779, 104, 1, 1, 34, 6),
(780, 104, 1, 1, 35, 6),
(783, 104, 1, 1, 73, 7),
(784, 104, 1, 1, 74, 7),
(786, 107, 1, 1, 1, 5),
(787, 107, 1, 1, 2, 6),
(788, 107, 1, 1, 3, 6),
(789, 107, 1, 1, 4, 6),
(790, 107, 1, 1, 5, 6),
(792, 107, 1, 1, 6, 6),
(793, 107, 1, 1, 7, 5),
(794, 107, 1, 1, 9, 6),
(795, 107, 1, 1, 10, 6),
(796, 107, 1, 1, 11, 6),
(798, 107, 1, 1, 18, 7),
(799, 107, 1, 1, 19, 6),
(800, 107, 1, 1, 20, 6),
(801, 107, 1, 1, 21, 7),
(803, 107, 1, 1, 22, 7),
(804, 107, 1, 1, 23, 6),
(805, 107, 1, 1, 24, 6),
(806, 107, 1, 1, 25, 6),
(808, 107, 1, 1, 33, 6),
(809, 107, 1, 1, 34, 6),
(810, 107, 1, 1, 35, 6),
(812, 107, 1, 1, 73, 6),
(814, 107, 1, 1, 74, 6),
(816, 127, 1, 1, 1, 6),
(817, 127, 1, 1, 2, 6),
(818, 127, 1, 1, 3, 6),
(819, 127, 1, 1, 4, 6),
(820, 127, 1, 1, 5, 6),
(822, 127, 1, 1, 6, 7),
(823, 127, 1, 1, 7, 7),
(824, 127, 1, 1, 9, 7),
(825, 127, 1, 1, 10, 7),
(826, 127, 1, 1, 11, 7),
(828, 127, 1, 1, 18, 7),
(829, 127, 1, 1, 19, 7),
(830, 127, 1, 1, 20, 7),
(831, 127, 1, 1, 21, 7),
(833, 127, 1, 1, 22, 6),
(834, 127, 1, 1, 23, 6),
(835, 127, 1, 1, 24, 6),
(836, 127, 1, 1, 25, 6),
(838, 127, 1, 1, 33, 6),
(839, 127, 1, 1, 34, 6),
(840, 127, 1, 1, 35, 6),
(842, 127, 1, 1, 73, 6),
(844, 127, 1, 1, 74, 6),
(846, 137, 1, 1, 1, 6),
(847, 137, 1, 1, 2, 6),
(848, 137, 1, 1, 3, 8),
(849, 137, 1, 1, 4, 7),
(850, 137, 1, 1, 5, 7),
(852, 137, 1, 1, 6, 7),
(853, 137, 1, 1, 7, 6),
(854, 137, 1, 1, 9, 7),
(855, 137, 1, 1, 10, 6),
(856, 137, 1, 1, 11, 6),
(858, 137, 1, 1, 18, 7),
(859, 137, 1, 1, 19, 7),
(860, 137, 1, 1, 20, 7),
(861, 137, 1, 1, 21, 7),
(863, 137, 1, 1, 22, 7),
(864, 137, 1, 1, 23, 7),
(865, 137, 1, 1, 24, 6),
(866, 137, 1, 1, 25, 7),
(868, 137, 1, 1, 33, 7),
(869, 137, 1, 1, 34, 7),
(870, 137, 1, 1, 35, 7),
(872, 137, 1, 1, 73, 7),
(874, 137, 1, 1, 74, 7),
(876, 155, 1, 1, 1, 7),
(877, 155, 1, 1, 2, 7),
(878, 155, 1, 1, 3, 7),
(879, 155, 1, 1, 4, 7),
(880, 155, 1, 1, 5, 7),
(882, 155, 1, 1, 6, 7),
(883, 155, 1, 1, 7, 7),
(884, 155, 1, 1, 9, 7),
(885, 155, 1, 1, 10, 8),
(886, 155, 1, 1, 11, 7),
(888, 155, 1, 1, 18, 8),
(889, 155, 1, 1, 19, 7),
(890, 155, 1, 1, 20, 8),
(891, 155, 1, 1, 21, 7),
(893, 155, 1, 1, 22, 7),
(894, 155, 1, 1, 23, 6),
(895, 155, 1, 1, 24, 7),
(896, 155, 1, 1, 25, 7),
(898, 155, 1, 1, 33, 7),
(899, 155, 1, 1, 34, 7),
(900, 155, 1, 1, 35, 7),
(902, 155, 1, 1, 73, 7),
(904, 155, 1, 1, 74, 7),
(906, 160, 1, 1, 6, 5),
(907, 160, 1, 1, 7, 5),
(908, 160, 1, 1, 9, 5),
(909, 160, 1, 1, 10, 5),
(910, 160, 1, 1, 11, 6),
(912, 160, 1, 1, 12, 5),
(913, 160, 1, 1, 14, 5),
(914, 160, 1, 1, 15, 5),
(915, 160, 1, 1, 17, 5),
(917, 160, 1, 1, 18, 5),
(918, 160, 1, 1, 19, 5),
(919, 160, 1, 1, 20, 5),
(920, 160, 1, 1, 21, 5),
(922, 160, 1, 1, 22, 6),
(923, 160, 1, 1, 23, 6),
(924, 160, 1, 1, 24, 6),
(925, 160, 1, 1, 25, 6),
(927, 160, 1, 1, 33, 6),
(928, 160, 1, 1, 34, 6),
(929, 160, 1, 1, 35, 6),
(931, 160, 1, 1, 73, 6),
(933, 160, 1, 1, 74, 6),
(935, 169, 1, 1, 1, 6),
(936, 169, 1, 1, 2, 6),
(937, 169, 1, 1, 3, 7),
(938, 169, 1, 1, 4, 8),
(939, 169, 1, 1, 5, 7),
(941, 169, 1, 1, 6, 6),
(942, 169, 1, 1, 7, 6),
(943, 169, 1, 1, 9, 7),
(944, 169, 1, 1, 10, 7),
(945, 169, 1, 1, 11, 7),
(947, 169, 1, 1, 18, 7),
(948, 169, 1, 1, 19, 7),
(949, 169, 1, 1, 20, 7),
(950, 169, 1, 1, 21, 7),
(952, 169, 1, 1, 22, 7),
(953, 169, 1, 1, 23, 7),
(954, 169, 1, 1, 24, 7),
(955, 169, 1, 1, 25, 6),
(957, 169, 1, 1, 33, 6),
(958, 169, 1, 1, 34, 6),
(959, 169, 1, 1, 35, 6),
(963, 169, 1, 1, 73, 7),
(965, 169, 1, 1, 74, 7),
(967, 172, 1, 1, 1, 5),
(968, 172, 1, 1, 2, 6),
(969, 172, 1, 1, 3, 6),
(970, 172, 1, 1, 4, 5),
(971, 172, 1, 1, 5, 6),
(973, 172, 1, 1, 6, 6),
(974, 172, 1, 1, 7, 6),
(975, 172, 1, 1, 9, 6),
(976, 172, 1, 1, 10, 5),
(977, 172, 1, 1, 11, 6),
(979, 172, 1, 1, 18, 7),
(980, 172, 1, 1, 19, 6),
(981, 172, 1, 1, 20, 6),
(982, 172, 1, 1, 21, 6),
(984, 172, 1, 1, 22, 6),
(985, 172, 1, 1, 23, 6),
(986, 172, 1, 1, 24, 6),
(987, 172, 1, 1, 25, 6),
(989, 172, 1, 1, 33, 6),
(990, 172, 1, 1, 34, 6),
(991, 172, 1, 1, 35, 6),
(993, 172, 1, 1, 73, 6),
(995, 172, 1, 1, 74, 6),
(997, 197, 1, 1, 1, 6),
(998, 197, 1, 1, 2, 6),
(999, 197, 1, 1, 3, 6),
(1000, 197, 1, 1, 4, 6),
(1001, 197, 1, 1, 5, 6),
(1003, 197, 1, 1, 6, 6),
(1004, 197, 1, 1, 7, 6),
(1005, 197, 1, 1, 9, 6),
(1006, 197, 1, 1, 10, 6),
(1007, 197, 1, 1, 11, 6),
(1009, 197, 1, 1, 18, 7),
(1010, 197, 1, 1, 19, 6),
(1011, 197, 1, 1, 20, 7),
(1012, 197, 1, 1, 21, 6),
(1014, 197, 1, 1, 22, 6),
(1015, 197, 1, 1, 23, 6),
(1016, 197, 1, 1, 24, 6),
(1017, 197, 1, 1, 25, 6),
(1019, 197, 1, 1, 33, 6),
(1020, 197, 1, 1, 34, 6),
(1021, 197, 1, 1, 35, 6),
(1023, 197, 1, 1, 73, 6),
(1025, 197, 1, 1, 74, 6),
(1027, 212, 1, 1, 1, 5),
(1028, 212, 1, 1, 2, 5),
(1029, 212, 1, 1, 3, 5),
(1030, 212, 1, 1, 4, 5),
(1031, 212, 1, 1, 5, 5),
(1033, 212, 1, 1, 6, 5),
(1034, 212, 1, 1, 7, 5),
(1035, 212, 1, 1, 9, 5),
(1036, 212, 1, 1, 10, 5),
(1037, 212, 1, 1, 11, 5),
(1039, 212, 1, 1, 18, 5),
(1040, 212, 1, 1, 19, 5),
(1041, 212, 1, 1, 20, 5),
(1042, 212, 1, 1, 21, 5),
(1044, 212, 1, 1, 22, 5),
(1045, 212, 1, 1, 23, 5),
(1046, 212, 1, 1, 24, 5),
(1047, 212, 1, 1, 25, 5),
(1049, 212, 1, 1, 33, 6),
(1050, 212, 1, 1, 34, 6),
(1051, 212, 1, 1, 35, 6),
(1053, 212, 1, 1, 73, 5),
(1055, 212, 1, 1, 74, 5),
(1057, 259, 1, 1, 1, 6),
(1058, 259, 1, 1, 2, 6),
(1059, 259, 1, 1, 3, 6),
(1060, 259, 1, 1, 4, 6),
(1061, 259, 1, 1, 5, 6),
(1063, 259, 1, 1, 6, 6),
(1064, 259, 1, 1, 7, 6),
(1065, 259, 1, 1, 9, 6),
(1066, 259, 1, 1, 10, 6),
(1067, 259, 1, 1, 11, 6),
(1069, 259, 1, 1, 22, 6),
(1070, 259, 1, 1, 18, 5),
(1071, 259, 1, 1, 19, 5),
(1072, 259, 1, 1, 20, 5),
(1073, 259, 1, 1, 21, 5),
(1075, 259, 1, 1, 23, 5),
(1076, 259, 1, 1, 24, 6),
(1077, 259, 1, 1, 25, 6),
(1079, 259, 1, 1, 33, 6),
(1080, 259, 1, 1, 34, 6),
(1081, 259, 1, 1, 35, 6),
(1083, 259, 1, 1, 73, 6),
(1085, 259, 1, 1, 74, 6),
(1087, 281, 1, 1, 1, 6),
(1088, 281, 1, 1, 2, 6),
(1089, 281, 1, 1, 3, 8),
(1090, 281, 1, 1, 4, 7),
(1091, 281, 1, 1, 5, 7),
(1093, 281, 1, 1, 6, 6),
(1094, 281, 1, 1, 7, 6),
(1095, 281, 1, 1, 9, 7),
(1096, 281, 1, 1, 10, 7),
(1097, 281, 1, 1, 11, 6),
(1099, 281, 1, 1, 18, 6),
(1100, 281, 1, 1, 19, 6),
(1101, 281, 1, 1, 20, 6),
(1103, 281, 1, 1, 22, 6),
(1104, 281, 1, 1, 23, 6),
(1105, 281, 1, 1, 24, 6),
(1106, 281, 1, 1, 25, 6),
(1108, 281, 1, 1, 33, 7),
(1109, 281, 1, 1, 34, 7),
(1110, 281, 1, 1, 35, 7),
(1112, 281, 1, 1, 73, 7),
(1114, 281, 1, 1, 74, 8),
(1116, 362, 1, 1, 1, 5),
(1117, 362, 1, 1, 2, 5),
(1118, 362, 1, 1, 3, 6),
(1119, 362, 1, 1, 4, 5),
(1120, 362, 1, 1, 5, 5),
(1122, 362, 1, 1, 6, 5),
(1123, 362, 1, 1, 7, 5),
(1124, 362, 1, 1, 9, 6),
(1125, 362, 1, 1, 10, 5),
(1126, 362, 1, 1, 11, 5),
(1128, 362, 1, 1, 18, 5),
(1129, 362, 1, 1, 19, 5),
(1130, 362, 1, 1, 20, 5),
(1131, 362, 1, 1, 21, 5),
(1133, 362, 1, 1, 22, 5),
(1134, 362, 1, 1, 23, 5),
(1135, 362, 1, 1, 24, 5),
(1136, 362, 1, 1, 25, 5),
(1138, 362, 1, 1, 33, 6),
(1139, 362, 1, 1, 34, 6),
(1140, 362, 1, 1, 35, 6),
(1142, 362, 1, 1, 73, 6),
(1144, 362, 1, 1, 74, 6),
(1146, 366, 1, 1, 1, 5),
(1147, 366, 1, 1, 2, 6),
(1148, 366, 1, 1, 3, 6),
(1149, 366, 1, 1, 4, 6),
(1150, 366, 1, 1, 5, 6),
(1152, 366, 1, 1, 6, 5),
(1153, 366, 1, 1, 7, 6),
(1154, 366, 1, 1, 9, 6),
(1155, 366, 1, 1, 10, 6),
(1156, 366, 1, 1, 11, 6),
(1158, 366, 1, 1, 18, 7),
(1159, 366, 1, 1, 19, 6),
(1160, 366, 1, 1, 20, 6),
(1161, 366, 1, 1, 21, 6),
(1163, 366, 1, 1, 22, 6),
(1164, 366, 1, 1, 23, 6),
(1165, 366, 1, 1, 24, 6),
(1166, 366, 1, 1, 25, 6),
(1168, 366, 1, 1, 33, 6),
(1169, 366, 1, 1, 34, 6),
(1170, 366, 1, 1, 35, 6),
(1174, 366, 1, 1, 73, 6),
(1176, 366, 1, 1, 74, 6),
(1178, 388, 1, 1, 1, 9),
(1179, 388, 1, 1, 2, 8),
(1180, 388, 1, 1, 3, 9),
(1181, 388, 1, 1, 4, 8),
(1182, 388, 1, 1, 5, 9),
(1184, 388, 1, 1, 6, 8),
(1185, 388, 1, 1, 7, 9),
(1186, 388, 1, 1, 9, 9),
(1187, 388, 1, 1, 10, 8),
(1188, 388, 1, 1, 11, 9),
(1190, 388, 1, 1, 19, 7),
(1191, 388, 1, 1, 18, 9),
(1192, 388, 1, 1, 20, 8),
(1193, 388, 1, 1, 21, 8),
(1195, 388, 1, 1, 22, 8),
(1196, 388, 1, 1, 23, 9),
(1197, 388, 1, 1, 24, 9),
(1198, 388, 1, 1, 25, 7),
(1200, 388, 1, 1, 33, 6),
(1201, 388, 1, 1, 34, 6),
(1202, 388, 1, 1, 35, 6),
(1204, 388, 1, 1, 73, 8),
(1206, 388, 1, 1, 74, 8),
(1208, 403, 1, 1, 1, 6),
(1209, 403, 1, 1, 2, 6),
(1210, 403, 1, 1, 3, 7),
(1211, 403, 1, 1, 4, 7),
(1212, 403, 1, 1, 5, 7),
(1214, 403, 1, 1, 6, 6),
(1215, 403, 1, 1, 7, 6),
(1216, 403, 1, 1, 9, 7),
(1217, 403, 1, 1, 10, 7),
(1218, 403, 1, 1, 11, 7),
(1221, 403, 1, 1, 18, 8),
(1222, 403, 1, 1, 19, 7),
(1223, 403, 1, 1, 20, 7),
(1224, 403, 1, 1, 21, 7),
(1226, 403, 1, 1, 22, 7),
(1227, 403, 1, 1, 23, 7),
(1228, 403, 1, 1, 24, 7),
(1229, 403, 1, 1, 25, 7),
(1231, 403, 1, 1, 33, 6),
(1232, 403, 1, 1, 35, 6),
(1233, 403, 1, 1, 34, 6),
(1235, 403, 1, 1, 73, 7),
(1237, 403, 1, 1, 74, 7),
(1239, 421, 1, 1, 1, 7),
(1240, 421, 1, 1, 2, 7),
(1241, 421, 1, 1, 3, 7),
(1242, 421, 1, 1, 4, 7),
(1243, 421, 1, 1, 5, 7),
(1245, 421, 1, 1, 6, 7),
(1246, 421, 1, 1, 7, 7),
(1247, 421, 1, 1, 9, 7),
(1248, 421, 1, 1, 10, 7),
(1249, 421, 1, 1, 11, 7),
(1251, 421, 1, 1, 18, 7),
(1252, 421, 1, 1, 19, 6),
(1253, 421, 1, 1, 20, 6),
(1254, 421, 1, 1, 21, 7),
(1256, 421, 1, 1, 22, 7),
(1257, 421, 1, 1, 23, 7),
(1258, 421, 1, 1, 24, 7),
(1259, 421, 1, 1, 25, 7),
(1261, 421, 1, 1, 33, 6),
(1262, 421, 1, 1, 34, 6),
(1263, 421, 1, 1, 35, 6),
(1265, 421, 1, 1, 73, 7),
(1267, 421, 1, 1, 74, 7),
(1269, 423, 1, 1, 2, 7),
(1270, 423, 1, 1, 1, 6),
(1271, 423, 1, 1, 3, 7),
(1272, 423, 1, 1, 4, 7),
(1273, 423, 1, 1, 5, 7),
(1275, 423, 1, 1, 6, 5),
(1276, 423, 1, 1, 7, 5),
(1277, 423, 1, 1, 10, 7),
(1278, 423, 1, 1, 9, 7),
(1279, 423, 1, 1, 11, 7),
(1281, 423, 1, 1, 18, 7),
(1282, 423, 1, 1, 19, 7),
(1283, 423, 1, 1, 20, 7),
(1284, 423, 1, 1, 21, 7),
(1286, 423, 1, 1, 23, 6),
(1287, 423, 1, 1, 22, 7),
(1288, 423, 1, 1, 24, 7),
(1289, 423, 1, 1, 25, 7),
(1291, 423, 1, 1, 33, 6),
(1292, 423, 1, 1, 34, 6),
(1293, 423, 1, 1, 35, 6),
(1295, 423, 1, 1, 73, 7),
(1297, 423, 1, 1, 74, 8),
(1300, 17, 1, 1, 75, 6),
(1301, 17, 1, 1, 76, 6),
(1302, 17, 1, 1, 77, 6),
(1304, 17, 1, 1, 73, 6),
(1306, 17, 1, 1, 74, 7),
(1308, 17, 1, 1, 6, 8),
(1309, 17, 1, 1, 11, 7),
(1310, 17, 1, 1, 10, 8),
(1311, 17, 1, 1, 8, 8),
(1313, 17, 1, 1, 1, 6),
(1314, 17, 1, 1, 2, 6),
(1315, 17, 1, 1, 3, 6),
(1316, 17, 1, 1, 4, 8),
(1317, 17, 1, 1, 5, 7),
(1319, 17, 1, 1, 25, 7),
(1320, 17, 1, 1, 23, 7),
(1321, 17, 1, 1, 22, 7),
(1322, 17, 1, 1, 24, 7),
(1324, 17, 1, 1, 18, 7),
(1325, 17, 1, 1, 19, 7),
(1326, 17, 1, 1, 20, 6),
(1327, 17, 1, 1, 21, 6),
(1329, 17, 1, 1, 33, 7),
(1330, 17, 1, 1, 34, 7),
(1331, 17, 1, 1, 35, 7),
(1333, 43, 1, 1, 1, 8),
(1334, 43, 1, 1, 2, 8),
(1335, 43, 1, 1, 3, 7),
(1336, 43, 1, 1, 4, 9),
(1337, 43, 1, 1, 5, 8),
(1339, 43, 1, 1, 6, 8),
(1340, 43, 1, 1, 8, 8),
(1341, 43, 1, 1, 10, 9),
(1342, 43, 1, 1, 11, 8),
(1344, 43, 1, 1, 18, 6),
(1345, 43, 1, 1, 19, 7),
(1346, 43, 1, 1, 20, 7),
(1347, 43, 1, 1, 21, 6),
(1349, 43, 1, 1, 22, 8),
(1350, 43, 1, 1, 23, 8),
(1351, 43, 1, 1, 24, 8),
(1352, 43, 1, 1, 25, 7),
(1354, 43, 1, 1, 33, 7),
(1355, 43, 1, 1, 34, 8),
(1356, 43, 1, 1, 35, 7),
(1358, 43, 1, 1, 73, 8),
(1360, 43, 1, 1, 74, 7),
(1362, 25, 1, 1, 4, 9),
(1363, 25, 1, 1, 3, 8),
(1364, 25, 1, 1, 2, 8),
(1365, 25, 1, 1, 1, 8),
(1366, 25, 1, 1, 5, 8),
(1368, 25, 1, 1, 6, 8),
(1369, 25, 1, 1, 8, 8),
(1370, 25, 1, 1, 10, 8),
(1371, 25, 1, 1, 11, 8),
(1373, 25, 1, 1, 18, 8),
(1374, 25, 1, 1, 19, 8),
(1375, 25, 1, 1, 20, 8),
(1376, 25, 1, 1, 21, 7),
(1378, 25, 1, 1, 22, 8),
(1379, 25, 1, 1, 23, 8),
(1380, 25, 1, 1, 24, 8),
(1381, 25, 1, 1, 25, 8),
(1383, 25, 1, 1, 75, 7),
(1384, 25, 1, 1, 76, 7),
(1385, 25, 1, 1, 77, 7),
(1387, 43, 1, 1, 75, 7),
(1388, 43, 1, 1, 76, 7),
(1389, 43, 1, 1, 77, 7),
(1391, 25, 1, 1, 33, 7),
(1392, 25, 1, 1, 34, 7),
(1393, 25, 1, 1, 35, 7),
(1395, 25, 1, 1, 73, 8),
(1397, 25, 1, 1, 74, 8),
(1399, 61, 1, 1, 1, 5),
(1400, 61, 1, 1, 2, 6),
(1401, 61, 1, 1, 3, 6),
(1402, 61, 1, 1, 4, 6),
(1403, 61, 1, 1, 5, 6),
(1405, 61, 1, 1, 6, 6),
(1406, 61, 1, 1, 8, 6),
(1407, 61, 1, 1, 10, 6),
(1408, 61, 1, 1, 11, 6),
(1410, 61, 1, 1, 18, 5),
(1411, 61, 1, 1, 19, 6),
(1412, 61, 1, 1, 20, 6),
(1413, 61, 1, 1, 21, 5),
(1415, 61, 1, 1, 22, 6),
(1416, 61, 1, 1, 23, 6),
(1417, 61, 1, 1, 24, 6),
(1418, 61, 1, 1, 25, 6),
(1424, 61, 1, 1, 75, 6),
(1425, 61, 1, 1, 76, 6),
(1426, 61, 1, 1, 77, 6),
(1428, 61, 1, 1, 73, 5),
(1430, 61, 1, 1, 74, 6),
(1432, 79, 1, 1, 1, 5),
(1433, 79, 1, 1, 2, 5),
(1434, 79, 1, 1, 3, 6),
(1435, 79, 1, 1, 4, 5),
(1436, 79, 1, 1, 5, 5),
(1438, 79, 1, 1, 6, 6),
(1439, 79, 1, 1, 8, 6),
(1440, 79, 1, 1, 10, 6),
(1441, 79, 1, 1, 11, 6),
(1443, 79, 1, 1, 18, 5),
(1444, 79, 1, 1, 19, 5),
(1445, 79, 1, 1, 20, 5),
(1446, 79, 1, 1, 21, 5),
(1448, 79, 1, 1, 22, 6),
(1449, 79, 1, 1, 23, 6),
(1450, 79, 1, 1, 24, 6),
(1451, 79, 1, 1, 25, 6),
(1454, 79, 1, 1, 75, 6),
(1455, 79, 1, 1, 76, 6),
(1456, 79, 1, 1, 77, 6),
(1458, 79, 1, 1, 33, 6),
(1459, 79, 1, 1, 34, 6),
(1460, 79, 1, 1, 35, 6),
(1462, 79, 1, 1, 73, 5),
(1464, 79, 1, 1, 74, 5),
(1466, 96, 1, 1, 1, 8),
(1467, 96, 1, 1, 2, 9),
(1468, 96, 1, 1, 3, 9),
(1469, 96, 1, 1, 4, 9),
(1470, 96, 1, 1, 5, 8),
(1472, 96, 1, 1, 6, 8),
(1473, 96, 1, 1, 8, 8),
(1474, 96, 1, 1, 10, 8),
(1475, 96, 1, 1, 11, 8),
(1477, 96, 1, 1, 18, 7),
(1478, 96, 1, 1, 19, 7),
(1479, 96, 1, 1, 20, 7),
(1480, 96, 1, 1, 21, 7),
(1482, 96, 1, 1, 22, 7),
(1483, 96, 1, 1, 23, 7),
(1484, 96, 1, 1, 24, 7),
(1485, 96, 1, 1, 25, 7),
(1491, 96, 1, 1, 75, 7),
(1492, 96, 1, 1, 76, 7),
(1493, 96, 1, 1, 77, 7),
(1495, 96, 1, 1, 33, 7),
(1496, 96, 1, 1, 34, 7),
(1497, 96, 1, 1, 35, 7),
(1499, 96, 1, 1, 73, 8),
(1501, 96, 1, 1, 74, 8),
(1503, 125, 1, 1, 1, 5),
(1504, 125, 1, 1, 2, 5),
(1505, 125, 1, 1, 3, 5),
(1506, 125, 1, 1, 4, 6),
(1507, 125, 1, 1, 5, 6),
(1509, 125, 1, 1, 6, 6),
(1510, 125, 1, 1, 8, 6),
(1511, 125, 1, 1, 10, 6),
(1512, 125, 1, 1, 11, 6),
(1514, 125, 1, 1, 18, 5),
(1515, 125, 1, 1, 19, 5),
(1516, 125, 1, 1, 20, 5),
(1517, 125, 1, 1, 21, 5),
(1519, 125, 1, 1, 22, 6),
(1520, 125, 1, 1, 23, 6),
(1521, 125, 1, 1, 24, 6),
(1522, 125, 1, 1, 25, 6),
(1525, 125, 1, 1, 75, 6),
(1526, 125, 1, 1, 76, 6),
(1527, 125, 1, 1, 77, 6),
(1529, 125, 1, 1, 33, 6),
(1530, 125, 1, 1, 34, 6),
(1531, 125, 1, 1, 35, 6),
(1533, 125, 1, 1, 73, 5),
(1535, 125, 1, 1, 74, 6),
(1537, 136, 1, 1, 1, 7),
(1538, 136, 1, 1, 2, 6),
(1539, 136, 1, 1, 3, 5),
(1540, 136, 1, 1, 4, 6),
(1541, 136, 1, 1, 5, 6),
(1543, 136, 1, 1, 6, 7),
(1544, 136, 1, 1, 8, 6),
(1545, 136, 1, 1, 10, 6),
(1546, 136, 1, 1, 11, 7),
(1548, 136, 1, 1, 18, 6),
(1549, 136, 1, 1, 19, 6),
(1550, 136, 1, 1, 20, 6),
(1551, 136, 1, 1, 21, 6),
(1553, 136, 1, 1, 22, 7),
(1554, 136, 1, 1, 23, 7),
(1555, 136, 1, 1, 24, 7),
(1556, 136, 1, 1, 25, 7),
(1558, 136, 1, 1, 75, 8),
(1559, 136, 1, 1, 76, 8),
(1560, 136, 1, 1, 77, 8),
(1562, 136, 1, 1, 33, 7),
(1563, 136, 1, 1, 34, 7),
(1564, 136, 1, 1, 35, 7),
(1566, 136, 1, 1, 73, 6),
(1568, 136, 1, 1, 74, 6),
(1570, 148, 1, 1, 1, 7),
(1571, 148, 1, 1, 2, 8),
(1572, 148, 1, 1, 3, 9),
(1573, 148, 1, 1, 4, 9),
(1574, 148, 1, 1, 5, 8),
(1576, 148, 1, 1, 6, 8),
(1577, 148, 1, 1, 8, 8),
(1578, 148, 1, 1, 10, 9),
(1579, 148, 1, 1, 11, 8),
(1581, 148, 1, 1, 18, 7),
(1582, 148, 1, 1, 19, 7),
(1583, 148, 1, 1, 20, 7),
(1584, 148, 1, 1, 21, 7),
(1586, 148, 1, 1, 75, 7),
(1587, 148, 1, 1, 76, 7),
(1588, 148, 1, 1, 77, 7),
(1590, 148, 1, 1, 33, 8),
(1591, 148, 1, 1, 34, 8),
(1592, 148, 1, 1, 35, 8),
(1595, 148, 1, 1, 73, 8),
(1597, 148, 1, 1, 74, 8),
(1599, 157, 1, 1, 1, 6),
(1600, 157, 1, 1, 2, 5),
(1601, 157, 1, 1, 3, 5),
(1602, 157, 1, 1, 4, 6),
(1603, 157, 1, 1, 5, 5),
(1605, 157, 1, 1, 6, 7),
(1606, 157, 1, 1, 8, 6),
(1607, 157, 1, 1, 10, 6),
(1608, 157, 1, 1, 11, 6),
(1610, 157, 1, 1, 18, 5),
(1611, 157, 1, 1, 19, 5),
(1612, 157, 1, 1, 20, 6),
(1613, 157, 1, 1, 21, 5),
(1615, 157, 1, 1, 22, 6),
(1616, 157, 1, 1, 23, 6),
(1617, 157, 1, 1, 24, 6),
(1618, 157, 1, 1, 25, 6),
(1620, 157, 1, 1, 75, 6),
(1621, 157, 1, 1, 76, 6),
(1622, 157, 1, 1, 77, 6),
(1624, 157, 1, 1, 33, 5),
(1625, 157, 1, 1, 34, 6),
(1626, 157, 1, 1, 35, 6),
(1628, 157, 1, 1, 73, 5),
(1630, 157, 1, 1, 74, 5),
(1632, 168, 1, 1, 3, 9),
(1633, 168, 1, 1, 2, 8),
(1634, 168, 1, 1, 4, 9),
(1635, 168, 1, 1, 1, 7),
(1637, 168, 1, 1, 5, 8),
(1638, 168, 1, 1, 6, 7),
(1639, 168, 1, 1, 8, 8),
(1640, 168, 1, 1, 10, 8),
(1641, 168, 1, 1, 11, 7),
(1643, 168, 1, 1, 18, 7),
(1644, 168, 1, 1, 19, 7),
(1645, 168, 1, 1, 20, 8),
(1646, 168, 1, 1, 21, 7),
(1648, 168, 1, 1, 22, 9),
(1649, 168, 1, 1, 23, 9),
(1650, 168, 1, 1, 24, 8),
(1651, 168, 1, 1, 25, 8),
(1653, 168, 1, 1, 75, 8),
(1654, 168, 1, 1, 76, 8),
(1655, 168, 1, 1, 77, 8),
(1657, 168, 1, 1, 33, 8),
(1658, 168, 1, 1, 34, 8),
(1659, 168, 1, 1, 35, 8),
(1661, 168, 1, 1, 73, 8),
(1663, 168, 1, 1, 74, 8),
(1665, 176, 1, 1, 1, 6),
(1666, 176, 1, 1, 2, 7),
(1667, 176, 1, 1, 3, 7),
(1668, 176, 1, 1, 4, 8),
(1669, 176, 1, 1, 5, 7),
(1671, 176, 1, 1, 6, 7),
(1672, 176, 1, 1, 8, 7),
(1673, 176, 1, 1, 10, 8),
(1674, 176, 1, 1, 11, 7),
(1676, 176, 1, 1, 18, 6),
(1677, 176, 1, 1, 19, 6),
(1678, 176, 1, 1, 20, 6),
(1679, 176, 1, 1, 21, 6),
(1681, 176, 1, 1, 22, 6),
(1682, 176, 1, 1, 23, 6),
(1683, 176, 1, 1, 24, 6),
(1684, 176, 1, 1, 25, 6),
(1687, 176, 1, 1, 75, 6),
(1688, 176, 1, 1, 76, 6),
(1689, 176, 1, 1, 77, 6),
(1691, 176, 1, 1, 33, 6),
(1692, 176, 1, 1, 34, 5),
(1693, 176, 1, 1, 35, 6),
(1695, 176, 1, 1, 73, 6),
(1697, 176, 1, 1, 74, 6),
(1699, 193, 1, 1, 1, 6),
(1700, 193, 1, 1, 2, 7),
(1701, 193, 1, 1, 3, 8),
(1702, 193, 1, 1, 4, 9),
(1703, 193, 1, 1, 5, 7),
(1705, 193, 1, 1, 6, 7),
(1706, 193, 1, 1, 8, 7),
(1707, 193, 1, 1, 10, 8),
(1708, 193, 1, 1, 11, 7),
(1710, 193, 1, 1, 18, 6),
(1711, 193, 1, 1, 19, 6),
(1712, 193, 1, 1, 20, 6),
(1713, 193, 1, 1, 21, 6),
(1715, 193, 1, 1, 22, 7),
(1716, 193, 1, 1, 23, 7),
(1717, 193, 1, 1, 24, 7),
(1718, 193, 1, 1, 25, 7),
(1720, 193, 1, 1, 75, 6),
(1721, 193, 1, 1, 76, 6),
(1722, 193, 1, 1, 77, 6),
(1724, 193, 1, 1, 73, 6),
(1726, 193, 1, 1, 74, 6),
(1728, 196, 1, 1, 1, 5),
(1729, 196, 1, 1, 2, 5),
(1730, 196, 1, 1, 3, 5),
(1731, 196, 1, 1, 4, 6),
(1732, 196, 1, 1, 5, 5),
(1734, 196, 1, 1, 6, 7),
(1735, 196, 1, 1, 8, 6),
(1736, 196, 1, 1, 10, 6),
(1737, 196, 1, 1, 11, 6),
(1739, 196, 1, 1, 18, 5),
(1740, 196, 1, 1, 19, 5),
(1741, 196, 1, 1, 20, 5),
(1742, 196, 1, 1, 21, 5),
(1744, 196, 1, 1, 22, 5),
(1745, 196, 1, 1, 23, 5),
(1746, 196, 1, 1, 24, 6),
(1747, 196, 1, 1, 25, 5),
(1749, 196, 1, 1, 75, 6),
(1750, 196, 1, 1, 77, 5),
(1751, 196, 1, 1, 76, 6),
(1753, 196, 1, 1, 73, 5),
(1755, 196, 1, 1, 74, 5),
(1757, 217, 1, 1, 4, 8),
(1758, 217, 1, 1, 3, 7),
(1759, 217, 1, 1, 2, 7),
(1760, 217, 1, 1, 1, 6),
(1761, 217, 1, 1, 5, 6),
(1763, 217, 1, 1, 6, 7),
(1764, 217, 1, 1, 8, 7),
(1765, 217, 1, 1, 10, 7),
(1766, 217, 1, 1, 11, 7),
(1768, 217, 1, 1, 18, 6),
(1769, 217, 1, 1, 19, 6),
(1770, 217, 1, 1, 20, 6),
(1771, 217, 1, 1, 21, 6),
(1773, 217, 1, 1, 22, 6),
(1774, 217, 1, 1, 23, 6),
(1775, 217, 1, 1, 24, 6),
(1776, 217, 1, 1, 25, 6),
(1778, 217, 1, 1, 75, 6),
(1779, 217, 1, 1, 76, 6),
(1780, 217, 1, 1, 77, 6),
(1782, 217, 1, 1, 33, 6),
(1783, 217, 1, 1, 34, 6),
(1784, 217, 1, 1, 35, 7),
(1786, 217, 1, 1, 73, 6),
(1788, 217, 1, 1, 74, 6),
(1790, 239, 1, 1, 1, 6),
(1791, 239, 1, 1, 2, 7),
(1792, 239, 1, 1, 3, 8),
(1793, 239, 1, 1, 4, 9),
(1794, 239, 1, 1, 5, 7),
(1796, 239, 1, 1, 6, 7),
(1797, 239, 1, 1, 8, 7),
(1798, 239, 1, 1, 10, 7),
(1799, 239, 1, 1, 11, 7),
(1801, 239, 1, 1, 18, 6),
(1802, 239, 1, 1, 19, 6),
(1803, 239, 1, 1, 20, 6),
(1804, 239, 1, 1, 21, 6),
(1806, 239, 1, 1, 22, 7),
(1807, 239, 1, 1, 23, 7),
(1808, 239, 1, 1, 24, 7),
(1809, 239, 1, 1, 25, 7),
(1811, 239, 1, 1, 75, 6),
(1812, 239, 1, 1, 76, 6),
(1813, 239, 1, 1, 77, 6),
(1815, 239, 1, 1, 33, 6),
(1816, 239, 1, 1, 34, 6),
(1817, 239, 1, 1, 35, 6),
(1819, 239, 1, 1, 73, 6),
(1821, 239, 1, 1, 74, 6),
(1824, 23, 1, 1, 1, 6),
(1825, 23, 1, 1, 2, 5),
(1826, 23, 1, 1, 4, 5),
(1827, 23, 1, 1, 3, 5),
(1828, 23, 1, 1, 5, 5),
(1829, 23, 1, 1, 18, 5),
(1830, 23, 1, 1, 19, 5),
(1831, 23, 1, 1, 20, 5),
(1832, 23, 1, 1, 21, 5),
(1834, 42, 1, 1, 1, 7),
(1835, 42, 1, 1, 3, 7),
(1836, 42, 1, 1, 2, 6),
(1837, 42, 1, 1, 5, 6),
(1838, 42, 1, 1, 4, 7),
(1840, 42, 1, 1, 18, 5),
(1841, 42, 1, 1, 20, 5),
(1842, 42, 1, 1, 19, 5),
(1843, 42, 1, 1, 21, 5),
(1845, 42, 1, 1, 35, 5),
(1846, 42, 1, 1, 34, 6),
(1847, 42, 1, 1, 33, 6),
(1849, 23, 1, 1, 35, 5),
(1850, 23, 1, 1, 34, 5),
(1851, 23, 1, 1, 33, 5),
(1853, 55, 1, 1, 33, 5),
(1854, 55, 1, 1, 34, 6),
(1855, 55, 1, 1, 35, 5),
(1857, 55, 1, 1, 18, 6),
(1858, 55, 1, 1, 19, 6),
(1859, 55, 1, 1, 20, 5),
(1860, 55, 1, 1, 21, 5),
(1862, 55, 1, 1, 1, 5),
(1863, 55, 1, 1, 2, 5),
(1864, 55, 1, 1, 3, 5),
(1865, 55, 1, 1, 4, 5),
(1866, 55, 1, 1, 5, 5),
(1873, 58, 1, 1, 18, 7),
(1874, 58, 1, 1, 20, 6),
(1875, 58, 1, 1, 21, 6),
(1876, 58, 1, 1, 19, 7),
(1878, 58, 1, 1, 33, 6),
(1879, 58, 1, 1, 34, 6),
(1880, 58, 1, 1, 35, 5),
(1882, 71, 1, 1, 1, 5),
(1883, 71, 1, 1, 2, 5),
(1884, 71, 1, 1, 3, 5),
(1885, 71, 1, 1, 4, 5),
(1886, 71, 1, 1, 5, 5),
(1888, 58, 1, 1, 1, 6),
(1889, 58, 1, 1, 2, 7),
(1890, 58, 1, 1, 5, 6),
(1891, 58, 1, 1, 3, 7),
(1892, 58, 1, 1, 4, 7),
(1894, 71, 1, 1, 18, 5),
(1895, 71, 1, 1, 19, 5),
(1896, 71, 1, 1, 20, 5),
(1897, 71, 1, 1, 21, 5),
(1899, 71, 1, 1, 33, 7),
(1900, 71, 1, 1, 34, 5),
(1901, 71, 1, 1, 35, 5),
(1903, 97, 1, 1, 1, 7),
(1904, 97, 1, 1, 3, 6),
(1905, 97, 1, 1, 2, 6),
(1906, 97, 1, 1, 4, 7),
(1907, 97, 1, 1, 5, 6),
(1909, 97, 1, 1, 18, 7),
(1910, 97, 1, 1, 20, 6),
(1911, 97, 1, 1, 21, 6),
(1912, 97, 1, 1, 19, 6),
(1914, 97, 1, 1, 33, 7),
(1915, 97, 1, 1, 35, 7),
(1916, 97, 1, 1, 34, 7),
(1919, 120, 1, 1, 1, 7),
(1920, 120, 1, 1, 2, 7),
(1921, 120, 1, 1, 3, 7),
(1922, 120, 1, 1, 4, 6),
(1923, 120, 1, 1, 5, 7),
(1925, 120, 1, 1, 21, 6),
(1926, 120, 1, 1, 20, 6),
(1927, 120, 1, 1, 18, 7),
(1928, 120, 1, 1, 19, 6),
(1929, 120, 1, 1, 35, 6),
(1930, 120, 1, 1, 34, 6),
(1931, 120, 1, 1, 33, 8),
(1933, 150, 1, 1, 1, 8),
(1934, 150, 1, 1, 2, 8),
(1935, 150, 1, 1, 3, 8),
(1936, 150, 1, 1, 4, 8),
(1937, 150, 1, 1, 5, 8),
(1939, 150, 1, 1, 18, 8),
(1940, 150, 1, 1, 19, 8),
(1941, 150, 1, 1, 20, 7),
(1942, 150, 1, 1, 21, 8),
(1944, 150, 1, 1, 33, 6),
(1945, 150, 1, 1, 35, 5),
(1946, 150, 1, 1, 34, 5),
(1948, 156, 1, 1, 1, 8),
(1949, 156, 1, 1, 2, 8),
(1950, 156, 1, 1, 3, 8),
(1951, 156, 1, 1, 5, 8),
(1952, 156, 1, 1, 4, 8),
(1954, 156, 1, 1, 18, 8),
(1955, 156, 1, 1, 20, 6),
(1956, 156, 1, 1, 21, 6),
(1957, 156, 1, 1, 19, 7),
(1959, 156, 1, 1, 34, 8),
(1960, 156, 1, 1, 35, 7),
(1961, 156, 1, 1, 33, 7),
(1963, 175, 1, 1, 1, 5),
(1964, 175, 1, 1, 2, 6),
(1965, 175, 1, 1, 3, 5),
(1966, 175, 1, 1, 4, 5),
(1967, 175, 1, 1, 5, 5),
(1969, 175, 1, 1, 18, 7),
(1970, 175, 1, 1, 20, 5),
(1971, 175, 1, 1, 19, 6),
(1972, 175, 1, 1, 21, 6),
(1974, 175, 1, 1, 33, 6),
(1975, 175, 1, 1, 34, 5),
(1976, 175, 1, 1, 35, 5),
(1978, 179, 1, 1, 1, 6),
(1979, 179, 1, 1, 3, 6),
(1980, 179, 1, 1, 2, 7),
(1981, 179, 1, 1, 4, 6),
(1982, 179, 1, 1, 5, 6),
(1984, 179, 1, 1, 18, 7),
(1985, 179, 1, 1, 20, 6),
(1986, 179, 1, 1, 21, 5),
(1987, 179, 1, 1, 19, 6),
(1989, 179, 1, 1, 33, 7),
(1990, 179, 1, 1, 34, 6),
(1991, 179, 1, 1, 35, 6),
(1993, 187, 1, 1, 1, 5),
(1994, 187, 1, 1, 3, 6),
(1995, 187, 1, 1, 4, 6),
(1996, 187, 1, 1, 5, 5),
(1997, 187, 1, 1, 2, 5),
(1999, 187, 1, 1, 18, 7),
(2000, 187, 1, 1, 20, 5),
(2001, 187, 1, 1, 21, 5),
(2002, 187, 1, 1, 19, 6),
(2004, 187, 1, 1, 35, 7),
(2005, 187, 1, 1, 33, 6),
(2006, 187, 1, 1, 34, 7),
(2007, 216, 1, 1, 1, 6),
(2008, 216, 1, 1, 2, 8),
(2009, 216, 1, 1, 3, 8),
(2010, 216, 1, 1, 4, 8),
(2011, 216, 1, 1, 5, 7),
(2013, 216, 1, 1, 18, 8),
(2014, 216, 1, 1, 19, 7),
(2015, 216, 1, 1, 20, 6),
(2016, 216, 1, 1, 21, 6),
(2018, 216, 1, 1, 33, 6),
(2020, 216, 1, 1, 35, 7),
(2021, 216, 1, 1, 34, 7),
(2022, 232, 1, 1, 1, 8),
(2023, 232, 1, 1, 2, 8),
(2024, 232, 1, 1, 3, 8),
(2025, 232, 1, 1, 4, 7),
(2026, 232, 1, 1, 5, 6),
(2028, 232, 1, 1, 18, 7),
(2029, 232, 1, 1, 19, 6),
(2030, 232, 1, 1, 20, 6),
(2031, 232, 1, 1, 21, 6),
(2033, 232, 1, 1, 33, 7),
(2034, 232, 1, 1, 35, 6),
(2035, 232, 1, 1, 34, 6),
(2037, 318, 1, 1, 1, 5),
(2038, 318, 1, 1, 2, 5),
(2039, 318, 1, 1, 3, 5),
(2040, 318, 1, 1, 4, 5),
(2041, 318, 1, 1, 5, 5),
(2043, 318, 1, 1, 18, 5),
(2044, 318, 1, 1, 19, 5),
(2045, 318, 1, 1, 20, 5),
(2046, 318, 1, 1, 21, 5),
(2048, 318, 1, 1, 33, 7),
(2049, 318, 1, 1, 34, 7),
(2050, 318, 1, 1, 35, 7),
(2053, 322, 1, 1, 4, 5),
(2054, 322, 1, 1, 5, 5),
(2055, 322, 1, 1, 3, 6),
(2056, 322, 1, 1, 2, 5),
(2057, 322, 1, 1, 1, 6),
(2058, 322, 1, 1, 18, 6),
(2059, 322, 1, 1, 19, 5),
(2060, 322, 1, 1, 20, 5),
(2061, 322, 1, 1, 21, 5),
(2063, 322, 1, 1, 33, 5),
(2064, 322, 1, 1, 34, 5),
(2065, 322, 1, 1, 35, 6),
(2067, 347, 1, 1, 2, 8),
(2068, 347, 1, 1, 1, 7),
(2069, 347, 1, 1, 3, 8),
(2070, 347, 1, 1, 4, 8),
(2071, 347, 1, 1, 5, 7),
(2073, 347, 1, 1, 18, 7),
(2074, 347, 1, 1, 20, 6),
(2075, 347, 1, 1, 19, 6),
(2076, 347, 1, 1, 21, 6),
(2078, 347, 1, 1, 33, 6),
(2079, 347, 1, 1, 34, 6),
(2080, 347, 1, 1, 35, 6),
(2083, 351, 1, 1, 2, 7),
(2084, 351, 1, 1, 3, 7),
(2085, 351, 1, 1, 4, 6),
(2086, 351, 1, 1, 1, 6),
(2087, 351, 1, 1, 5, 6),
(2088, 351, 1, 1, 18, 7),
(2089, 351, 1, 1, 20, 6),
(2090, 351, 1, 1, 19, 6),
(2091, 351, 1, 1, 21, 6),
(2093, 351, 1, 1, 33, 7),
(2094, 351, 1, 1, 35, 7),
(2095, 351, 1, 1, 34, 7),
(2097, 354, 1, 1, 1, 5),
(2098, 354, 1, 1, 2, 5),
(2099, 354, 1, 1, 3, 5),
(2100, 354, 1, 1, 4, 5),
(2101, 354, 1, 1, 5, 5),
(2103, 354, 1, 1, 18, 5),
(2104, 354, 1, 1, 19, 5),
(2105, 354, 1, 1, 20, 5),
(2106, 354, 1, 1, 21, 5),
(2109, 354, 1, 1, 35, 5),
(2110, 354, 1, 1, 34, 5),
(2111, 354, 1, 1, 33, 6),
(2112, 245, 1, 1, 1, 8),
(2113, 245, 1, 1, 2, 8),
(2114, 245, 1, 1, 3, 9),
(2115, 245, 1, 1, 4, 9),
(2116, 245, 1, 1, 5, 8),
(2118, 245, 1, 1, 6, 8),
(2119, 245, 1, 1, 8, 8),
(2120, 245, 1, 1, 10, 8),
(2121, 245, 1, 1, 11, 8),
(2123, 245, 1, 1, 18, 7),
(2124, 245, 1, 1, 19, 7),
(2125, 245, 1, 1, 20, 7),
(2126, 245, 1, 1, 21, 7),
(2128, 245, 1, 1, 22, 8),
(2129, 245, 1, 1, 23, 8),
(2130, 245, 1, 1, 24, 9),
(2131, 245, 1, 1, 25, 8),
(2133, 245, 1, 1, 75, 7),
(2134, 245, 1, 1, 76, 7),
(2135, 245, 1, 1, 77, 7),
(2137, 245, 1, 1, 33, 8),
(2138, 245, 1, 1, 34, 8),
(2139, 245, 1, 1, 35, 8),
(2141, 245, 1, 1, 73, 8),
(2143, 245, 1, 1, 74, 8),
(2145, 278, 1, 1, 1, 7),
(2146, 278, 1, 1, 2, 9),
(2147, 278, 1, 1, 3, 9),
(2148, 278, 1, 1, 4, 9),
(2149, 278, 1, 1, 5, 8),
(2151, 278, 1, 1, 6, 8),
(2152, 278, 1, 1, 8, 8),
(2153, 278, 1, 1, 10, 9),
(2154, 278, 1, 1, 11, 8),
(2156, 278, 1, 1, 18, 7),
(2157, 278, 1, 1, 19, 7),
(2158, 278, 1, 1, 20, 7),
(2159, 278, 1, 1, 21, 7),
(2161, 278, 1, 1, 22, 8),
(2162, 278, 1, 1, 23, 9),
(2163, 278, 1, 1, 24, 8),
(2164, 278, 1, 1, 25, 9),
(2166, 278, 1, 1, 75, 7),
(2167, 278, 1, 1, 76, 7),
(2168, 278, 1, 1, 77, 7),
(2170, 278, 1, 1, 33, 8),
(2171, 278, 1, 1, 34, 8),
(2172, 278, 1, 1, 35, 9),
(2174, 278, 1, 1, 73, 8),
(2176, 278, 1, 1, 74, 7),
(2178, 279, 1, 1, 1, 8),
(2179, 279, 1, 1, 2, 9),
(2180, 279, 1, 1, 3, 9),
(2181, 279, 1, 1, 4, 9),
(2182, 279, 1, 1, 5, 8),
(2184, 279, 1, 1, 6, 8),
(2185, 279, 1, 1, 8, 9),
(2186, 279, 1, 1, 10, 9),
(2187, 279, 1, 1, 11, 7),
(2189, 279, 1, 1, 18, 7),
(2190, 279, 1, 1, 19, 7),
(2191, 279, 1, 1, 20, 7),
(2192, 279, 1, 1, 21, 7),
(2194, 279, 1, 1, 22, 8),
(2195, 279, 1, 1, 23, 9),
(2196, 279, 1, 1, 24, 8),
(2197, 279, 1, 1, 25, 9),
(2199, 279, 1, 1, 75, 7),
(2200, 279, 1, 1, 76, 7),
(2201, 279, 1, 1, 77, 7),
(2203, 279, 1, 1, 33, 9),
(2204, 279, 1, 1, 34, 8),
(2205, 279, 1, 1, 35, 8),
(2207, 279, 1, 1, 73, 9),
(2209, 279, 1, 1, 74, 9),
(2211, 303, 1, 1, 1, 8),
(2212, 303, 1, 1, 2, 7),
(2213, 303, 1, 1, 3, 6),
(2214, 303, 1, 1, 4, 7),
(2215, 303, 1, 1, 5, 6),
(2217, 303, 1, 1, 6, 7),
(2218, 303, 1, 1, 8, 6),
(2219, 303, 1, 1, 10, 7),
(2220, 303, 1, 1, 11, 6),
(2222, 303, 1, 1, 18, 6),
(2223, 303, 1, 1, 19, 6),
(2224, 303, 1, 1, 20, 6),
(2225, 303, 1, 1, 21, 6),
(2227, 303, 1, 1, 22, 7),
(2228, 303, 1, 1, 23, 6),
(2229, 303, 1, 1, 24, 7),
(2230, 303, 1, 1, 25, 6),
(2232, 303, 1, 1, 75, 6),
(2233, 303, 1, 1, 76, 6),
(2234, 303, 1, 1, 77, 6),
(2236, 303, 1, 1, 33, 5),
(2237, 303, 1, 1, 34, 6),
(2238, 303, 1, 1, 35, 7),
(2240, 303, 1, 1, 73, 5),
(2242, 303, 1, 1, 74, 5),
(2244, 312, 1, 1, 1, 6),
(2245, 312, 1, 1, 2, 6),
(2246, 312, 1, 1, 3, 5),
(2247, 312, 1, 1, 4, 6),
(2248, 312, 1, 1, 5, 5),
(2250, 312, 1, 1, 6, 7),
(2251, 312, 1, 1, 8, 6),
(2252, 312, 1, 1, 10, 6),
(2253, 312, 1, 1, 11, 6),
(2255, 312, 1, 1, 18, 5),
(2256, 312, 1, 1, 19, 6),
(2257, 312, 1, 1, 20, 6),
(2258, 312, 1, 1, 21, 6),
(2260, 312, 1, 1, 22, 5),
(2261, 312, 1, 1, 23, 6),
(2262, 312, 1, 1, 24, 6),
(2263, 312, 1, 1, 25, 5),
(2265, 312, 1, 1, 75, 6),
(2266, 312, 1, 1, 76, 6),
(2267, 312, 1, 1, 77, 5),
(2269, 312, 1, 1, 33, 5),
(2270, 312, 1, 1, 34, 6),
(2271, 312, 1, 1, 35, 5),
(2273, 312, 1, 1, 73, 5),
(2275, 312, 1, 1, 74, 5),
(2277, 196, 1, 1, 33, 5),
(2278, 196, 1, 1, 34, 5),
(2279, 196, 1, 1, 35, 5),
(2281, 348, 1, 1, 1, 7),
(2282, 348, 1, 1, 2, 8),
(2283, 348, 1, 1, 3, 9),
(2284, 348, 1, 1, 4, 9),
(2285, 348, 1, 1, 5, 8),
(2287, 348, 1, 1, 6, 8),
(2288, 348, 1, 1, 8, 8),
(2289, 348, 1, 1, 10, 9),
(2290, 348, 1, 1, 11, 8),
(2292, 348, 1, 1, 18, 7),
(2293, 348, 1, 1, 19, 7),
(2294, 348, 1, 1, 20, 7),
(2295, 348, 1, 1, 21, 8),
(2297, 348, 1, 1, 22, 8),
(2298, 348, 1, 1, 23, 8),
(2299, 348, 1, 1, 24, 9),
(2300, 348, 1, 1, 25, 8),
(2306, 348, 1, 1, 75, 7),
(2307, 348, 1, 1, 76, 7),
(2308, 348, 1, 1, 77, 7),
(2310, 348, 1, 1, 33, 8),
(2311, 348, 1, 1, 34, 9),
(2312, 348, 1, 1, 35, 8),
(2314, 348, 1, 1, 73, 8),
(2316, 348, 1, 1, 74, 9),
(2318, 359, 1, 1, 1, 6),
(2319, 359, 1, 1, 2, 5),
(2320, 359, 1, 1, 3, 5),
(2321, 359, 1, 1, 4, 5),
(2322, 359, 1, 1, 5, 5),
(2324, 359, 1, 1, 6, 6),
(2325, 359, 1, 1, 8, 5),
(2326, 359, 1, 1, 10, 6),
(2327, 359, 1, 1, 11, 6),
(2329, 359, 1, 1, 18, 5),
(2330, 359, 1, 1, 19, 5),
(2331, 359, 1, 1, 20, 5),
(2332, 359, 1, 1, 21, 5),
(2334, 359, 1, 1, 22, 5),
(2335, 359, 1, 1, 23, 5),
(2336, 359, 1, 1, 24, 6),
(2337, 359, 1, 1, 25, 5),
(2339, 359, 1, 1, 75, 6),
(2340, 359, 1, 1, 76, 6),
(2341, 359, 1, 1, 77, 5),
(2343, 359, 1, 1, 33, 5),
(2344, 359, 1, 1, 34, 5),
(2345, 359, 1, 1, 35, 5),
(2347, 359, 1, 1, 73, 5),
(2349, 359, 1, 1, 74, 5),
(2351, 365, 1, 1, 1, 6),
(2352, 365, 1, 1, 2, 5),
(2353, 365, 1, 1, 3, 6),
(2354, 365, 1, 1, 4, 6),
(2355, 365, 1, 1, 5, 6),
(2357, 365, 1, 1, 6, 6),
(2358, 365, 1, 1, 8, 6),
(2359, 365, 1, 1, 10, 6),
(2360, 365, 1, 1, 11, 6),
(2362, 365, 1, 1, 18, 5),
(2363, 365, 1, 1, 19, 5),
(2364, 365, 1, 1, 20, 6),
(2365, 365, 1, 1, 21, 5),
(2367, 365, 1, 1, 22, 5),
(2368, 365, 1, 1, 23, 5),
(2369, 365, 1, 1, 24, 6),
(2370, 365, 1, 1, 25, 5),
(2372, 365, 1, 1, 75, 6),
(2373, 365, 1, 1, 76, 6),
(2374, 365, 1, 1, 77, 6),
(2376, 365, 1, 1, 33, 6),
(2377, 365, 1, 1, 34, 6),
(2378, 365, 1, 1, 35, 7),
(2380, 365, 1, 1, 73, 6),
(2382, 365, 1, 1, 74, 6),
(2411, 33, 1, 1, 72, 7),
(2413, 33, 1, 1, 73, 9),
(2415, 33, 1, 1, 74, 9),
(2416, 59, 1, 1, 72, 6),
(2418, 59, 1, 1, 73, 6),
(2420, 59, 1, 1, 74, 6),
(2421, 59, 1, 1, 33, 6),
(2422, 59, 1, 1, 34, 6),
(2423, 59, 1, 1, 35, 6),
(2425, 33, 1, 1, 33, 8),
(2426, 33, 1, 1, 34, 8),
(2427, 33, 1, 1, 35, 8),
(2429, 91, 1, 1, 33, 5),
(2430, 91, 1, 1, 34, 5),
(2431, 91, 1, 1, 35, 6),
(2433, 91, 1, 1, 72, 5),
(2434, 91, 1, 1, 73, 5),
(2437, 91, 1, 1, 74, 5),
(2438, 94, 1, 1, 72, 6),
(2439, 94, 1, 1, 73, 6),
(2441, 94, 1, 1, 74, 6),
(2443, 94, 1, 1, 33, 6),
(2444, 94, 1, 1, 34, 6),
(2445, 94, 1, 1, 35, 6),
(2447, 102, 1, 1, 33, 8),
(2448, 102, 1, 1, 34, 7),
(2449, 102, 1, 1, 35, 8),
(2451, 102, 1, 1, 72, 7),
(2452, 102, 1, 1, 73, 8),
(2455, 102, 1, 1, 74, 8),
(2456, 135, 1, 1, 33, 6),
(2457, 135, 1, 1, 34, 8),
(2458, 135, 1, 1, 35, 8),
(2460, 135, 1, 1, 72, 6),
(2461, 135, 1, 1, 73, 7),
(2464, 135, 1, 1, 74, 7),
(2465, 186, 1, 1, 33, 6),
(2466, 186, 1, 1, 34, 6),
(2467, 186, 1, 1, 35, 7),
(2469, 186, 1, 1, 72, 7),
(2470, 186, 1, 1, 73, 7),
(2472, 186, 1, 1, 74, 6),
(2474, 208, 1, 1, 33, 5),
(2475, 208, 1, 1, 35, 7),
(2476, 208, 1, 1, 34, 6),
(2478, 208, 1, 1, 72, 5),
(2479, 208, 1, 1, 73, 6),
(2481, 208, 1, 1, 74, 6),
(2483, 257, 1, 1, 33, 6),
(2484, 257, 1, 1, 34, 6),
(2485, 257, 1, 1, 35, 6),
(2487, 257, 1, 1, 72, 6),
(2488, 257, 1, 1, 73, 6),
(2491, 257, 1, 1, 74, 6),
(2492, 268, 1, 1, 72, 6),
(2493, 268, 1, 1, 73, 6),
(2494, 268, 1, 1, 74, 5),
(2497, 268, 1, 1, 33, 5),
(2498, 268, 1, 1, 34, 6),
(2499, 268, 1, 1, 35, 6),
(2501, 269, 1, 1, 33, 6),
(2502, 269, 1, 1, 35, 7),
(2503, 269, 1, 1, 34, 7),
(2505, 269, 1, 1, 72, 6),
(2506, 269, 1, 1, 73, 6),
(2508, 269, 1, 1, 74, 7),
(2510, 277, 1, 1, 33, 6),
(2511, 277, 1, 1, 34, 6),
(2512, 277, 1, 1, 35, 6),
(2514, 277, 1, 1, 72, 6),
(2515, 277, 1, 1, 73, 6),
(2517, 277, 1, 1, 74, 6),
(2519, 299, 1, 1, 33, 7),
(2520, 299, 1, 1, 34, 7),
(2521, 299, 1, 1, 35, 7),
(2523, 299, 1, 1, 72, 7),
(2524, 299, 1, 1, 73, 7),
(2526, 299, 1, 1, 74, 7),
(2529, 314, 1, 1, 74, 9),
(2530, 314, 1, 1, 73, 9),
(2532, 314, 1, 1, 72, 7),
(2533, 314, 1, 1, 33, 7),
(2534, 314, 1, 1, 34, 7),
(2535, 314, 1, 1, 35, 8),
(2537, 315, 1, 1, 72, 6),
(2538, 315, 1, 1, 73, 7),
(2541, 315, 1, 1, 74, 7),
(2542, 315, 1, 1, 33, 7),
(2543, 315, 1, 1, 34, 7),
(2544, 315, 1, 1, 35, 7),
(2546, 328, 1, 1, 72, 6),
(2547, 328, 1, 1, 73, 6),
(2549, 328, 1, 1, 74, 6),
(2552, 328, 1, 1, 35, 6),
(2553, 328, 1, 1, 34, 6),
(2554, 328, 1, 1, 33, 6),
(2555, 342, 1, 1, 33, 7),
(2556, 342, 1, 1, 34, 8),
(2557, 342, 1, 1, 35, 7),
(2559, 342, 1, 1, 72, 7),
(2560, 342, 1, 1, 73, 7),
(2562, 342, 1, 1, 74, 7),
(2564, 356, 1, 1, 74, 8),
(2566, 356, 1, 1, 73, 8),
(2568, 356, 1, 1, 72, 7),
(2569, 356, 1, 1, 33, 7),
(2570, 356, 1, 1, 34, 7),
(2571, 356, 1, 1, 35, 7),
(2573, 360, 1, 1, 73, 8),
(2575, 360, 1, 1, 74, 8),
(2577, 360, 1, 1, 72, 7),
(2578, 360, 1, 1, 33, 7),
(2579, 360, 1, 1, 34, 8),
(2580, 360, 1, 1, 35, 8),
(2582, 367, 1, 1, 33, 6),
(2583, 367, 1, 1, 34, 7),
(2584, 367, 1, 1, 35, 7),
(2586, 367, 1, 1, 72, 6),
(2587, 367, 1, 1, 73, 6),
(2589, 367, 1, 1, 74, 6),
(2591, 394, 1, 1, 33, 7),
(2592, 394, 1, 1, 34, 7),
(2593, 394, 1, 1, 35, 7),
(2595, 394, 1, 1, 72, 6),
(2596, 394, 1, 1, 73, 7),
(2598, 394, 1, 1, 74, 7),
(2600, 397, 1, 1, 72, 6),
(2601, 397, 1, 1, 73, 7),
(2603, 397, 1, 1, 74, 7),
(2605, 397, 1, 1, 33, 7),
(2606, 397, 1, 1, 34, 7),
(2607, 397, 1, 1, 35, 7),
(2610, 407, 1, 1, 74, 6),
(2611, 407, 1, 1, 73, 6),
(2613, 407, 1, 1, 72, 6),
(2619, 409, 1, 1, 74, 8),
(2620, 409, 1, 1, 73, 9),
(2622, 409, 1, 1, 72, 7),
(2623, 409, 1, 1, 33, 8),
(2624, 409, 1, 1, 34, 7),
(2625, 409, 1, 1, 35, 7),
(2627, 411, 1, 1, 33, 8),
(2628, 411, 1, 1, 34, 8),
(2629, 411, 1, 1, 35, 8),
(2631, 411, 1, 1, 72, 7),
(2632, 411, 1, 1, 73, 8),
(2635, 411, 1, 1, 74, 7),
(2636, 15, 1, 1, 36, 7),
(2637, 15, 1, 1, 37, 7),
(2638, 15, 1, 1, 38, 7),
(2639, 15, 1, 1, 39, 7),
(2640, 15, 1, 1, 40, 7),
(2641, 15, 1, 1, 41, 8),
(2642, 15, 1, 1, 44, 8),
(2643, 15, 1, 1, 45, 7),
(2644, 15, 1, 1, 46, 8),
(2645, 15, 1, 1, 47, 7),
(2646, 15, 1, 1, 48, 8),
(2647, 15, 1, 1, 49, 9),
(2648, 16, 1, 1, 36, 7),
(2649, 16, 1, 1, 37, 6),
(2650, 16, 1, 1, 38, 6),
(2651, 16, 1, 1, 39, 7),
(2652, 16, 1, 1, 40, 6),
(2653, 16, 1, 1, 41, 6),
(2654, 16, 1, 1, 44, 7),
(2655, 16, 1, 1, 45, 6),
(2656, 16, 1, 1, 46, 8),
(2657, 16, 1, 1, 47, 7),
(2658, 16, 1, 1, 48, 7),
(2659, 16, 1, 1, 49, 8),
(2660, 35, 1, 1, 36, 9),
(2661, 35, 1, 1, 37, 9),
(2662, 35, 1, 1, 38, 8),
(2663, 35, 1, 1, 39, 7),
(2664, 35, 1, 1, 40, 7),
(2665, 35, 1, 1, 41, 8),
(2667, 35, 1, 1, 44, 7),
(2668, 35, 1, 1, 45, 7),
(2669, 35, 1, 1, 46, 8),
(2670, 35, 1, 1, 47, 7),
(2671, 35, 1, 1, 48, 8),
(2672, 35, 1, 1, 49, 9),
(2673, 36, 1, 1, 36, 7),
(2674, 36, 1, 1, 37, 7),
(2675, 36, 1, 1, 38, 7),
(2676, 36, 1, 1, 39, 7),
(2677, 36, 1, 1, 40, 7),
(2678, 36, 1, 1, 41, 8),
(2679, 36, 1, 1, 44, 7),
(2680, 36, 1, 1, 45, 6),
(2681, 36, 1, 1, 46, 7),
(2682, 36, 1, 1, 47, 7),
(2683, 36, 1, 1, 48, 7),
(2684, 36, 1, 1, 49, 8),
(2685, 52, 1, 1, 36, 7),
(2686, 52, 1, 1, 37, 7),
(2687, 52, 1, 1, 38, 6),
(2688, 52, 1, 1, 39, 6),
(2689, 52, 1, 1, 40, 6),
(2690, 52, 1, 1, 41, 6),
(2691, 52, 1, 1, 45, 6),
(2692, 52, 1, 1, 44, 8),
(2693, 52, 1, 1, 46, 8),
(2694, 52, 1, 1, 47, 8),
(2695, 52, 1, 1, 48, 8),
(2696, 52, 1, 1, 49, 7),
(2697, 72, 1, 1, 36, 7),
(2698, 72, 1, 1, 37, 8),
(2699, 72, 1, 1, 38, 7),
(2700, 72, 1, 1, 39, 6),
(2701, 72, 1, 1, 40, 6),
(2702, 72, 1, 1, 41, 6),
(2703, 72, 1, 1, 44, 7),
(2704, 72, 1, 1, 45, 7),
(2705, 72, 1, 1, 46, 7),
(2706, 72, 1, 1, 47, 7),
(2707, 72, 1, 1, 49, 7),
(2708, 72, 1, 1, 48, 7),
(2709, 78, 1, 1, 36, 6),
(2710, 78, 1, 1, 37, 7),
(2711, 78, 1, 1, 38, 6),
(2712, 78, 1, 1, 39, 6),
(2713, 78, 1, 1, 40, 6),
(2714, 78, 1, 1, 41, 7),
(2715, 78, 1, 1, 44, 7),
(2716, 78, 1, 1, 45, 6),
(2717, 78, 1, 1, 46, 7),
(2718, 78, 1, 1, 47, 7),
(2719, 78, 1, 1, 48, 7),
(2720, 78, 1, 1, 49, 6),
(2722, 92, 1, 1, 1, 7),
(2723, 92, 1, 1, 3, 9),
(2724, 92, 1, 1, 4, 9),
(2725, 92, 1, 1, 5, 8),
(2726, 92, 1, 1, 2, 8),
(2727, 23, 1, 1, 73, 5),
(2730, 23, 1, 1, 74, 5),
(2733, 42, 1, 1, 74, 6),
(2734, 55, 1, 1, 73, 5),
(2736, 55, 1, 1, 74, 5),
(2738, 58, 1, 1, 73, 7),
(2740, 58, 1, 1, 74, 7),
(2742, 71, 1, 1, 73, 5),
(2744, 71, 1, 1, 74, 5),
(2746, 97, 1, 1, 73, 7),
(2748, 97, 1, 1, 74, 5),
(2750, 120, 1, 1, 73, 7),
(2752, 120, 1, 1, 74, 8),
(2754, 150, 1, 1, 73, 6),
(2756, 150, 1, 1, 74, 7),
(2758, 156, 1, 1, 73, 7),
(2760, 156, 1, 1, 74, 8),
(2762, 175, 1, 1, 74, 6),
(2765, 175, 1, 1, 73, 5),
(2766, 179, 1, 1, 73, 7),
(2768, 179, 1, 1, 74, 7),
(2770, 187, 1, 1, 73, 6),
(2773, 187, 1, 1, 74, 6),
(2774, 216, 1, 1, 73, 8),
(2776, 216, 1, 1, 74, 8),
(2778, 232, 1, 1, 73, 7),
(2780, 232, 1, 1, 74, 7),
(2782, 318, 1, 1, 73, 6),
(2784, 318, 1, 1, 74, 5),
(2786, 322, 1, 1, 73, 5),
(2788, 322, 1, 1, 74, 5),
(2790, 347, 1, 1, 73, 8),
(2792, 347, 1, 1, 74, 7),
(2794, 351, 1, 1, 73, 7),
(2796, 351, 1, 1, 74, 7),
(2798, 354, 1, 1, 73, 5),
(2800, 354, 1, 1, 74, 5),
(2802, 19, 1, 1, 1, 5),
(2803, 19, 1, 1, 2, 5),
(2804, 19, 1, 1, 3, 5),
(2805, 19, 1, 1, 4, 5),
(2806, 19, 1, 1, 5, 5),
(2808, 19, 1, 1, 6, 5),
(2809, 19, 1, 1, 7, 5),
(2810, 19, 1, 1, 9, 5),
(2811, 19, 1, 1, 10, 5),
(2812, 19, 1, 1, 11, 5),
(2814, 19, 1, 1, 18, 6),
(2815, 19, 1, 1, 19, 6),
(2816, 19, 1, 1, 20, 5),
(2817, 19, 1, 1, 21, 5),
(2819, 19, 1, 1, 22, 6),
(2820, 19, 1, 1, 24, 6),
(2821, 19, 1, 1, 25, 5),
(2826, 19, 1, 1, 75, 6),
(2827, 19, 1, 1, 76, 5),
(2828, 19, 1, 1, 77, 5),
(2830, 19, 1, 1, 33, 5),
(2831, 19, 1, 1, 34, 5),
(2832, 19, 1, 1, 35, 5),
(2834, 19, 1, 1, 73, 5),
(2836, 19, 1, 1, 74, 5),
(2838, 27, 1, 1, 1, 5),
(2839, 27, 1, 1, 2, 6),
(2840, 27, 1, 1, 3, 6),
(2841, 27, 1, 1, 4, 7),
(2842, 27, 1, 1, 5, 6),
(2844, 27, 1, 1, 6, 5),
(2845, 27, 1, 1, 7, 6),
(2846, 27, 1, 1, 9, 6),
(2847, 27, 1, 1, 10, 7),
(2848, 27, 1, 1, 11, 6),
(2850, 27, 1, 1, 22, 6),
(2851, 27, 1, 1, 25, 6),
(2853, 27, 1, 1, 23, 5),
(2854, 27, 1, 1, 33, 6),
(2855, 27, 1, 1, 34, 6),
(2856, 27, 1, 1, 35, 6),
(2858, 27, 1, 1, 73, 6),
(2859, 27, 1, 1, 74, 6),
(2862, 46, 1, 1, 1, 7),
(2863, 46, 1, 1, 2, 7),
(2864, 46, 1, 1, 3, 8),
(2865, 46, 1, 1, 4, 8),
(2866, 46, 1, 1, 5, 7),
(2868, 46, 1, 1, 6, 7),
(2869, 46, 1, 1, 7, 7),
(2870, 46, 1, 1, 9, 8),
(2871, 46, 1, 1, 10, 8),
(2872, 46, 1, 1, 11, 7),
(2874, 46, 1, 1, 18, 8),
(2875, 46, 1, 1, 19, 8),
(2876, 46, 1, 1, 20, 8),
(2877, 46, 1, 1, 21, 8),
(2881, 46, 1, 1, 33, 6),
(2882, 46, 1, 1, 34, 6),
(2883, 46, 1, 1, 35, 6),
(2885, 46, 1, 1, 73, 8),
(2887, 46, 1, 1, 74, 7),
(2889, 76, 1, 1, 1, 6),
(2890, 76, 1, 1, 2, 6),
(2891, 76, 1, 1, 3, 6),
(2892, 76, 1, 1, 4, 8),
(2893, 76, 1, 1, 5, 6),
(2895, 76, 1, 1, 6, 6),
(2896, 76, 1, 1, 7, 6),
(2897, 76, 1, 1, 9, 6),
(2898, 76, 1, 1, 10, 8),
(2899, 76, 1, 1, 11, 6),
(2901, 76, 1, 1, 18, 5),
(2902, 76, 1, 1, 19, 5),
(2903, 76, 1, 1, 20, 6),
(2904, 76, 1, 1, 21, 6),
(2906, 76, 1, 1, 33, 6),
(2907, 76, 1, 1, 34, 6),
(2908, 76, 1, 1, 35, 7),
(2910, 76, 1, 1, 73, 6),
(2911, 76, 1, 1, 74, 6),
(2913, 101, 1, 1, 1, 7),
(2914, 101, 1, 1, 2, 8),
(2915, 101, 1, 1, 3, 8),
(2916, 101, 1, 1, 4, 7),
(2917, 101, 1, 1, 5, 7),
(2919, 101, 1, 1, 6, 7),
(2920, 101, 1, 1, 7, 8),
(2921, 101, 1, 1, 9, 8),
(2922, 101, 1, 1, 10, 7),
(2923, 101, 1, 1, 11, 7),
(2925, 101, 1, 1, 18, 9),
(2926, 101, 1, 1, 19, 9),
(2927, 101, 1, 1, 20, 9),
(2928, 101, 1, 1, 21, 8),
(2930, 101, 1, 1, 33, 7),
(2931, 101, 1, 1, 34, 8),
(2932, 101, 1, 1, 35, 8),
(2934, 101, 1, 1, 73, 8),
(2936, 101, 1, 1, 74, 8),
(2938, 128, 1, 1, 1, 5),
(2939, 128, 1, 1, 2, 5),
(2940, 128, 1, 1, 3, 6),
(2941, 128, 1, 1, 4, 5),
(2942, 128, 1, 1, 5, 5),
(2944, 128, 1, 1, 6, 6),
(2945, 128, 1, 1, 7, 5),
(2946, 128, 1, 1, 9, 6),
(2947, 128, 1, 1, 10, 5),
(2948, 128, 1, 1, 11, 5),
(2950, 128, 1, 1, 18, 5),
(2951, 128, 1, 1, 19, 5),
(2952, 128, 1, 1, 20, 5),
(2953, 128, 1, 1, 21, 5),
(2955, 128, 1, 1, 33, 5),
(2956, 128, 1, 1, 34, 5),
(2957, 128, 1, 1, 35, 5),
(2959, 128, 1, 1, 73, 5),
(2961, 128, 1, 1, 74, 5),
(2963, 151, 1, 1, 1, 6),
(2964, 151, 1, 1, 2, 8),
(2965, 151, 1, 1, 3, 8),
(2966, 151, 1, 1, 4, 9),
(2967, 151, 1, 1, 5, 6),
(2969, 151, 1, 1, 6, 6),
(2970, 151, 1, 1, 7, 8),
(2971, 151, 1, 1, 9, 8),
(2972, 151, 1, 1, 10, 9),
(2973, 151, 1, 1, 11, 6),
(2975, 151, 1, 1, 18, 7),
(2976, 151, 1, 1, 19, 8),
(2977, 151, 1, 1, 20, 8),
(2978, 151, 1, 1, 21, 8),
(2980, 151, 1, 1, 33, 7),
(2981, 151, 1, 1, 34, 7),
(2982, 151, 1, 1, 35, 7),
(2984, 151, 1, 1, 73, 8),
(2986, 151, 1, 1, 74, 7),
(2988, 163, 1, 1, 1, 5),
(2989, 163, 1, 1, 2, 5),
(2990, 163, 1, 1, 3, 6),
(2991, 163, 1, 1, 4, 5),
(2992, 163, 1, 1, 5, 5),
(2994, 163, 1, 1, 6, 5),
(2995, 163, 1, 1, 7, 5),
(2996, 163, 1, 1, 9, 6),
(2997, 163, 1, 1, 10, 5),
(2998, 163, 1, 1, 11, 5),
(3000, 163, 1, 1, 18, 6),
(3001, 163, 1, 1, 19, 6),
(3002, 163, 1, 1, 20, 6),
(3003, 163, 1, 1, 21, 5),
(3005, 163, 1, 1, 33, 5),
(3006, 163, 1, 1, 34, 5),
(3007, 163, 1, 1, 35, 5),
(3009, 163, 1, 1, 73, 5),
(3011, 163, 1, 1, 74, 5),
(3013, 174, 1, 1, 1, 5),
(3014, 174, 1, 1, 2, 6),
(3015, 174, 1, 1, 3, 6),
(3016, 174, 1, 1, 4, 5),
(3017, 174, 1, 1, 5, 5),
(3019, 174, 1, 1, 6, 6),
(3020, 174, 1, 1, 7, 6),
(3021, 174, 1, 1, 9, 6),
(3022, 174, 1, 1, 10, 5),
(3023, 174, 1, 1, 11, 5),
(3025, 174, 1, 1, 18, 6),
(3026, 174, 1, 1, 19, 5),
(3027, 174, 1, 1, 20, 6),
(3028, 174, 1, 1, 21, 6),
(3031, 174, 1, 1, 33, 5),
(3032, 174, 1, 1, 34, 5),
(3033, 174, 1, 1, 35, 5),
(3035, 174, 1, 1, 73, 5),
(3037, 174, 1, 1, 74, 5),
(3039, 206, 1, 1, 1, 7),
(3040, 206, 1, 1, 2, 7),
(3041, 206, 1, 1, 3, 8),
(3042, 206, 1, 1, 4, 8),
(3043, 206, 1, 1, 5, 7),
(3045, 206, 1, 1, 6, 7),
(3046, 206, 1, 1, 7, 7),
(3047, 206, 1, 1, 9, 8),
(3048, 206, 1, 1, 10, 8),
(3049, 206, 1, 1, 11, 7),
(3051, 206, 1, 1, 18, 7),
(3052, 206, 1, 1, 19, 7),
(3053, 206, 1, 1, 20, 7),
(3054, 206, 1, 1, 21, 7),
(3056, 206, 1, 1, 33, 7),
(3057, 206, 1, 1, 34, 7),
(3058, 206, 1, 1, 35, 7),
(3060, 206, 1, 1, 73, 7),
(3062, 206, 1, 1, 74, 7),
(3064, 210, 1, 1, 6, 5),
(3065, 210, 1, 1, 7, 6),
(3066, 210, 1, 1, 9, 6),
(3067, 210, 1, 1, 10, 6),
(3068, 210, 1, 1, 11, 5),
(3070, 210, 1, 1, 18, 8),
(3071, 210, 1, 1, 19, 8),
(3072, 210, 1, 1, 20, 8),
(3073, 210, 1, 1, 21, 8),
(3075, 210, 1, 1, 33, 6),
(3076, 210, 1, 1, 34, 8),
(3077, 210, 1, 1, 35, 7),
(3079, 210, 1, 1, 73, 7),
(3081, 210, 1, 1, 74, 8),
(3083, 249, 1, 1, 1, 6),
(3084, 249, 1, 1, 2, 8),
(3085, 249, 1, 1, 3, 7),
(3086, 249, 1, 1, 4, 7),
(3087, 249, 1, 1, 5, 5),
(3089, 249, 1, 1, 6, 6),
(3090, 249, 1, 1, 7, 8),
(3091, 249, 1, 1, 11, 5),
(3092, 249, 1, 1, 9, 7),
(3093, 249, 1, 1, 10, 7),
(3095, 249, 1, 1, 18, 9),
(3096, 249, 1, 1, 19, 9),
(3097, 249, 1, 1, 20, 8),
(3098, 249, 1, 1, 21, 9),
(3100, 249, 1, 1, 33, 5),
(3101, 249, 1, 1, 34, 5),
(3102, 249, 1, 1, 35, 5),
(3104, 249, 1, 1, 73, 7),
(3106, 249, 1, 1, 74, 8),
(3108, 255, 1, 1, 1, 6),
(3109, 255, 1, 1, 2, 8),
(3110, 255, 1, 1, 3, 7),
(3111, 255, 1, 1, 4, 7),
(3112, 255, 1, 1, 5, 5),
(3114, 255, 1, 1, 6, 6),
(3115, 255, 1, 1, 7, 8),
(3116, 255, 1, 1, 9, 7),
(3117, 255, 1, 1, 10, 7),
(3118, 255, 1, 1, 11, 5),
(3120, 255, 1, 1, 18, 9),
(3121, 255, 1, 1, 19, 8),
(3122, 255, 1, 1, 20, 8),
(3123, 255, 1, 1, 21, 8),
(3125, 255, 1, 1, 33, 5),
(3126, 255, 1, 1, 34, 5),
(3127, 255, 1, 1, 35, 5),
(3129, 255, 1, 1, 73, 7),
(3131, 255, 1, 1, 74, 7),
(3133, 265, 1, 1, 1, 6),
(3134, 265, 1, 1, 2, 7),
(3135, 265, 1, 1, 3, 8),
(3136, 265, 1, 1, 4, 8),
(3137, 265, 1, 1, 5, 6),
(3139, 265, 1, 1, 6, 6),
(3140, 265, 1, 1, 7, 7),
(3141, 265, 1, 1, 9, 8),
(3142, 265, 1, 1, 10, 8),
(3143, 265, 1, 1, 11, 6),
(3145, 265, 1, 1, 18, 7),
(3146, 265, 1, 1, 19, 7),
(3147, 265, 1, 1, 20, 7),
(3148, 265, 1, 1, 21, 7),
(3150, 265, 1, 1, 33, 6),
(3151, 265, 1, 1, 34, 7),
(3152, 265, 1, 1, 35, 6),
(3154, 265, 1, 1, 73, 7),
(3156, 265, 1, 1, 74, 7),
(3158, 274, 1, 1, 1, 5),
(3159, 274, 1, 1, 2, 6),
(3160, 274, 1, 1, 3, 7),
(3161, 274, 1, 1, 4, 6),
(3162, 274, 1, 1, 5, 5),
(3164, 274, 1, 1, 6, 6),
(3165, 274, 1, 1, 7, 6),
(3166, 274, 1, 1, 9, 7),
(3167, 274, 1, 1, 10, 6),
(3168, 274, 1, 1, 11, 6),
(3170, 274, 1, 1, 18, 5),
(3171, 274, 1, 1, 19, 5),
(3172, 274, 1, 1, 20, 5),
(3173, 274, 1, 1, 21, 5),
(3175, 274, 1, 1, 33, 5),
(3176, 274, 1, 1, 34, 5),
(3177, 274, 1, 1, 35, 5),
(3179, 274, 1, 1, 73, 5),
(3181, 274, 1, 1, 74, 5),
(3183, 280, 1, 1, 1, 5),
(3184, 280, 1, 1, 2, 5),
(3185, 280, 1, 1, 3, 5),
(3186, 280, 1, 1, 4, 5),
(3187, 280, 1, 1, 5, 5),
(3189, 280, 1, 1, 6, 5),
(3190, 280, 1, 1, 7, 5),
(3191, 280, 1, 1, 9, 5),
(3192, 280, 1, 1, 10, 5),
(3193, 280, 1, 1, 11, 5),
(3195, 280, 1, 1, 18, 6),
(3196, 280, 1, 1, 19, 6),
(3197, 280, 1, 1, 20, 6),
(3198, 280, 1, 1, 21, 6),
(3200, 280, 1, 1, 33, 5),
(3201, 280, 1, 1, 34, 5),
(3202, 280, 1, 1, 35, 5),
(3204, 280, 1, 1, 73, 5),
(3206, 280, 1, 1, 74, 5),
(3208, 289, 1, 1, 1, 8),
(3209, 289, 1, 1, 2, 7),
(3210, 289, 1, 1, 3, 8),
(3211, 289, 1, 1, 4, 8),
(3212, 289, 1, 1, 5, 9),
(3214, 289, 1, 1, 6, 6),
(3215, 289, 1, 1, 7, 7),
(3216, 289, 1, 1, 9, 8),
(3217, 289, 1, 1, 10, 8),
(3218, 289, 1, 1, 11, 6),
(3220, 289, 1, 1, 18, 7),
(3221, 289, 1, 1, 19, 8),
(3222, 289, 1, 1, 20, 8),
(3223, 289, 1, 1, 21, 8),
(3225, 289, 1, 1, 33, 8),
(3226, 289, 1, 1, 34, 8),
(3227, 289, 1, 1, 35, 8),
(3229, 289, 1, 1, 73, 7),
(3231, 289, 1, 1, 74, 8),
(3233, 291, 1, 1, 1, 7),
(3234, 291, 1, 1, 2, 7),
(3235, 291, 1, 1, 3, 8),
(3236, 291, 1, 1, 4, 8),
(3237, 291, 1, 1, 5, 7),
(3239, 291, 1, 1, 6, 7),
(3240, 291, 1, 1, 7, 7),
(3241, 291, 1, 1, 9, 8),
(3242, 291, 1, 1, 10, 8),
(3243, 291, 1, 1, 11, 7),
(3245, 291, 1, 1, 18, 7),
(3246, 291, 1, 1, 19, 7),
(3247, 291, 1, 1, 20, 7),
(3248, 291, 1, 1, 21, 7),
(3250, 291, 1, 1, 33, 6),
(3251, 291, 1, 1, 34, 7),
(3252, 291, 1, 1, 35, 6),
(3254, 291, 1, 1, 73, 7),
(3256, 291, 1, 1, 74, 8),
(3258, 336, 1, 1, 1, 6),
(3259, 336, 1, 1, 2, 7),
(3260, 336, 1, 1, 3, 7),
(3261, 336, 1, 1, 4, 8),
(3262, 336, 1, 1, 5, 6),
(3264, 336, 1, 1, 6, 6),
(3265, 336, 1, 1, 7, 7),
(3266, 336, 1, 1, 9, 7),
(3267, 336, 1, 1, 10, 8),
(3268, 336, 1, 1, 11, 6),
(3270, 336, 1, 1, 18, 6),
(3271, 336, 1, 1, 19, 6),
(3272, 336, 1, 1, 20, 7),
(3273, 336, 1, 1, 21, 7),
(3275, 336, 1, 1, 33, 6),
(3276, 336, 1, 1, 34, 6),
(3277, 336, 1, 1, 35, 6),
(3279, 336, 1, 1, 73, 6),
(3281, 336, 1, 1, 74, 6),
(3283, 338, 1, 1, 1, 6),
(3284, 338, 1, 1, 2, 6),
(3285, 338, 1, 1, 3, 7),
(3286, 338, 1, 1, 4, 6),
(3287, 338, 1, 1, 5, 5),
(3289, 338, 1, 1, 6, 6),
(3290, 338, 1, 1, 7, 6),
(3291, 338, 1, 1, 9, 7),
(3292, 338, 1, 1, 10, 6),
(3293, 338, 1, 1, 11, 5),
(3295, 338, 1, 1, 18, 6),
(3296, 338, 1, 1, 19, 6),
(3297, 338, 1, 1, 20, 6),
(3298, 338, 1, 1, 21, 6),
(3300, 338, 1, 1, 33, 5),
(3301, 338, 1, 1, 34, 5),
(3302, 338, 1, 1, 35, 5),
(3304, 338, 1, 1, 73, 5),
(3306, 338, 1, 1, 74, 5),
(3308, 345, 1, 1, 1, 6),
(3309, 345, 1, 1, 2, 7),
(3310, 345, 1, 1, 3, 8),
(3311, 345, 1, 1, 4, 8),
(3312, 345, 1, 1, 5, 6),
(3314, 345, 1, 1, 6, 6),
(3315, 345, 1, 1, 7, 7),
(3316, 345, 1, 1, 9, 8),
(3317, 345, 1, 1, 10, 8),
(3318, 345, 1, 1, 11, 6),
(3320, 345, 1, 1, 18, 8),
(3321, 345, 1, 1, 19, 8),
(3322, 345, 1, 1, 20, 8),
(3323, 345, 1, 1, 21, 8),
(3325, 345, 1, 1, 33, 6),
(3326, 345, 1, 1, 34, 6),
(3327, 345, 1, 1, 35, 6),
(3329, 345, 1, 1, 73, 7),
(3331, 345, 1, 1, 74, 7),
(3333, 353, 1, 1, 1, 6),
(3334, 353, 1, 1, 2, 8),
(3335, 353, 1, 1, 3, 7),
(3336, 353, 1, 1, 4, 8),
(3337, 353, 1, 1, 5, 6),
(3339, 353, 1, 1, 6, 6),
(3340, 353, 1, 1, 7, 8),
(3341, 353, 1, 1, 9, 7),
(3342, 353, 1, 1, 10, 8),
(3343, 353, 1, 1, 11, 6),
(3345, 353, 1, 1, 18, 8),
(3346, 353, 1, 1, 19, 8),
(3347, 353, 1, 1, 21, 8),
(3349, 353, 1, 1, 33, 5),
(3350, 353, 1, 1, 34, 6),
(3351, 353, 1, 1, 35, 6),
(3353, 353, 1, 1, 73, 7),
(3355, 353, 1, 1, 74, 7),
(3357, 379, 1, 1, 1, 5),
(3358, 379, 1, 1, 2, 6),
(3359, 379, 1, 1, 3, 6),
(3360, 379, 1, 1, 4, 6),
(3361, 379, 1, 1, 5, 5),
(3363, 379, 1, 1, 6, 5),
(3364, 379, 1, 1, 7, 6),
(3365, 379, 1, 1, 11, 5),
(3367, 379, 1, 1, 18, 5),
(3368, 379, 1, 1, 19, 5),
(3369, 379, 1, 1, 20, 5),
(3370, 379, 1, 1, 21, 5),
(3372, 379, 1, 1, 33, 6),
(3373, 379, 1, 1, 34, 6),
(3375, 379, 1, 1, 73, 6),
(3377, 379, 1, 1, 74, 5),
(3379, 412, 1, 1, 1, 6),
(3380, 412, 1, 1, 2, 8),
(3381, 412, 1, 1, 3, 8),
(3382, 412, 1, 1, 4, 8),
(3383, 412, 1, 1, 5, 6),
(3385, 412, 1, 1, 6, 7),
(3386, 412, 1, 1, 7, 8),
(3387, 412, 1, 1, 9, 8),
(3388, 412, 1, 1, 10, 8),
(3389, 412, 1, 1, 11, 7),
(3391, 412, 1, 1, 18, 8),
(3392, 412, 1, 1, 19, 8),
(3393, 412, 1, 1, 20, 8),
(3394, 412, 1, 1, 21, 8),
(3396, 412, 1, 1, 33, 5),
(3397, 412, 1, 1, 34, 6),
(3398, 412, 1, 1, 35, 5),
(3400, 412, 1, 1, 73, 7),
(3402, 412, 1, 1, 74, 7),
(3404, 424, 1, 1, 1, 6),
(3405, 424, 1, 1, 2, 8),
(3406, 424, 1, 1, 3, 9),
(3407, 424, 1, 1, 4, 8),
(3408, 424, 1, 1, 5, 6),
(3410, 424, 1, 1, 6, 6),
(3411, 424, 1, 1, 7, 8),
(3412, 424, 1, 1, 9, 9),
(3413, 424, 1, 1, 10, 8),
(3414, 424, 1, 1, 11, 6),
(3416, 424, 1, 1, 18, 8),
(3417, 424, 1, 1, 19, 8),
(3418, 424, 1, 1, 20, 8),
(3419, 424, 1, 1, 21, 8),
(3421, 424, 1, 1, 33, 5),
(3422, 424, 1, 1, 34, 6),
(3423, 424, 1, 1, 35, 5),
(3425, 424, 1, 1, 73, 6),
(3427, 424, 1, 1, 74, 6),
(3480, 92, 1, 1, 6, 7),
(3482, 92, 1, 1, 7, 8),
(3483, 92, 1, 1, 9, 9),
(3484, 92, 1, 1, 10, 9),
(3485, 92, 1, 1, 11, 8),
(3487, 92, 1, 1, 18, 9),
(3488, 92, 1, 1, 19, 8),
(3489, 92, 1, 1, 20, 9),
(3490, 92, 1, 1, 21, 8),
(3492, 92, 1, 1, 22, 9),
(3493, 92, 1, 1, 23, 7),
(3494, 92, 1, 1, 24, 7),
(3495, 92, 1, 1, 25, 8),
(3498, 92, 1, 1, 75, 8),
(3499, 92, 1, 1, 76, 8),
(3500, 92, 1, 1, 77, 8),
(3502, 92, 1, 1, 33, 9),
(3503, 92, 1, 1, 34, 7),
(3504, 92, 1, 1, 35, 8),
(3506, 92, 1, 1, 72, 8),
(3509, 92, 1, 1, 73, 9),
(3510, 92, 1, 1, 74, 9),
(3512, 14, 1, 1, 26, 6),
(3513, 14, 1, 1, 27, 7),
(3514, 14, 1, 1, 28, 6),
(3516, 32, 1, 1, 26, 8),
(3517, 32, 1, 1, 27, 8),
(3518, 32, 1, 1, 28, 8),
(3520, 50, 1, 1, 26, 7),
(3521, 50, 1, 1, 27, 7);
INSERT INTO `partialevaluations` (`id`, `student_id`, `course_id`, `trimestre_id`, `dimension_id`, `partialevaluationdescription_id`) VALUES
(3523, 50, 1, 1, 28, 7),
(3524, 75, 1, 1, 26, 6),
(3525, 75, 1, 1, 27, 6),
(3526, 75, 1, 1, 28, 6),
(3528, 116, 1, 1, 27, 6),
(3529, 116, 1, 1, 28, 6),
(3531, 159, 1, 1, 26, 7),
(3532, 159, 1, 1, 27, 7),
(3533, 159, 1, 1, 28, 7),
(3535, 161, 1, 1, 26, 7),
(3536, 161, 1, 1, 27, 7),
(3537, 161, 1, 1, 28, 7),
(3539, 165, 1, 1, 26, 5),
(3540, 165, 1, 1, 27, 5),
(3541, 165, 1, 1, 28, 5),
(3543, 194, 1, 1, 26, 6),
(3544, 194, 1, 1, 27, 6),
(3545, 194, 1, 1, 28, 6),
(3547, 234, 1, 1, 26, 7),
(3548, 234, 1, 1, 27, 6),
(3549, 234, 1, 1, 28, 6),
(3551, 230, 1, 1, 26, 6),
(3552, 230, 1, 1, 27, 6),
(3553, 230, 1, 1, 28, 6),
(3555, 252, 1, 1, 26, 6),
(3556, 252, 1, 1, 27, 6),
(3557, 252, 1, 1, 28, 6),
(3559, 270, 1, 1, 26, 6),
(3560, 270, 1, 1, 27, 6),
(3561, 270, 1, 1, 28, 6),
(3563, 275, 1, 1, 26, 6),
(3564, 275, 1, 1, 27, 6),
(3565, 275, 1, 1, 28, 6),
(3567, 290, 1, 1, 26, 6),
(3568, 290, 1, 1, 27, 7),
(3569, 290, 1, 1, 28, 6),
(3571, 293, 1, 1, 27, 5),
(3572, 293, 1, 1, 28, 5),
(3574, 302, 1, 1, 26, 7),
(3575, 302, 1, 1, 27, 6),
(3576, 302, 1, 1, 28, 6),
(3578, 324, 1, 1, 26, 5),
(3579, 324, 1, 1, 27, 5),
(3580, 324, 1, 1, 28, 5),
(3582, 330, 1, 1, 26, 6),
(3583, 330, 1, 1, 27, 6),
(3584, 330, 1, 1, 28, 6),
(3586, 331, 1, 1, 26, 6),
(3587, 331, 1, 1, 27, 6),
(3588, 331, 1, 1, 28, 6),
(3590, 335, 1, 1, 26, 5),
(3591, 335, 1, 1, 27, 5),
(3592, 335, 1, 1, 28, 5),
(3594, 349, 1, 1, 26, 6),
(3595, 349, 1, 1, 27, 6),
(3596, 349, 1, 1, 28, 6),
(3598, 371, 1, 1, 26, 5),
(3599, 371, 1, 1, 27, 6),
(3600, 371, 1, 1, 28, 5),
(3602, 373, 1, 1, 26, 6),
(3603, 373, 1, 1, 27, 6),
(3604, 373, 1, 1, 28, 6),
(3606, 383, 1, 1, 26, 7),
(3607, 383, 1, 1, 27, 6),
(3608, 383, 1, 1, 28, 6),
(3610, 17, 1, 1, 26, 5),
(3611, 17, 1, 1, 27, 5),
(3612, 17, 1, 1, 28, 5),
(3614, 25, 1, 1, 26, 7),
(3615, 25, 1, 1, 27, 6),
(3616, 25, 1, 1, 28, 7),
(3618, 43, 1, 1, 26, 7),
(3619, 43, 1, 1, 27, 7),
(3620, 43, 1, 1, 28, 7),
(3622, 61, 1, 1, 26, 5),
(3623, 61, 1, 1, 27, 5),
(3624, 61, 1, 1, 28, 5),
(3626, 79, 1, 1, 26, 6),
(3627, 79, 1, 1, 27, 6),
(3628, 79, 1, 1, 28, 6),
(3630, 96, 1, 1, 26, 8),
(3631, 96, 1, 1, 27, 8),
(3632, 96, 1, 1, 28, 8),
(3634, 125, 1, 1, 28, 6),
(3635, 125, 1, 1, 27, 6),
(3636, 125, 1, 1, 26, 6),
(3638, 136, 1, 1, 27, 6),
(3639, 136, 1, 1, 28, 6),
(3641, 148, 1, 1, 26, 7),
(3642, 148, 1, 1, 27, 7),
(3643, 148, 1, 1, 28, 7),
(3645, 157, 1, 1, 26, 5),
(3646, 157, 1, 1, 27, 5),
(3647, 157, 1, 1, 28, 5),
(3649, 168, 1, 1, 26, 7),
(3650, 168, 1, 1, 27, 7),
(3651, 168, 1, 1, 28, 7),
(3653, 176, 1, 1, 26, 5),
(3654, 176, 1, 1, 28, 6),
(3656, 193, 1, 1, 26, 6),
(3657, 193, 1, 1, 27, 6),
(3658, 193, 1, 1, 28, 6),
(3660, 196, 1, 1, 26, 6),
(3661, 196, 1, 1, 27, 6),
(3662, 196, 1, 1, 28, 6),
(3664, 217, 1, 1, 26, 6),
(3665, 217, 1, 1, 27, 6),
(3666, 217, 1, 1, 28, 6),
(3668, 239, 1, 1, 26, 5),
(3669, 239, 1, 1, 27, 5),
(3670, 239, 1, 1, 28, 5),
(3672, 245, 1, 1, 26, 8),
(3673, 245, 1, 1, 28, 8),
(3675, 245, 1, 1, 27, 7),
(3676, 246, 1, 1, 26, 5),
(3677, 246, 1, 1, 27, 5),
(3678, 246, 1, 1, 28, 5),
(3680, 279, 1, 1, 26, 7),
(3681, 279, 1, 1, 27, 6),
(3682, 279, 1, 1, 28, 7),
(3684, 278, 1, 1, 26, 7),
(3685, 278, 1, 1, 27, 7),
(3686, 278, 1, 1, 28, 7),
(3688, 303, 1, 1, 26, 6),
(3689, 303, 1, 1, 27, 6),
(3690, 303, 1, 1, 28, 6),
(3692, 312, 1, 1, 26, 5),
(3693, 312, 1, 1, 27, 5),
(3694, 312, 1, 1, 28, 5),
(3696, 348, 1, 1, 26, 7),
(3697, 348, 1, 1, 27, 7),
(3698, 348, 1, 1, 28, 7),
(3700, 359, 1, 1, 26, 5),
(3701, 359, 1, 1, 28, 5),
(3702, 359, 1, 1, 27, 5),
(3704, 365, 1, 1, 26, 6),
(3705, 365, 1, 1, 27, 6),
(3706, 365, 1, 1, 28, 6),
(3708, 34, 1, 1, 26, 6),
(3709, 34, 1, 1, 27, 5),
(3710, 34, 1, 1, 28, 6),
(3712, 48, 1, 1, 27, 6),
(3713, 48, 1, 1, 28, 6),
(3714, 48, 1, 1, 26, 6),
(3716, 62, 1, 1, 26, 6),
(3717, 62, 1, 1, 27, 6),
(3718, 62, 1, 1, 28, 6),
(3720, 82, 1, 1, 26, 5),
(3721, 82, 1, 1, 27, 6),
(3722, 82, 1, 1, 28, 5),
(3724, 140, 1, 1, 26, 6),
(3725, 140, 1, 1, 27, 6),
(3726, 140, 1, 1, 28, 6),
(3728, 198, 1, 1, 26, 7),
(3729, 198, 1, 1, 28, 6),
(3730, 198, 1, 1, 27, 6),
(3732, 205, 1, 1, 26, 5),
(3733, 205, 1, 1, 27, 5),
(3734, 205, 1, 1, 28, 5),
(3736, 227, 1, 1, 26, 6),
(3737, 227, 1, 1, 27, 7),
(3738, 227, 1, 1, 28, 6),
(3740, 256, 1, 1, 26, 5),
(3741, 256, 1, 1, 27, 5),
(3742, 256, 1, 1, 28, 5),
(3744, 305, 1, 1, 26, 6),
(3745, 305, 1, 1, 27, 6),
(3746, 305, 1, 1, 28, 6),
(3748, 313, 1, 1, 26, 5),
(3749, 313, 1, 1, 27, 5),
(3750, 313, 1, 1, 28, 5),
(3752, 317, 1, 1, 26, 5),
(3753, 317, 1, 1, 27, 6),
(3754, 317, 1, 1, 28, 5),
(3756, 332, 1, 1, 27, 5),
(3757, 332, 1, 1, 28, 5),
(3759, 341, 1, 1, 26, 6),
(3760, 341, 1, 1, 27, 7),
(3761, 341, 1, 1, 28, 7),
(3763, 344, 1, 1, 26, 6),
(3764, 344, 1, 1, 27, 6),
(3765, 344, 1, 1, 28, 6),
(3767, 399, 1, 1, 26, 6),
(3768, 399, 1, 1, 27, 6),
(3769, 399, 1, 1, 28, 6),
(3771, 404, 1, 1, 26, 6),
(3772, 404, 1, 1, 27, 6),
(3773, 404, 1, 1, 28, 6),
(3775, 23, 1, 1, 26, 5),
(3776, 23, 1, 1, 27, 5),
(3777, 23, 1, 1, 28, 5),
(3779, 42, 1, 1, 26, 7),
(3780, 42, 1, 1, 27, 6),
(3781, 42, 1, 1, 28, 6),
(3783, 55, 1, 1, 26, 5),
(3784, 55, 1, 1, 27, 5),
(3785, 55, 1, 1, 28, 5),
(3787, 58, 1, 1, 26, 6),
(3788, 58, 1, 1, 27, 6),
(3789, 58, 1, 1, 28, 6),
(3791, 71, 1, 1, 26, 5),
(3792, 71, 1, 1, 27, 5),
(3793, 71, 1, 1, 28, 5),
(3795, 97, 1, 1, 26, 6),
(3796, 97, 1, 1, 27, 6),
(3797, 97, 1, 1, 28, 6),
(3799, 120, 1, 1, 26, 7),
(3800, 120, 1, 1, 27, 6),
(3801, 120, 1, 1, 28, 6),
(3803, 150, 1, 1, 26, 6),
(3804, 150, 1, 1, 27, 7),
(3805, 150, 1, 1, 28, 6),
(3807, 156, 1, 1, 26, 7),
(3808, 156, 1, 1, 27, 7),
(3809, 156, 1, 1, 28, 6),
(3811, 175, 1, 1, 26, 6),
(3812, 175, 1, 1, 27, 6),
(3813, 175, 1, 1, 28, 6),
(3815, 179, 1, 1, 27, 5),
(3816, 179, 1, 1, 26, 5),
(3817, 179, 1, 1, 28, 5),
(3819, 216, 1, 1, 26, 7),
(3820, 216, 1, 1, 27, 6),
(3821, 216, 1, 1, 28, 6),
(3823, 187, 1, 1, 26, 6),
(3824, 187, 1, 1, 27, 6),
(3825, 187, 1, 1, 28, 6),
(3827, 232, 1, 1, 26, 6),
(3828, 232, 1, 1, 27, 6),
(3829, 232, 1, 1, 28, 6),
(3831, 318, 1, 1, 26, 5),
(3832, 318, 1, 1, 27, 5),
(3833, 318, 1, 1, 28, 5),
(3835, 322, 1, 1, 26, 5),
(3836, 322, 1, 1, 27, 5),
(3837, 322, 1, 1, 28, 5),
(3839, 347, 1, 1, 26, 7),
(3840, 347, 1, 1, 27, 6),
(3841, 347, 1, 1, 28, 6),
(3843, 351, 1, 1, 26, 6),
(3844, 351, 1, 1, 27, 6),
(3845, 351, 1, 1, 28, 6),
(3847, 354, 1, 1, 26, 6),
(3848, 354, 1, 1, 27, 6),
(3849, 354, 1, 1, 28, 6),
(3851, 420, 1, 1, 26, 6),
(3852, 420, 1, 1, 27, 6),
(3853, 420, 1, 1, 28, 6),
(3855, 18, 1, 1, 26, 6),
(3856, 18, 1, 1, 27, 5),
(3857, 18, 1, 1, 28, 6),
(3859, 41, 1, 1, 26, 7),
(3860, 41, 1, 1, 27, 6),
(3861, 41, 1, 1, 28, 6),
(3863, 68, 1, 1, 26, 7),
(3864, 68, 1, 1, 27, 6),
(3865, 68, 1, 1, 28, 7),
(3867, 124, 1, 1, 26, 6),
(3868, 124, 1, 1, 27, 6),
(3869, 124, 1, 1, 28, 6),
(3871, 131, 1, 1, 26, 5),
(3872, 131, 1, 1, 27, 5),
(3873, 131, 1, 1, 28, 5),
(3875, 132, 1, 1, 26, 5),
(3876, 132, 1, 1, 27, 6),
(3877, 132, 1, 1, 28, 5),
(3879, 144, 1, 1, 26, 6),
(3880, 144, 1, 1, 27, 6),
(3881, 144, 1, 1, 28, 6),
(3883, 182, 1, 1, 26, 5),
(3884, 182, 1, 1, 27, 5),
(3885, 182, 1, 1, 28, 5),
(3887, 191, 1, 1, 26, 6),
(3888, 191, 1, 1, 27, 6),
(3889, 191, 1, 1, 28, 6),
(3891, 192, 1, 1, 26, 5),
(3892, 192, 1, 1, 27, 5),
(3893, 192, 1, 1, 28, 5),
(3895, 220, 1, 1, 26, 6),
(3896, 220, 1, 1, 27, 6),
(3897, 220, 1, 1, 28, 6),
(3899, 237, 1, 1, 26, 5),
(3900, 237, 1, 1, 27, 5),
(3901, 237, 1, 1, 28, 5),
(3903, 250, 1, 1, 26, 6),
(3904, 250, 1, 1, 27, 6),
(3905, 250, 1, 1, 28, 6),
(3907, 263, 1, 1, 26, 6),
(3908, 263, 1, 1, 27, 5),
(3909, 263, 1, 1, 28, 6),
(3911, 287, 1, 1, 27, 6),
(3912, 287, 1, 1, 28, 6),
(3914, 320, 1, 1, 26, 6),
(3915, 320, 1, 1, 27, 6),
(3916, 320, 1, 1, 28, 6),
(3918, 326, 1, 1, 26, 5),
(3919, 326, 1, 1, 27, 5),
(3920, 326, 1, 1, 28, 5),
(3922, 327, 1, 1, 26, 5),
(3923, 327, 1, 1, 27, 5),
(3924, 327, 1, 1, 28, 5),
(3926, 333, 1, 1, 26, 6),
(3927, 333, 1, 1, 27, 6),
(3928, 333, 1, 1, 28, 6),
(3930, 340, 1, 1, 26, 6),
(3931, 340, 1, 1, 27, 5),
(3932, 340, 1, 1, 28, 6),
(3934, 363, 1, 1, 26, 7),
(3935, 363, 1, 1, 27, 7),
(3936, 363, 1, 1, 28, 7),
(3938, 374, 1, 1, 26, 5),
(3939, 374, 1, 1, 27, 5),
(3940, 374, 1, 1, 28, 5),
(3942, 395, 1, 1, 26, 7),
(3943, 395, 1, 1, 27, 7),
(3944, 395, 1, 1, 28, 7),
(3946, 415, 1, 1, 26, 5),
(3947, 415, 1, 1, 27, 5),
(3948, 415, 1, 1, 28, 5),
(3950, 13, 1, 1, 26, 6),
(3951, 13, 1, 1, 27, 5),
(3952, 13, 1, 1, 28, 6),
(3954, 105, 1, 1, 26, 6),
(3955, 105, 1, 1, 27, 6),
(3956, 105, 1, 1, 28, 6),
(3958, 110, 1, 1, 26, 5),
(3959, 110, 1, 1, 27, 6),
(3960, 110, 1, 1, 28, 5),
(3962, 111, 1, 1, 26, 5),
(3963, 111, 1, 1, 27, 5),
(3964, 111, 1, 1, 28, 5),
(3966, 141, 1, 1, 27, 6),
(3967, 141, 1, 1, 26, 6),
(3968, 141, 1, 1, 28, 6),
(3970, 153, 1, 1, 26, 7),
(3971, 153, 1, 1, 27, 6),
(3972, 153, 1, 1, 28, 6),
(3974, 167, 1, 1, 26, 5),
(3975, 167, 1, 1, 27, 5),
(3976, 167, 1, 1, 28, 5),
(3978, 201, 1, 1, 26, 6),
(3979, 201, 1, 1, 27, 6),
(3980, 201, 1, 1, 28, 6),
(3982, 218, 1, 1, 26, 5),
(3983, 218, 1, 1, 27, 5),
(3984, 218, 1, 1, 28, 5),
(3986, 241, 1, 1, 26, 5),
(3987, 241, 1, 1, 27, 5),
(3988, 241, 1, 1, 28, 6),
(3990, 261, 1, 1, 26, 6),
(3991, 261, 1, 1, 27, 6),
(3992, 261, 1, 1, 28, 7),
(3994, 288, 1, 1, 26, 7),
(3995, 288, 1, 1, 27, 6),
(3996, 288, 1, 1, 28, 6),
(3998, 292, 1, 1, 26, 5),
(3999, 292, 1, 1, 27, 5),
(4000, 292, 1, 1, 28, 5),
(4002, 297, 1, 1, 26, 7),
(4003, 297, 1, 1, 27, 6),
(4004, 297, 1, 1, 28, 6),
(4006, 300, 1, 1, 26, 7),
(4007, 300, 1, 1, 27, 6),
(4008, 300, 1, 1, 28, 6),
(4010, 311, 1, 1, 26, 7),
(4011, 311, 1, 1, 27, 6),
(4012, 311, 1, 1, 28, 6),
(4014, 350, 1, 1, 26, 7),
(4015, 350, 1, 1, 27, 7),
(4016, 350, 1, 1, 28, 7),
(4018, 376, 1, 1, 26, 5),
(4019, 376, 1, 1, 27, 5),
(4020, 376, 1, 1, 28, 5),
(4022, 400, 1, 1, 27, 5),
(4023, 400, 1, 1, 26, 5),
(4024, 400, 1, 1, 28, 5),
(4026, 402, 1, 1, 26, 6),
(4027, 402, 1, 1, 27, 6),
(4028, 402, 1, 1, 28, 6),
(4030, 417, 1, 1, 26, 6),
(4031, 417, 1, 1, 27, 5),
(4032, 417, 1, 1, 28, 5),
(4034, 422, 1, 1, 26, 6),
(4035, 422, 1, 1, 27, 7),
(4036, 422, 1, 1, 28, 6),
(4038, 19, 1, 1, 26, 5),
(4039, 19, 1, 1, 27, 5),
(4040, 19, 1, 1, 28, 5),
(4042, 27, 1, 1, 26, 6),
(4043, 27, 1, 1, 27, 6),
(4044, 27, 1, 1, 28, 6),
(4045, 46, 1, 1, 26, 7),
(4046, 46, 1, 1, 27, 7),
(4047, 46, 1, 1, 28, 7),
(4049, 76, 1, 1, 26, 6),
(4050, 76, 1, 1, 27, 5),
(4051, 76, 1, 1, 28, 5),
(4053, 101, 1, 1, 26, 6),
(4054, 101, 1, 1, 27, 6),
(4055, 101, 1, 1, 28, 6),
(4057, 128, 1, 1, 26, 5),
(4058, 128, 1, 1, 27, 5),
(4059, 128, 1, 1, 28, 5),
(4061, 151, 1, 1, 26, 7),
(4062, 151, 1, 1, 27, 7),
(4063, 151, 1, 1, 28, 7),
(4065, 163, 1, 1, 26, 5),
(4066, 163, 1, 1, 27, 5),
(4067, 163, 1, 1, 28, 5),
(4069, 174, 1, 1, 26, 5),
(4070, 174, 1, 1, 27, 5),
(4071, 174, 1, 1, 28, 5),
(4073, 206, 1, 1, 26, 6),
(4074, 206, 1, 1, 28, 6),
(4076, 210, 1, 1, 26, 6),
(4077, 210, 1, 1, 28, 7),
(4079, 249, 1, 1, 26, 6),
(4080, 249, 1, 1, 27, 7),
(4081, 249, 1, 1, 28, 7),
(4083, 255, 1, 1, 26, 6),
(4084, 255, 1, 1, 27, 6),
(4085, 255, 1, 1, 28, 6),
(4087, 265, 1, 1, 26, 6),
(4088, 265, 1, 1, 27, 6),
(4089, 265, 1, 1, 28, 6),
(4091, 274, 1, 1, 26, 5),
(4092, 274, 1, 1, 27, 5),
(4093, 274, 1, 1, 28, 5),
(4095, 280, 1, 1, 26, 5),
(4096, 280, 1, 1, 27, 5),
(4097, 280, 1, 1, 28, 5),
(4099, 289, 1, 1, 26, 7),
(4100, 289, 1, 1, 27, 7),
(4101, 289, 1, 1, 28, 6),
(4103, 291, 1, 1, 27, 7),
(4104, 291, 1, 1, 26, 6),
(4105, 291, 1, 1, 28, 6),
(4107, 336, 1, 1, 26, 6),
(4108, 336, 1, 1, 27, 6),
(4109, 336, 1, 1, 28, 6),
(4111, 338, 1, 1, 26, 6),
(4112, 338, 1, 1, 27, 5),
(4113, 338, 1, 1, 28, 5),
(4115, 345, 1, 1, 26, 6),
(4116, 345, 1, 1, 27, 6),
(4117, 345, 1, 1, 28, 6),
(4119, 353, 1, 1, 26, 7),
(4120, 353, 1, 1, 27, 6),
(4121, 353, 1, 1, 28, 7),
(4123, 379, 1, 1, 26, 5),
(4124, 379, 1, 1, 27, 5),
(4125, 379, 1, 1, 28, 5),
(4127, 412, 1, 1, 26, 6),
(4128, 412, 1, 1, 27, 6),
(4129, 412, 1, 1, 28, 6),
(4131, 424, 1, 1, 26, 6),
(4132, 424, 1, 1, 27, 5),
(4133, 424, 1, 1, 28, 6),
(4135, 37, 1, 1, 26, 7),
(4136, 37, 1, 1, 27, 5),
(4137, 37, 1, 1, 28, 6),
(4139, 40, 1, 1, 26, 5),
(4140, 40, 1, 1, 27, 5),
(4141, 40, 1, 1, 28, 6),
(4143, 60, 1, 1, 26, 6),
(4144, 60, 1, 1, 27, 7),
(4145, 60, 1, 1, 28, 6),
(4147, 74, 1, 1, 26, 6),
(4148, 74, 1, 1, 27, 6),
(4149, 74, 1, 1, 28, 6),
(4151, 80, 1, 1, 26, 5),
(4152, 80, 1, 1, 27, 5),
(4153, 80, 1, 1, 28, 5),
(4155, 87, 1, 1, 26, 5),
(4156, 87, 1, 1, 27, 5),
(4157, 87, 1, 1, 28, 5),
(4159, 104, 1, 1, 26, 7),
(4160, 104, 1, 1, 27, 7),
(4161, 104, 1, 1, 28, 7),
(4163, 107, 1, 1, 26, 5),
(4164, 107, 1, 1, 27, 5),
(4165, 107, 1, 1, 28, 5),
(4166, 127, 1, 1, 26, 6),
(4167, 127, 1, 1, 27, 6),
(4168, 127, 1, 1, 28, 6),
(4170, 137, 1, 1, 26, 6),
(4171, 137, 1, 1, 27, 6),
(4172, 137, 1, 1, 28, 6),
(4174, 155, 1, 1, 26, 6),
(4175, 155, 1, 1, 27, 6),
(4176, 155, 1, 1, 28, 6),
(4178, 160, 1, 1, 27, 6),
(4179, 160, 1, 1, 26, 6),
(4180, 160, 1, 1, 28, 6),
(4182, 169, 1, 1, 26, 7),
(4183, 169, 1, 1, 27, 6),
(4184, 169, 1, 1, 28, 6),
(4186, 172, 1, 1, 26, 5),
(4187, 172, 1, 1, 27, 6),
(4189, 172, 1, 1, 28, 5),
(4190, 197, 1, 1, 26, 6),
(4191, 197, 1, 1, 27, 6),
(4192, 197, 1, 1, 28, 6),
(4194, 212, 1, 1, 26, 5),
(4195, 212, 1, 1, 27, 5),
(4196, 212, 1, 1, 28, 5),
(4198, 259, 1, 1, 26, 6),
(4199, 259, 1, 1, 27, 7),
(4200, 259, 1, 1, 28, 6),
(4202, 281, 1, 1, 26, 7),
(4203, 281, 1, 1, 27, 7),
(4204, 281, 1, 1, 28, 7),
(4206, 362, 1, 1, 26, 5),
(4207, 362, 1, 1, 27, 5),
(4208, 362, 1, 1, 28, 5),
(4210, 366, 1, 1, 26, 6),
(4211, 366, 1, 1, 27, 5),
(4212, 366, 1, 1, 28, 6),
(4214, 388, 1, 1, 26, 6),
(4215, 388, 1, 1, 27, 7),
(4216, 388, 1, 1, 28, 7),
(4218, 403, 1, 1, 27, 6),
(4219, 403, 1, 1, 28, 7),
(4221, 421, 1, 1, 26, 7),
(4222, 421, 1, 1, 27, 6),
(4223, 421, 1, 1, 28, 7),
(4225, 423, 1, 1, 27, 6),
(4226, 423, 1, 1, 28, 6),
(4228, 54, 1, 1, 26, 6),
(4229, 54, 1, 1, 27, 5),
(4230, 54, 1, 1, 28, 5),
(4232, 57, 1, 1, 26, 5),
(4233, 57, 1, 1, 27, 5),
(4234, 57, 1, 1, 28, 5),
(4236, 63, 1, 1, 26, 6),
(4237, 63, 1, 1, 27, 6),
(4238, 63, 1, 1, 28, 6),
(4240, 69, 1, 1, 26, 7),
(4241, 69, 1, 1, 27, 6),
(4242, 69, 1, 1, 28, 7),
(4244, 70, 1, 1, 26, 5),
(4245, 70, 1, 1, 27, 5),
(4246, 70, 1, 1, 28, 5),
(4248, 84, 1, 1, 26, 6),
(4249, 84, 1, 1, 27, 6),
(4250, 84, 1, 1, 28, 5),
(4252, 108, 1, 1, 26, 6),
(4253, 108, 1, 1, 27, 6),
(4254, 108, 1, 1, 28, 7),
(4256, 134, 1, 1, 26, 5),
(4257, 134, 1, 1, 27, 5),
(4258, 134, 1, 1, 28, 5),
(4260, 170, 1, 1, 26, 5),
(4261, 170, 1, 1, 27, 5),
(4262, 170, 1, 1, 28, 5),
(4264, 190, 1, 1, 26, 5),
(4265, 190, 1, 1, 27, 6),
(4266, 190, 1, 1, 28, 5),
(4268, 214, 1, 1, 26, 6),
(4269, 214, 1, 1, 27, 5),
(4270, 214, 1, 1, 28, 5),
(4272, 228, 1, 1, 26, 5),
(4273, 228, 1, 1, 27, 5),
(4274, 228, 1, 1, 28, 6),
(4276, 236, 1, 1, 26, 6),
(4277, 236, 1, 1, 27, 7),
(4278, 236, 1, 1, 28, 6),
(4280, 240, 1, 1, 26, 5),
(4281, 240, 1, 1, 27, 5),
(4282, 240, 1, 1, 28, 5),
(4284, 244, 1, 1, 26, 5),
(4285, 244, 1, 1, 27, 5),
(4286, 244, 1, 1, 28, 5),
(4288, 247, 1, 1, 26, 5),
(4289, 247, 1, 1, 27, 5),
(4290, 247, 1, 1, 28, 5),
(4292, 267, 1, 1, 26, 7),
(4293, 267, 1, 1, 27, 7),
(4294, 267, 1, 1, 28, 7),
(4296, 294, 1, 1, 26, 6),
(4297, 294, 1, 1, 27, 6),
(4298, 294, 1, 1, 28, 6),
(4300, 304, 1, 1, 26, 6),
(4301, 304, 1, 1, 27, 5),
(4302, 304, 1, 1, 28, 5),
(4304, 398, 1, 1, 26, 7),
(4305, 398, 1, 1, 27, 6),
(4306, 398, 1, 1, 28, 6),
(4308, 406, 1, 1, 26, 7),
(4309, 406, 1, 1, 27, 6),
(4310, 406, 1, 1, 28, 6),
(4312, 21, 1, 1, 26, 7),
(4313, 21, 1, 1, 27, 7),
(4314, 21, 1, 1, 28, 7),
(4315, 22, 1, 1, 26, 7),
(4316, 22, 1, 1, 27, 6),
(4317, 22, 1, 1, 28, 7),
(4319, 24, 1, 1, 26, 5),
(4320, 24, 1, 1, 27, 5),
(4321, 24, 1, 1, 28, 5),
(4323, 49, 1, 1, 26, 6),
(4324, 49, 1, 1, 27, 6),
(4325, 49, 1, 1, 28, 7),
(4327, 92, 1, 1, 28, 7),
(4328, 92, 1, 1, 27, 7),
(4329, 92, 1, 1, 26, 7),
(4331, 100, 1, 1, 26, 7),
(4332, 100, 1, 1, 27, 6),
(4333, 100, 1, 1, 28, 7),
(4335, 106, 1, 1, 26, 7),
(4336, 106, 1, 1, 27, 6),
(4337, 106, 1, 1, 28, 7),
(4339, 123, 1, 1, 26, 6),
(4340, 123, 1, 1, 27, 5),
(4341, 123, 1, 1, 28, 5),
(4343, 126, 1, 1, 26, 6),
(4344, 126, 1, 1, 27, 7),
(4345, 126, 1, 1, 28, 6),
(4347, 145, 1, 1, 26, 7),
(4348, 145, 1, 1, 27, 7),
(4349, 145, 1, 1, 28, 7),
(4351, 147, 1, 1, 26, 7),
(4352, 147, 1, 1, 27, 6),
(4353, 147, 1, 1, 28, 6),
(4355, 146, 1, 1, 26, 5),
(4356, 146, 1, 1, 27, 5),
(4357, 146, 1, 1, 28, 5),
(4359, 204, 1, 1, 26, 6),
(4360, 204, 1, 1, 27, 5),
(4361, 204, 1, 1, 28, 5),
(4363, 213, 1, 1, 26, 7),
(4364, 213, 1, 1, 27, 6),
(4365, 213, 1, 1, 28, 6),
(4367, 221, 1, 1, 26, 7),
(4368, 221, 1, 1, 27, 6),
(4369, 221, 1, 1, 28, 6),
(4371, 238, 1, 1, 26, 6),
(4372, 238, 1, 1, 28, 6),
(4374, 253, 1, 1, 26, 5),
(4375, 253, 1, 1, 27, 5),
(4376, 253, 1, 1, 28, 5),
(4379, 310, 1, 1, 27, 7),
(4380, 310, 1, 1, 28, 7),
(4382, 319, 1, 1, 26, 5),
(4383, 319, 1, 1, 27, 6),
(4384, 319, 1, 1, 28, 5),
(4386, 337, 1, 1, 27, 6),
(4387, 337, 1, 1, 26, 6),
(4388, 337, 1, 1, 28, 6),
(4390, 390, 1, 1, 27, 7),
(4391, 390, 1, 1, 26, 6),
(4392, 390, 1, 1, 28, 6),
(4394, 33, 1, 1, 26, 7),
(4395, 33, 1, 1, 27, 7),
(4396, 33, 1, 1, 28, 7),
(4398, 59, 1, 1, 26, 6),
(4399, 59, 1, 1, 27, 6),
(4400, 59, 1, 1, 28, 5),
(4402, 91, 1, 1, 26, 5),
(4403, 91, 1, 1, 27, 5),
(4404, 91, 1, 1, 28, 5),
(4406, 94, 1, 1, 26, 6),
(4407, 94, 1, 1, 27, 5),
(4408, 94, 1, 1, 28, 6),
(4410, 102, 1, 1, 26, 6),
(4411, 102, 1, 1, 27, 6),
(4412, 102, 1, 1, 28, 6),
(4414, 135, 1, 1, 26, 6),
(4415, 135, 1, 1, 28, 7),
(4416, 135, 1, 1, 27, 6),
(4418, 186, 1, 1, 26, 6),
(4419, 186, 1, 1, 27, 5),
(4420, 186, 1, 1, 28, 6),
(4422, 208, 1, 1, 26, 6),
(4423, 208, 1, 1, 27, 7),
(4424, 208, 1, 1, 28, 6),
(4426, 257, 1, 1, 26, 7),
(4427, 257, 1, 1, 27, 6),
(4428, 257, 1, 1, 28, 6),
(4430, 268, 1, 1, 26, 5),
(4431, 268, 1, 1, 27, 6),
(4432, 268, 1, 1, 28, 5),
(4434, 269, 1, 1, 26, 6),
(4435, 269, 1, 1, 27, 6),
(4436, 269, 1, 1, 28, 6),
(4438, 277, 1, 1, 26, 5),
(4439, 277, 1, 1, 27, 5),
(4440, 277, 1, 1, 28, 5),
(4442, 299, 1, 1, 26, 7),
(4443, 299, 1, 1, 27, 6),
(4444, 299, 1, 1, 28, 7),
(4446, 314, 1, 1, 26, 7),
(4447, 314, 1, 1, 27, 7),
(4448, 314, 1, 1, 28, 7),
(4450, 315, 1, 1, 26, 5),
(4451, 315, 1, 1, 27, 5),
(4452, 315, 1, 1, 28, 5),
(4454, 328, 1, 1, 26, 5),
(4455, 328, 1, 1, 27, 5),
(4456, 328, 1, 1, 28, 5),
(4458, 342, 1, 1, 26, 6),
(4459, 342, 1, 1, 27, 6),
(4460, 342, 1, 1, 28, 6),
(4462, 356, 1, 1, 26, 6),
(4463, 356, 1, 1, 27, 6),
(4464, 356, 1, 1, 28, 7),
(4466, 360, 1, 1, 26, 7),
(4467, 360, 1, 1, 27, 7),
(4468, 360, 1, 1, 28, 7),
(4470, 367, 1, 1, 26, 5),
(4471, 367, 1, 1, 27, 5),
(4472, 367, 1, 1, 28, 5),
(4474, 394, 1, 1, 26, 6),
(4475, 394, 1, 1, 27, 6),
(4476, 394, 1, 1, 28, 6),
(4478, 397, 1, 1, 26, 7),
(4479, 397, 1, 1, 27, 6),
(4480, 397, 1, 1, 28, 7),
(4482, 407, 1, 1, 26, 5),
(4483, 407, 1, 1, 27, 5),
(4484, 407, 1, 1, 28, 5),
(4486, 409, 1, 1, 26, 7),
(4487, 409, 1, 1, 27, 6),
(4488, 409, 1, 1, 28, 6),
(4490, 411, 1, 1, 26, 6),
(4491, 411, 1, 1, 27, 6),
(4492, 411, 1, 1, 28, 6),
(4494, 20, 1, 1, 26, 8),
(4495, 20, 1, 1, 27, 7),
(4496, 20, 1, 1, 28, 7),
(4498, 31, 1, 1, 26, 6),
(4499, 31, 1, 1, 27, 5),
(4500, 31, 1, 1, 28, 6),
(4502, 51, 1, 1, 26, 6),
(4503, 51, 1, 1, 27, 5),
(4504, 51, 1, 1, 28, 6),
(4506, 83, 1, 1, 26, 5),
(4507, 83, 1, 1, 27, 5),
(4508, 83, 1, 1, 28, 5),
(4510, 88, 1, 1, 26, 6),
(4511, 88, 1, 1, 27, 6),
(4512, 88, 1, 1, 28, 7),
(4514, 103, 1, 1, 26, 6),
(4515, 103, 1, 1, 27, 6),
(4516, 103, 1, 1, 28, 6),
(4518, 114, 1, 1, 26, 8),
(4519, 114, 1, 1, 27, 7),
(4520, 114, 1, 1, 28, 7),
(4522, 139, 1, 1, 26, 7),
(4523, 139, 1, 1, 28, 6),
(4525, 183, 1, 1, 26, 5),
(4526, 183, 1, 1, 27, 5),
(4527, 183, 1, 1, 28, 5),
(4529, 184, 1, 1, 26, 5),
(4530, 184, 1, 1, 27, 5),
(4531, 184, 1, 1, 28, 5),
(4533, 185, 1, 1, 26, 5),
(4534, 185, 1, 1, 27, 5),
(4535, 185, 1, 1, 28, 5),
(4537, 235, 1, 1, 26, 6),
(4538, 235, 1, 1, 27, 6),
(4539, 235, 1, 1, 28, 6),
(4541, 248, 1, 1, 26, 8),
(4542, 248, 1, 1, 27, 7),
(4543, 248, 1, 1, 28, 7),
(4545, 258, 1, 1, 26, 6),
(4546, 258, 1, 1, 27, 5),
(4547, 258, 1, 1, 28, 5),
(4549, 272, 1, 1, 26, 7),
(4550, 272, 1, 1, 27, 6),
(4551, 272, 1, 1, 28, 6),
(4553, 273, 1, 1, 26, 6),
(4554, 273, 1, 1, 27, 6),
(4555, 273, 1, 1, 28, 6),
(4557, 296, 1, 1, 26, 5),
(4558, 296, 1, 1, 27, 5),
(4559, 296, 1, 1, 28, 5),
(4561, 309, 1, 1, 26, 5),
(4562, 309, 1, 1, 27, 5),
(4563, 309, 1, 1, 28, 5),
(4565, 339, 1, 1, 26, 7),
(4566, 339, 1, 1, 27, 6),
(4567, 339, 1, 1, 28, 6),
(4569, 358, 1, 1, 26, 7),
(4570, 358, 1, 1, 27, 7),
(4571, 358, 1, 1, 28, 7),
(4573, 377, 1, 1, 26, 8),
(4574, 377, 1, 1, 27, 7),
(4575, 377, 1, 1, 28, 7),
(4577, 387, 1, 1, 26, 6),
(4578, 387, 1, 1, 27, 6),
(4579, 387, 1, 1, 28, 6),
(4581, 106, 1, 1, 1, 8),
(4582, 106, 1, 1, 2, 9),
(4583, 106, 1, 1, 3, 9),
(4584, 106, 1, 1, 4, 9),
(4585, 106, 1, 1, 5, 8),
(4587, 106, 1, 1, 6, 7),
(4588, 106, 1, 1, 7, 8),
(4589, 106, 1, 1, 9, 9),
(4590, 106, 1, 1, 10, 9),
(4591, 106, 1, 1, 11, 8),
(4593, 106, 1, 1, 18, 9),
(4594, 106, 1, 1, 19, 8),
(4595, 106, 1, 1, 20, 9),
(4596, 106, 1, 1, 21, 8),
(4598, 106, 1, 1, 22, 8),
(4599, 106, 1, 1, 23, 8),
(4600, 106, 1, 1, 24, 7),
(4601, 106, 1, 1, 25, 8),
(4603, 106, 1, 1, 76, 7),
(4604, 106, 1, 1, 77, 7),
(4606, 106, 1, 1, 75, 8),
(4607, 106, 1, 1, 33, 8),
(4608, 106, 1, 1, 34, 8),
(4609, 106, 1, 1, 35, 8),
(4611, 106, 1, 1, 72, 7),
(4613, 106, 1, 1, 73, 9),
(4616, 106, 1, 1, 74, 9),
(4617, 145, 1, 1, 1, 9),
(4618, 145, 1, 1, 2, 9),
(4619, 145, 1, 1, 3, 9),
(4620, 145, 1, 1, 4, 9),
(4621, 145, 1, 1, 5, 9),
(4623, 145, 1, 1, 6, 9),
(4624, 145, 1, 1, 7, 9),
(4625, 145, 1, 1, 9, 9),
(4626, 145, 1, 1, 10, 9),
(4627, 145, 1, 1, 11, 9),
(4629, 145, 1, 1, 18, 8),
(4630, 145, 1, 1, 19, 9),
(4631, 145, 1, 1, 20, 8),
(4632, 145, 1, 1, 21, 9),
(4634, 145, 1, 1, 22, 9),
(4635, 145, 1, 1, 23, 7),
(4636, 145, 1, 1, 24, 7),
(4637, 145, 1, 1, 25, 8),
(4639, 145, 1, 1, 75, 8),
(4640, 145, 1, 1, 76, 8),
(4641, 145, 1, 1, 77, 8),
(4643, 145, 1, 1, 33, 8),
(4644, 145, 1, 1, 34, 9),
(4645, 145, 1, 1, 35, 8),
(4647, 145, 1, 1, 72, 8),
(4649, 145, 1, 1, 73, 9),
(4651, 145, 1, 1, 74, 9),
(4653, 310, 1, 1, 1, 8),
(4654, 310, 1, 1, 2, 8),
(4655, 310, 1, 1, 3, 8),
(4656, 310, 1, 1, 4, 9),
(4657, 310, 1, 1, 5, 9),
(4659, 310, 1, 1, 6, 8),
(4660, 310, 1, 1, 7, 8),
(4661, 310, 1, 1, 9, 9),
(4662, 310, 1, 1, 10, 9),
(4663, 310, 1, 1, 11, 8),
(4665, 310, 1, 1, 18, 9),
(4666, 310, 1, 1, 19, 9),
(4667, 310, 1, 1, 20, 9),
(4668, 310, 1, 1, 21, 9),
(4670, 310, 1, 1, 22, 8),
(4671, 310, 1, 1, 23, 9),
(4672, 310, 1, 1, 24, 7),
(4673, 310, 1, 1, 25, 8),
(4675, 310, 1, 1, 33, 9),
(4676, 310, 1, 1, 34, 9),
(4677, 310, 1, 1, 35, 9),
(4679, 310, 1, 1, 72, 8),
(4681, 310, 1, 1, 73, 9),
(4683, 310, 1, 1, 74, 9),
(4685, 33, 1, 1, 12, 9),
(4686, 33, 1, 1, 14, 8),
(4687, 33, 1, 1, 15, 9),
(4688, 33, 1, 1, 17, 8),
(4690, 59, 1, 1, 12, 6),
(4691, 59, 1, 1, 14, 6),
(4692, 59, 1, 1, 15, 7),
(4693, 59, 1, 1, 17, 6),
(4695, 91, 1, 1, 12, 5),
(4696, 91, 1, 1, 14, 5),
(4697, 91, 1, 1, 15, 6),
(4698, 91, 1, 1, 17, 5),
(4700, 94, 1, 1, 12, 6),
(4701, 94, 1, 1, 14, 6),
(4702, 94, 1, 1, 15, 6),
(4703, 94, 1, 1, 17, 6),
(4705, 102, 1, 1, 12, 7),
(4706, 102, 1, 1, 14, 7),
(4707, 102, 1, 1, 15, 8),
(4708, 102, 1, 1, 17, 7),
(4710, 135, 1, 1, 12, 6),
(4711, 135, 1, 1, 14, 6),
(4712, 135, 1, 1, 15, 6),
(4713, 135, 1, 1, 17, 6),
(4715, 186, 1, 1, 12, 6),
(4716, 186, 1, 1, 14, 6),
(4717, 186, 1, 1, 15, 7),
(4718, 186, 1, 1, 17, 6),
(4720, 208, 1, 1, 12, 5),
(4721, 208, 1, 1, 14, 5),
(4722, 208, 1, 1, 15, 6),
(4723, 208, 1, 1, 17, 5),
(4725, 257, 1, 1, 12, 7),
(4726, 257, 1, 1, 14, 6),
(4727, 257, 1, 1, 15, 7),
(4728, 257, 1, 1, 17, 6),
(4730, 268, 1, 1, 12, 6),
(4731, 268, 1, 1, 14, 6),
(4732, 268, 1, 1, 15, 7),
(4733, 268, 1, 1, 17, 6),
(4735, 269, 1, 1, 12, 7),
(4736, 269, 1, 1, 14, 6),
(4737, 269, 1, 1, 15, 6),
(4738, 269, 1, 1, 17, 6),
(4740, 277, 1, 1, 12, 6),
(4741, 277, 1, 1, 14, 6),
(4742, 277, 1, 1, 15, 6),
(4743, 277, 1, 1, 17, 6),
(4745, 299, 1, 1, 12, 6),
(4746, 299, 1, 1, 14, 6),
(4747, 299, 1, 1, 15, 7),
(4748, 299, 1, 1, 17, 6),
(4750, 314, 1, 1, 12, 8),
(4751, 314, 1, 1, 14, 8),
(4752, 314, 1, 1, 15, 9),
(4753, 314, 1, 1, 17, 9),
(4755, 315, 1, 1, 12, 6),
(4756, 315, 1, 1, 14, 6),
(4757, 315, 1, 1, 15, 6),
(4758, 315, 1, 1, 17, 6),
(4760, 328, 1, 1, 12, 5),
(4761, 328, 1, 1, 14, 5),
(4762, 328, 1, 1, 15, 6),
(4763, 328, 1, 1, 17, 5),
(4765, 342, 1, 1, 12, 8),
(4766, 342, 1, 1, 14, 8),
(4767, 342, 1, 1, 15, 9),
(4768, 342, 1, 1, 17, 9),
(4770, 356, 1, 1, 12, 8),
(4771, 356, 1, 1, 14, 9),
(4772, 356, 1, 1, 15, 9),
(4773, 356, 1, 1, 17, 9),
(4775, 360, 1, 1, 12, 8),
(4776, 360, 1, 1, 14, 9),
(4777, 360, 1, 1, 15, 9),
(4778, 360, 1, 1, 17, 9),
(4780, 367, 1, 1, 12, 6),
(4781, 367, 1, 1, 14, 6),
(4782, 367, 1, 1, 15, 6),
(4783, 367, 1, 1, 17, 6),
(4785, 394, 1, 1, 12, 7),
(4786, 394, 1, 1, 14, 7),
(4787, 394, 1, 1, 15, 8),
(4788, 394, 1, 1, 17, 7),
(4790, 397, 1, 1, 12, 7),
(4791, 397, 1, 1, 14, 7),
(4792, 397, 1, 1, 15, 8),
(4793, 397, 1, 1, 17, 7),
(4795, 407, 1, 1, 12, 6),
(4796, 407, 1, 1, 14, 6),
(4797, 407, 1, 1, 15, 7),
(4798, 407, 1, 1, 17, 6),
(4800, 409, 1, 1, 12, 8),
(4801, 409, 1, 1, 14, 8),
(4802, 409, 1, 1, 15, 9),
(4803, 409, 1, 1, 17, 9),
(4805, 411, 1, 1, 12, 8),
(4806, 411, 1, 1, 14, 8),
(4807, 411, 1, 1, 15, 9),
(4808, 411, 1, 1, 17, 9),
(4810, 20, 1, 1, 12, 7),
(4811, 20, 1, 1, 14, 7),
(4812, 20, 1, 1, 15, 8),
(4813, 20, 1, 1, 17, 7),
(4815, 31, 1, 1, 12, 6),
(4816, 31, 1, 1, 14, 6),
(4817, 31, 1, 1, 15, 7),
(4818, 31, 1, 1, 17, 6),
(4820, 51, 1, 1, 12, 6),
(4821, 51, 1, 1, 14, 6),
(4822, 51, 1, 1, 15, 7),
(4823, 51, 1, 1, 17, 7),
(4825, 83, 1, 1, 12, 5),
(4826, 83, 1, 1, 14, 5),
(4827, 83, 1, 1, 15, 6),
(4828, 83, 1, 1, 17, 5),
(4830, 88, 1, 1, 12, 8),
(4831, 88, 1, 1, 14, 8),
(4832, 88, 1, 1, 15, 9),
(4833, 88, 1, 1, 17, 9),
(4835, 103, 1, 1, 12, 7),
(4836, 103, 1, 1, 14, 8),
(4837, 103, 1, 1, 15, 8),
(4838, 103, 1, 1, 17, 7),
(4840, 114, 1, 1, 12, 8),
(4841, 114, 1, 1, 14, 9),
(4842, 114, 1, 1, 15, 9),
(4843, 114, 1, 1, 17, 9),
(4845, 139, 1, 1, 12, 6),
(4846, 139, 1, 1, 14, 6),
(4847, 139, 1, 1, 15, 7),
(4848, 139, 1, 1, 17, 6),
(4850, 183, 1, 1, 12, 6),
(4851, 183, 1, 1, 14, 6),
(4852, 183, 1, 1, 15, 7),
(4853, 183, 1, 1, 17, 6),
(4855, 184, 1, 1, 12, 7),
(4856, 184, 1, 1, 14, 6),
(4857, 184, 1, 1, 15, 7),
(4858, 184, 1, 1, 17, 7),
(4860, 185, 1, 1, 12, 6),
(4861, 185, 1, 1, 14, 5),
(4862, 185, 1, 1, 15, 6),
(4863, 185, 1, 1, 17, 5),
(4865, 235, 1, 1, 12, 8),
(4866, 235, 1, 1, 14, 9),
(4867, 235, 1, 1, 15, 9),
(4868, 235, 1, 1, 17, 8),
(4870, 248, 1, 1, 12, 8),
(4871, 248, 1, 1, 14, 7),
(4872, 248, 1, 1, 15, 7),
(4873, 248, 1, 1, 17, 8),
(4875, 258, 1, 1, 12, 6),
(4876, 258, 1, 1, 14, 6),
(4877, 258, 1, 1, 15, 7),
(4878, 258, 1, 1, 17, 6),
(4880, 272, 1, 1, 12, 6),
(4881, 272, 1, 1, 15, 6),
(4882, 272, 1, 1, 17, 6),
(4884, 272, 1, 1, 14, 6),
(4885, 273, 1, 1, 12, 7),
(4886, 273, 1, 1, 14, 7),
(4887, 273, 1, 1, 15, 8),
(4888, 273, 1, 1, 17, 7),
(4890, 296, 1, 1, 12, 7),
(4891, 296, 1, 1, 14, 7),
(4892, 296, 1, 1, 15, 8),
(4893, 296, 1, 1, 17, 7),
(4895, 309, 1, 1, 12, 6),
(4896, 309, 1, 1, 14, 5),
(4897, 309, 1, 1, 15, 6),
(4898, 309, 1, 1, 17, 6),
(4900, 339, 1, 1, 12, 6),
(4901, 339, 1, 1, 14, 6),
(4902, 339, 1, 1, 15, 7),
(4903, 339, 1, 1, 17, 6),
(4905, 358, 1, 1, 12, 7),
(4906, 358, 1, 1, 14, 7),
(4907, 358, 1, 1, 15, 8),
(4908, 358, 1, 1, 17, 7),
(4910, 377, 1, 1, 12, 6),
(4911, 377, 1, 1, 14, 6),
(4912, 377, 1, 1, 15, 7),
(4913, 377, 1, 1, 17, 7),
(4915, 387, 1, 1, 12, 7),
(4916, 387, 1, 1, 14, 8),
(4917, 387, 1, 1, 15, 9),
(4918, 387, 1, 1, 17, 9),
(4920, 34, 1, 1, 75, 7),
(4921, 34, 1, 1, 76, 7),
(4922, 34, 1, 1, 77, 6),
(4924, 48, 1, 1, 75, 7),
(4925, 48, 1, 1, 76, 7),
(4926, 48, 1, 1, 77, 7),
(4928, 62, 1, 1, 75, 7),
(4929, 62, 1, 1, 76, 7),
(4930, 62, 1, 1, 77, 7),
(4932, 82, 1, 1, 75, 7),
(4933, 82, 1, 1, 76, 7),
(4934, 82, 1, 1, 77, 7),
(4936, 140, 1, 1, 75, 6),
(4937, 140, 1, 1, 76, 7),
(4938, 140, 1, 1, 77, 6),
(4940, 198, 1, 1, 75, 6),
(4941, 198, 1, 1, 76, 6),
(4942, 198, 1, 1, 77, 5),
(4944, 205, 1, 1, 75, 6),
(4945, 205, 1, 1, 76, 6),
(4946, 205, 1, 1, 77, 6),
(4948, 227, 1, 1, 75, 7),
(4949, 227, 1, 1, 76, 8),
(4950, 227, 1, 1, 77, 7),
(4952, 256, 1, 1, 75, 7),
(4953, 256, 1, 1, 76, 8),
(4954, 256, 1, 1, 77, 7),
(4956, 305, 1, 1, 75, 7),
(4957, 305, 1, 1, 76, 7),
(4958, 305, 1, 1, 77, 7),
(4960, 313, 1, 1, 75, 5),
(4961, 313, 1, 1, 76, 6),
(4962, 313, 1, 1, 77, 6),
(4964, 317, 1, 1, 75, 5),
(4965, 317, 1, 1, 76, 6),
(4966, 317, 1, 1, 77, 5),
(4968, 332, 1, 1, 75, 5),
(4969, 332, 1, 1, 76, 6),
(4970, 332, 1, 1, 77, 5),
(4972, 341, 1, 1, 75, 7),
(4973, 341, 1, 1, 76, 8),
(4974, 341, 1, 1, 77, 7),
(4976, 344, 1, 1, 75, 5),
(4977, 344, 1, 1, 76, 5),
(4978, 344, 1, 1, 77, 6),
(4980, 399, 1, 1, 75, 7),
(4981, 399, 1, 1, 76, 7),
(4982, 399, 1, 1, 77, 7),
(4984, 404, 1, 1, 75, 7),
(4985, 404, 1, 1, 76, 7),
(4986, 404, 1, 1, 77, 7),
(4990, 48, 1, 1, 72, 5),
(4991, 34, 1, 1, 72, 6),
(4993, 62, 1, 1, 72, 5),
(4995, 82, 1, 1, 72, 5),
(4997, 140, 1, 1, 72, 6),
(4999, 198, 1, 1, 72, 6),
(5001, 205, 1, 1, 72, 5),
(5003, 227, 1, 1, 72, 6),
(5005, 256, 1, 1, 72, 5),
(5007, 305, 1, 1, 72, 6),
(5009, 313, 1, 1, 72, 6),
(5011, 317, 1, 1, 72, 5),
(5013, 332, 1, 1, 72, 5),
(5015, 341, 1, 1, 72, 6),
(5017, 344, 1, 1, 72, 5),
(5019, 399, 1, 1, 72, 5),
(5021, 404, 1, 1, 72, 5),
(5027, 23, 1, 1, 6, 5),
(5028, 23, 1, 1, 8, 5),
(5029, 23, 1, 1, 11, 5),
(5031, 42, 1, 1, 6, 5),
(5032, 42, 1, 1, 8, 6),
(5033, 42, 1, 1, 10, 5),
(5035, 55, 1, 1, 6, 6),
(5036, 55, 1, 1, 8, 6),
(5037, 55, 1, 1, 11, 7),
(5039, 58, 1, 1, 6, 7),
(5040, 58, 1, 1, 8, 9),
(5042, 58, 1, 1, 11, 6),
(5044, 71, 1, 1, 6, 6),
(5045, 71, 1, 1, 8, 5),
(5046, 71, 1, 1, 11, 5),
(5048, 97, 1, 1, 6, 8),
(5049, 97, 1, 1, 8, 7),
(5050, 97, 1, 1, 11, 8),
(5052, 120, 1, 1, 6, 8),
(5053, 120, 1, 1, 8, 7),
(5054, 120, 1, 1, 11, 6),
(5056, 150, 1, 1, 6, 8),
(5057, 150, 1, 1, 8, 9),
(5058, 150, 1, 1, 11, 6),
(5060, 156, 1, 1, 6, 7),
(5061, 156, 1, 1, 8, 9),
(5062, 156, 1, 1, 10, 8),
(5064, 175, 1, 1, 6, 7),
(5065, 175, 1, 1, 8, 6),
(5066, 175, 1, 1, 11, 7),
(5068, 179, 1, 1, 6, 6),
(5069, 179, 1, 1, 8, 6),
(5070, 179, 1, 1, 11, 6),
(5072, 187, 1, 1, 6, 6),
(5073, 187, 1, 1, 8, 7),
(5074, 187, 1, 1, 11, 7),
(5076, 216, 1, 1, 6, 7),
(5077, 216, 1, 1, 8, 7),
(5078, 216, 1, 1, 11, 6),
(5080, 232, 1, 1, 6, 6),
(5081, 232, 1, 1, 8, 6),
(5082, 232, 1, 1, 11, 6),
(5084, 318, 1, 1, 6, 5),
(5085, 318, 1, 1, 8, 5),
(5086, 318, 1, 1, 11, 7),
(5088, 322, 1, 1, 6, 6),
(5089, 322, 1, 1, 8, 6),
(5090, 322, 1, 1, 11, 6),
(5092, 347, 1, 1, 6, 6),
(5093, 347, 1, 1, 8, 8),
(5094, 347, 1, 1, 11, 7),
(5096, 351, 1, 1, 6, 6),
(5097, 351, 1, 1, 8, 6),
(5098, 351, 1, 1, 11, 7),
(5100, 354, 1, 1, 6, 6),
(5101, 354, 1, 1, 8, 6),
(5102, 354, 1, 1, 11, 5),
(5104, 420, 1, 1, 6, 6),
(5105, 420, 1, 1, 8, 6),
(5106, 420, 1, 1, 11, 8),
(5108, 34, 1, 1, 6, 6),
(5109, 34, 1, 1, 8, 6),
(5110, 34, 1, 1, 11, 8),
(5112, 48, 1, 1, 6, 6),
(5113, 48, 1, 1, 8, 8),
(5114, 48, 1, 1, 11, 8),
(5116, 62, 1, 1, 6, 6),
(5117, 62, 1, 1, 8, 6),
(5118, 62, 1, 1, 11, 8),
(5120, 82, 1, 1, 6, 6),
(5121, 82, 1, 1, 8, 6),
(5122, 82, 1, 1, 11, 8),
(5124, 140, 1, 1, 6, 7),
(5125, 140, 1, 1, 8, 7),
(5126, 140, 1, 1, 11, 8),
(5128, 198, 1, 1, 6, 7),
(5129, 198, 1, 1, 8, 7),
(5130, 198, 1, 1, 11, 8),
(5132, 205, 1, 1, 6, 5),
(5133, 205, 1, 1, 8, 6),
(5134, 205, 1, 1, 11, 5),
(5136, 227, 1, 1, 6, 8),
(5137, 227, 1, 1, 8, 7),
(5138, 227, 1, 1, 11, 8),
(5140, 256, 1, 1, 6, 5),
(5141, 256, 1, 1, 8, 7),
(5142, 256, 1, 1, 11, 5),
(5144, 305, 1, 1, 6, 5),
(5145, 305, 1, 1, 8, 5),
(5146, 305, 1, 1, 11, 7),
(5148, 313, 1, 1, 6, 5),
(5149, 313, 1, 1, 8, 5),
(5150, 313, 1, 1, 11, 5),
(5152, 317, 1, 1, 6, 6),
(5153, 317, 1, 1, 8, 6),
(5154, 317, 1, 1, 11, 6),
(5156, 332, 1, 1, 6, 5),
(5157, 332, 1, 1, 8, 6),
(5158, 332, 1, 1, 11, 5),
(5160, 341, 1, 1, 6, 8),
(5161, 341, 1, 1, 8, 9),
(5162, 341, 1, 1, 10, 9),
(5164, 344, 1, 1, 6, 7),
(5165, 344, 1, 1, 8, 6),
(5166, 344, 1, 1, 11, 9),
(5168, 399, 1, 1, 6, 7),
(5169, 399, 1, 1, 8, 5),
(5170, 399, 1, 1, 11, 6),
(5172, 404, 1, 1, 6, 6),
(5173, 404, 1, 1, 8, 6),
(5174, 404, 1, 1, 11, 8),
(5176, 34, 1, 1, 1, 6),
(5177, 34, 1, 1, 2, 6),
(5178, 34, 1, 1, 3, 7),
(5179, 34, 1, 1, 4, 9),
(5180, 34, 1, 1, 5, 6),
(5182, 48, 1, 1, 1, 5),
(5183, 48, 1, 1, 2, 7),
(5184, 48, 1, 1, 3, 6),
(5185, 48, 1, 1, 4, 6),
(5186, 48, 1, 1, 5, 6),
(5188, 62, 1, 1, 1, 6),
(5189, 62, 1, 1, 2, 6),
(5190, 62, 1, 1, 3, 5),
(5191, 62, 1, 1, 4, 5),
(5192, 62, 1, 1, 5, 6),
(5194, 82, 1, 1, 1, 6),
(5195, 82, 1, 1, 2, 7),
(5196, 82, 1, 1, 3, 6),
(5197, 82, 1, 1, 4, 6),
(5198, 82, 1, 1, 5, 6),
(5200, 140, 1, 1, 1, 7),
(5201, 140, 1, 1, 2, 8),
(5202, 140, 1, 1, 3, 6),
(5203, 140, 1, 1, 4, 7),
(5204, 140, 1, 1, 5, 6),
(5206, 198, 1, 1, 1, 8),
(5207, 198, 1, 1, 2, 9),
(5208, 198, 1, 1, 3, 9),
(5209, 198, 1, 1, 4, 8),
(5210, 198, 1, 1, 5, 8),
(5212, 205, 1, 1, 1, 5),
(5213, 205, 1, 1, 2, 5),
(5214, 205, 1, 1, 3, 5),
(5215, 205, 1, 1, 4, 5),
(5216, 205, 1, 1, 5, 5),
(5218, 227, 1, 1, 1, 7),
(5219, 227, 1, 1, 2, 9),
(5220, 227, 1, 1, 3, 7),
(5221, 227, 1, 1, 4, 7),
(5222, 227, 1, 1, 5, 7),
(5224, 256, 1, 1, 1, 5),
(5225, 256, 1, 1, 2, 7),
(5226, 256, 1, 1, 3, 6),
(5227, 256, 1, 1, 4, 6),
(5228, 256, 1, 1, 5, 6),
(5230, 305, 1, 1, 1, 6),
(5231, 305, 1, 1, 2, 6),
(5232, 305, 1, 1, 3, 6),
(5233, 305, 1, 1, 4, 7),
(5234, 305, 1, 1, 5, 6),
(5236, 313, 1, 1, 1, 5),
(5237, 313, 1, 1, 2, 7),
(5238, 313, 1, 1, 3, 6),
(5239, 313, 1, 1, 5, 6),
(5241, 317, 1, 1, 1, 6),
(5242, 317, 1, 1, 2, 6),
(5243, 317, 1, 1, 3, 6),
(5244, 317, 1, 1, 4, 8),
(5245, 317, 1, 1, 5, 7),
(5247, 332, 1, 1, 1, 6),
(5248, 332, 1, 1, 2, 7),
(5249, 332, 1, 1, 3, 6),
(5250, 332, 1, 1, 4, 5),
(5251, 332, 1, 1, 5, 5),
(5253, 341, 1, 1, 1, 8),
(5254, 341, 1, 1, 2, 9),
(5255, 341, 1, 1, 3, 8),
(5256, 341, 1, 1, 4, 8),
(5258, 341, 1, 1, 5, 8),
(5259, 344, 1, 1, 1, 7),
(5260, 344, 1, 1, 2, 5),
(5261, 344, 1, 1, 3, 6),
(5262, 344, 1, 1, 4, 5),
(5263, 344, 1, 1, 5, 5),
(5265, 399, 1, 1, 1, 6),
(5266, 399, 1, 1, 2, 7),
(5267, 399, 1, 1, 3, 7),
(5268, 399, 1, 1, 4, 7),
(5269, 399, 1, 1, 5, 5),
(5271, 404, 1, 1, 1, 6),
(5272, 404, 1, 1, 2, 7),
(5273, 404, 1, 1, 3, 6),
(5274, 404, 1, 1, 4, 7),
(5275, 404, 1, 1, 5, 6),
(5277, 34, 1, 1, 18, 9),
(5278, 34, 1, 1, 19, 9),
(5279, 34, 1, 1, 20, 7),
(5280, 34, 1, 1, 21, 7),
(5282, 48, 1, 1, 18, 6),
(5283, 48, 1, 1, 19, 5),
(5284, 48, 1, 1, 20, 6),
(5285, 48, 1, 1, 21, 5),
(5287, 62, 1, 1, 18, 6),
(5288, 62, 1, 1, 19, 8),
(5289, 62, 1, 1, 20, 6),
(5290, 62, 1, 1, 21, 6),
(5292, 82, 1, 1, 18, 7),
(5293, 82, 1, 1, 19, 5),
(5294, 82, 1, 1, 20, 6),
(5295, 82, 1, 1, 21, 5),
(5297, 140, 1, 1, 18, 8),
(5298, 140, 1, 1, 19, 5),
(5299, 140, 1, 1, 20, 6),
(5300, 140, 1, 1, 21, 5),
(5302, 198, 1, 1, 18, 8),
(5303, 198, 1, 1, 19, 8),
(5304, 198, 1, 1, 20, 6),
(5305, 198, 1, 1, 21, 6),
(5307, 205, 1, 1, 18, 6),
(5308, 205, 1, 1, 19, 5),
(5309, 205, 1, 1, 20, 6),
(5310, 205, 1, 1, 21, 5),
(5312, 227, 1, 1, 18, 8),
(5313, 227, 1, 1, 19, 9),
(5314, 227, 1, 1, 20, 6),
(5315, 227, 1, 1, 21, 6),
(5317, 256, 1, 1, 18, 6),
(5318, 256, 1, 1, 19, 5),
(5319, 256, 1, 1, 20, 5),
(5320, 256, 1, 1, 21, 5),
(5322, 18, 1, 1, 12, 6),
(5323, 305, 1, 1, 18, 5),
(5324, 18, 1, 1, 14, 5),
(5325, 18, 1, 1, 15, 8),
(5326, 305, 1, 1, 19, 6),
(5327, 305, 1, 1, 20, 6),
(5328, 18, 1, 1, 17, 6),
(5330, 305, 1, 1, 21, 5),
(5332, 41, 1, 1, 12, 6),
(5333, 41, 1, 1, 14, 5),
(5334, 313, 1, 1, 18, 6),
(5335, 41, 1, 1, 15, 6),
(5336, 41, 1, 1, 17, 5),
(5338, 313, 1, 1, 19, 9),
(5339, 313, 1, 1, 20, 5),
(5340, 313, 1, 1, 21, 6),
(5342, 68, 1, 1, 12, 6),
(5343, 68, 1, 1, 14, 6),
(5344, 68, 1, 1, 15, 8),
(5345, 317, 1, 1, 18, 5),
(5346, 317, 1, 1, 19, 6),
(5347, 317, 1, 1, 20, 7),
(5348, 68, 1, 1, 17, 7),
(5349, 317, 1, 1, 21, 5),
(5352, 124, 1, 1, 12, 6),
(5353, 332, 1, 1, 18, 5),
(5354, 124, 1, 1, 14, 5),
(5355, 332, 1, 1, 19, 7),
(5356, 124, 1, 1, 15, 7),
(5357, 124, 1, 1, 17, 6),
(5358, 332, 1, 1, 20, 5),
(5360, 332, 1, 1, 21, 5),
(5362, 131, 1, 1, 12, 5),
(5363, 131, 1, 1, 14, 5),
(5364, 341, 1, 1, 18, 9),
(5365, 131, 1, 1, 15, 6),
(5366, 131, 1, 1, 17, 6),
(5368, 341, 1, 1, 19, 8),
(5369, 341, 1, 1, 20, 7),
(5370, 132, 1, 1, 12, 5),
(5371, 132, 1, 1, 14, 5),
(5372, 341, 1, 1, 21, 6),
(5373, 132, 1, 1, 15, 5),
(5374, 132, 1, 1, 17, 5),
(5377, 344, 1, 1, 18, 8),
(5378, 144, 1, 1, 12, 6),
(5379, 344, 1, 1, 19, 5),
(5380, 144, 1, 1, 14, 6),
(5381, 344, 1, 1, 20, 6),
(5382, 344, 1, 1, 21, 5),
(5383, 144, 1, 1, 15, 6),
(5384, 144, 1, 1, 17, 7),
(5387, 182, 1, 1, 12, 5),
(5388, 399, 1, 1, 18, 5),
(5389, 182, 1, 1, 14, 5),
(5390, 182, 1, 1, 15, 5),
(5391, 182, 1, 1, 17, 5),
(5392, 399, 1, 1, 19, 9),
(5394, 399, 1, 1, 20, 6),
(5395, 399, 1, 1, 21, 5),
(5396, 191, 1, 1, 12, 5),
(5397, 191, 1, 1, 14, 5),
(5399, 191, 1, 1, 15, 5),
(5400, 191, 1, 1, 17, 5),
(5402, 192, 1, 1, 12, 5),
(5403, 192, 1, 1, 14, 5),
(5404, 192, 1, 1, 15, 5),
(5405, 192, 1, 1, 17, 5),
(5407, 404, 1, 1, 18, 5),
(5408, 404, 1, 1, 19, 5),
(5409, 220, 1, 1, 12, 7),
(5410, 404, 1, 1, 20, 8),
(5411, 220, 1, 1, 14, 7),
(5412, 220, 1, 1, 15, 9),
(5413, 220, 1, 1, 17, 7),
(5414, 404, 1, 1, 21, 5),
(5416, 237, 1, 1, 12, 6),
(5417, 237, 1, 1, 14, 5),
(5418, 237, 1, 1, 15, 7),
(5420, 237, 1, 1, 17, 5),
(5422, 250, 1, 1, 12, 5),
(5423, 250, 1, 1, 14, 5),
(5424, 250, 1, 1, 15, 6),
(5425, 250, 1, 1, 17, 5),
(5427, 263, 1, 1, 12, 6),
(5428, 263, 1, 1, 14, 5),
(5429, 263, 1, 1, 15, 8),
(5430, 263, 1, 1, 17, 7),
(5432, 287, 1, 1, 12, 8),
(5433, 287, 1, 1, 14, 8),
(5434, 287, 1, 1, 15, 9),
(5435, 287, 1, 1, 17, 7),
(5437, 320, 1, 1, 12, 5),
(5438, 320, 1, 1, 14, 5),
(5439, 320, 1, 1, 15, 5),
(5440, 320, 1, 1, 17, 5),
(5442, 326, 1, 1, 12, 5),
(5443, 326, 1, 1, 14, 5),
(5444, 326, 1, 1, 15, 6),
(5445, 326, 1, 1, 17, 5),
(5447, 327, 1, 1, 12, 5),
(5448, 327, 1, 1, 14, 5),
(5449, 327, 1, 1, 15, 6),
(5450, 327, 1, 1, 17, 5),
(5453, 333, 1, 1, 12, 6),
(5454, 333, 1, 1, 14, 5),
(5455, 333, 1, 1, 15, 7),
(5456, 333, 1, 1, 17, 6),
(5457, 340, 1, 1, 12, 5),
(5458, 340, 1, 1, 14, 5),
(5459, 340, 1, 1, 15, 6),
(5460, 340, 1, 1, 17, 6),
(5462, 363, 1, 1, 12, 5),
(5463, 363, 1, 1, 14, 6),
(5464, 363, 1, 1, 15, 9),
(5465, 363, 1, 1, 17, 7),
(5467, 374, 1, 1, 12, 5),
(5468, 374, 1, 1, 14, 5),
(5469, 374, 1, 1, 15, 5),
(5470, 374, 1, 1, 17, 5),
(5472, 395, 1, 1, 12, 7),
(5473, 395, 1, 1, 14, 6),
(5474, 395, 1, 1, 15, 9),
(5475, 395, 1, 1, 17, 7),
(5477, 415, 1, 1, 15, 9),
(5478, 415, 1, 1, 12, 6),
(5479, 415, 1, 1, 14, 5),
(5480, 415, 1, 1, 17, 6),
(5482, 13, 1, 1, 12, 6),
(5483, 13, 1, 1, 14, 6),
(5484, 13, 1, 1, 15, 9),
(5485, 13, 1, 1, 17, 7),
(5487, 105, 1, 1, 12, 7),
(5488, 105, 1, 1, 14, 6),
(5489, 105, 1, 1, 15, 9),
(5490, 105, 1, 1, 17, 8),
(5492, 110, 1, 1, 12, 5),
(5493, 110, 1, 1, 14, 5),
(5494, 110, 1, 1, 15, 5),
(5495, 110, 1, 1, 17, 5),
(5497, 111, 1, 1, 12, 5),
(5498, 111, 1, 1, 14, 5),
(5499, 111, 1, 1, 15, 6),
(5500, 111, 1, 1, 17, 5),
(5502, 141, 1, 1, 12, 6),
(5503, 141, 1, 1, 14, 5),
(5504, 141, 1, 1, 15, 6),
(5505, 141, 1, 1, 17, 5),
(5507, 153, 1, 1, 12, 5),
(5508, 153, 1, 1, 14, 6),
(5509, 153, 1, 1, 15, 6),
(5510, 153, 1, 1, 17, 7),
(5512, 167, 1, 1, 12, 5),
(5513, 167, 1, 1, 14, 5),
(5514, 167, 1, 1, 15, 5),
(5515, 167, 1, 1, 17, 5),
(5517, 201, 1, 1, 12, 6),
(5518, 201, 1, 1, 14, 5),
(5519, 201, 1, 1, 15, 7),
(5520, 201, 1, 1, 17, 6),
(5522, 218, 1, 1, 12, 5),
(5523, 218, 1, 1, 14, 5),
(5524, 218, 1, 1, 15, 8),
(5525, 218, 1, 1, 17, 5),
(5527, 241, 1, 1, 12, 5),
(5528, 241, 1, 1, 14, 5),
(5529, 241, 1, 1, 15, 6),
(5530, 241, 1, 1, 17, 5),
(5532, 261, 1, 1, 12, 7),
(5533, 261, 1, 1, 14, 5),
(5534, 261, 1, 1, 15, 8),
(5535, 261, 1, 1, 17, 7),
(5537, 288, 1, 1, 12, 6),
(5538, 288, 1, 1, 14, 6),
(5539, 288, 1, 1, 15, 7),
(5540, 288, 1, 1, 17, 6),
(5542, 292, 1, 1, 12, 5),
(5543, 292, 1, 1, 14, 5),
(5544, 292, 1, 1, 15, 5),
(5545, 292, 1, 1, 17, 5),
(5547, 297, 1, 1, 12, 6),
(5548, 297, 1, 1, 14, 6),
(5549, 297, 1, 1, 15, 7),
(5550, 297, 1, 1, 17, 7),
(5552, 300, 1, 1, 12, 6),
(5553, 300, 1, 1, 14, 6),
(5554, 300, 1, 1, 15, 7),
(5555, 300, 1, 1, 17, 7),
(5557, 311, 1, 1, 12, 7),
(5558, 311, 1, 1, 14, 8),
(5559, 311, 1, 1, 15, 9),
(5560, 311, 1, 1, 17, 7),
(5562, 350, 1, 1, 12, 6),
(5563, 350, 1, 1, 14, 9),
(5564, 350, 1, 1, 15, 9),
(5565, 350, 1, 1, 17, 6),
(5567, 376, 1, 1, 12, 5),
(5569, 376, 1, 1, 14, 5),
(5570, 376, 1, 1, 15, 5),
(5571, 376, 1, 1, 17, 5),
(5574, 400, 1, 1, 12, 5),
(5575, 400, 1, 1, 14, 5),
(5576, 400, 1, 1, 15, 5),
(5577, 400, 1, 1, 17, 5),
(5580, 402, 1, 1, 12, 6),
(5582, 402, 1, 1, 14, 7),
(5584, 402, 1, 1, 15, 9),
(5585, 402, 1, 1, 17, 6),
(5588, 417, 1, 1, 12, 5),
(5589, 417, 1, 1, 14, 5),
(5590, 417, 1, 1, 15, 5),
(5591, 417, 1, 1, 17, 5),
(5594, 422, 1, 1, 12, 5),
(5595, 422, 1, 1, 14, 6),
(5596, 422, 1, 1, 15, 9),
(5597, 422, 1, 1, 17, 6),
(5604, 37, 1, 1, 12, 6),
(5605, 37, 1, 1, 14, 6),
(5606, 37, 1, 1, 15, 8),
(5608, 37, 1, 1, 17, 7),
(5611, 40, 1, 1, 12, 5),
(5612, 40, 1, 1, 14, 5),
(5613, 40, 1, 1, 15, 5),
(5614, 40, 1, 1, 17, 5),
(5618, 60, 1, 1, 12, 7),
(5619, 60, 1, 1, 14, 6),
(5620, 60, 1, 1, 15, 9),
(5621, 60, 1, 1, 17, 7),
(5623, 74, 1, 1, 12, 5),
(5624, 74, 1, 1, 14, 6),
(5625, 74, 1, 1, 15, 6),
(5626, 74, 1, 1, 17, 5),
(5628, 80, 1, 1, 12, 5),
(5629, 80, 1, 1, 14, 5),
(5630, 80, 1, 1, 15, 5),
(5631, 80, 1, 1, 17, 5),
(5634, 87, 1, 1, 12, 5),
(5635, 87, 1, 1, 14, 5),
(5636, 87, 1, 1, 15, 6),
(5637, 87, 1, 1, 17, 5),
(5642, 104, 1, 1, 12, 7),
(5644, 104, 1, 1, 14, 6),
(5645, 104, 1, 1, 15, 8),
(5646, 104, 1, 1, 17, 6),
(5660, 34, 1, 1, 74, 6),
(5662, 48, 1, 1, 74, 7),
(5665, 62, 1, 1, 74, 6),
(5666, 82, 1, 1, 74, 6),
(5668, 140, 1, 1, 74, 5),
(5670, 198, 1, 1, 74, 8),
(5672, 205, 1, 1, 74, 5),
(5674, 227, 1, 1, 74, 8),
(5676, 256, 1, 1, 74, 7),
(5679, 313, 1, 1, 74, 5),
(5681, 317, 1, 1, 74, 6),
(5683, 332, 1, 1, 74, 5),
(5685, 341, 1, 1, 74, 8),
(5687, 344, 1, 1, 74, 6),
(5689, 399, 1, 1, 74, 5),
(5691, 404, 1, 1, 74, 6),
(5693, 107, 1, 1, 12, 6),
(5694, 107, 1, 1, 14, 6),
(5695, 107, 1, 1, 15, 6),
(5696, 107, 1, 1, 17, 6),
(5698, 127, 1, 1, 12, 6),
(5699, 127, 1, 1, 14, 6),
(5700, 127, 1, 1, 15, 6),
(5701, 127, 1, 1, 17, 5),
(5703, 137, 1, 1, 12, 6),
(5704, 137, 1, 1, 14, 6),
(5705, 137, 1, 1, 15, 6),
(5706, 137, 1, 1, 17, 6),
(5708, 34, 1, 1, 24, 7),
(5710, 155, 1, 1, 12, 6),
(5711, 155, 1, 1, 14, 6),
(5712, 155, 1, 1, 15, 9),
(5713, 155, 1, 1, 17, 6),
(5715, 48, 1, 1, 24, 6),
(5717, 62, 1, 1, 24, 7),
(5719, 82, 1, 1, 24, 5),
(5720, 169, 1, 1, 12, 7),
(5722, 169, 1, 1, 14, 6),
(5723, 169, 1, 1, 15, 7),
(5724, 169, 1, 1, 17, 6),
(5726, 172, 1, 1, 12, 6),
(5727, 172, 1, 1, 14, 6),
(5728, 140, 1, 1, 24, 7),
(5729, 172, 1, 1, 15, 6),
(5731, 172, 1, 1, 17, 5),
(5733, 198, 1, 1, 24, 8),
(5734, 197, 1, 1, 12, 5),
(5736, 197, 1, 1, 14, 5),
(5737, 197, 1, 1, 15, 5),
(5738, 197, 1, 1, 17, 5),
(5740, 205, 1, 1, 24, 5),
(5742, 212, 1, 1, 12, 5),
(5743, 212, 1, 1, 14, 5),
(5744, 212, 1, 1, 15, 5),
(5745, 212, 1, 1, 17, 5),
(5747, 259, 1, 1, 12, 6),
(5748, 259, 1, 1, 14, 6),
(5749, 259, 1, 1, 15, 6),
(5750, 259, 1, 1, 17, 5),
(5751, 227, 1, 1, 24, 7),
(5754, 281, 1, 1, 12, 6),
(5755, 281, 1, 1, 14, 5),
(5756, 281, 1, 1, 15, 6),
(5758, 256, 1, 1, 24, 5),
(5759, 281, 1, 1, 17, 7),
(5761, 362, 1, 1, 12, 5),
(5762, 362, 1, 1, 14, 5),
(5763, 362, 1, 1, 15, 5),
(5764, 362, 1, 1, 17, 5),
(5766, 305, 1, 1, 24, 6),
(5767, 366, 1, 1, 12, 6),
(5768, 366, 1, 1, 14, 6),
(5770, 366, 1, 1, 15, 6),
(5771, 366, 1, 1, 17, 5),
(5773, 313, 1, 1, 24, 5),
(5774, 388, 1, 1, 12, 6),
(5776, 388, 1, 1, 14, 6),
(5777, 388, 1, 1, 15, 9),
(5778, 388, 1, 1, 17, 7),
(5780, 317, 1, 1, 24, 6),
(5782, 332, 1, 1, 24, 5),
(5784, 403, 1, 1, 12, 5),
(5785, 403, 1, 1, 14, 6),
(5786, 341, 1, 1, 24, 8),
(5787, 403, 1, 1, 15, 6),
(5789, 403, 1, 1, 17, 6),
(5790, 344, 1, 1, 24, 6),
(5793, 399, 1, 1, 24, 5),
(5795, 404, 1, 1, 24, 6),
(5797, 421, 1, 1, 12, 5),
(5798, 421, 1, 1, 14, 5),
(5799, 421, 1, 1, 15, 5),
(5800, 421, 1, 1, 17, 5),
(5802, 423, 1, 1, 12, 7),
(5803, 423, 1, 1, 14, 6),
(5804, 423, 1, 1, 15, 7),
(5805, 423, 1, 1, 17, 6),
(5807, 54, 1, 1, 12, 5),
(5808, 54, 1, 1, 14, 5),
(5809, 54, 1, 1, 15, 5),
(5810, 54, 1, 1, 17, 5),
(5812, 57, 1, 1, 12, 6),
(5813, 57, 1, 1, 14, 6),
(5814, 57, 1, 1, 15, 6),
(5815, 57, 1, 1, 17, 5),
(5817, 63, 1, 1, 12, 7),
(5818, 63, 1, 1, 14, 6),
(5819, 63, 1, 1, 15, 6),
(5820, 63, 1, 1, 17, 6),
(5822, 69, 1, 1, 12, 8),
(5823, 69, 1, 1, 14, 8),
(5824, 69, 1, 1, 15, 9),
(5825, 69, 1, 1, 17, 9),
(5827, 70, 1, 1, 12, 5),
(5828, 70, 1, 1, 14, 5),
(5829, 70, 1, 1, 15, 5),
(5830, 70, 1, 1, 17, 5),
(5832, 84, 1, 1, 12, 6),
(5833, 84, 1, 1, 14, 6),
(5834, 84, 1, 1, 15, 6),
(5835, 84, 1, 1, 17, 5),
(5837, 134, 1, 1, 12, 5),
(5838, 134, 1, 1, 14, 6),
(5839, 134, 1, 1, 15, 5),
(5840, 134, 1, 1, 17, 5),
(5842, 170, 1, 1, 12, 5),
(5843, 170, 1, 1, 14, 5),
(5844, 170, 1, 1, 15, 5),
(5845, 170, 1, 1, 17, 5),
(5847, 190, 1, 1, 12, 6),
(5848, 190, 1, 1, 14, 6),
(5849, 190, 1, 1, 15, 5),
(5850, 190, 1, 1, 17, 5),
(5852, 214, 1, 1, 12, 7),
(5853, 214, 1, 1, 14, 7),
(5854, 214, 1, 1, 15, 8),
(5855, 214, 1, 1, 17, 7),
(5857, 228, 1, 1, 12, 6),
(5858, 228, 1, 1, 14, 6),
(5859, 228, 1, 1, 15, 6),
(5860, 228, 1, 1, 17, 6),
(5862, 236, 1, 1, 12, 5),
(5863, 236, 1, 1, 14, 6),
(5864, 236, 1, 1, 15, 6),
(5865, 236, 1, 1, 17, 6),
(5867, 240, 1, 1, 12, 6),
(5868, 240, 1, 1, 14, 6),
(5869, 240, 1, 1, 15, 7),
(5870, 240, 1, 1, 17, 6),
(5872, 244, 1, 1, 12, 5),
(5873, 244, 1, 1, 14, 5),
(5874, 244, 1, 1, 15, 6),
(5875, 244, 1, 1, 17, 6),
(5877, 247, 1, 1, 12, 6),
(5878, 247, 1, 1, 14, 5),
(5879, 247, 1, 1, 15, 6),
(5880, 247, 1, 1, 17, 7),
(5882, 267, 1, 1, 12, 9),
(5883, 267, 1, 1, 14, 9),
(5884, 267, 1, 1, 15, 9),
(5885, 267, 1, 1, 17, 7),
(5887, 294, 1, 1, 12, 5),
(5888, 294, 1, 1, 14, 6),
(5889, 294, 1, 1, 15, 5),
(5890, 294, 1, 1, 17, 6),
(5892, 304, 1, 1, 12, 7),
(5893, 304, 1, 1, 14, 6),
(5894, 304, 1, 1, 15, 7),
(5895, 304, 1, 1, 17, 7),
(5897, 398, 1, 1, 12, 9),
(5898, 398, 1, 1, 14, 8),
(5899, 398, 1, 1, 15, 9),
(5900, 398, 1, 1, 17, 9),
(5902, 406, 1, 1, 12, 9),
(5903, 406, 1, 1, 15, 9),
(5904, 406, 1, 1, 17, 8),
(5905, 406, 1, 1, 14, 8),
(5907, 21, 1, 1, 12, 9),
(5908, 21, 1, 1, 14, 9),
(5909, 21, 1, 1, 15, 9),
(5910, 21, 1, 1, 17, 9),
(5912, 22, 1, 1, 12, 8),
(5913, 22, 1, 1, 14, 5),
(5914, 22, 1, 1, 15, 6),
(5915, 22, 1, 1, 17, 7),
(5917, 24, 1, 1, 12, 5),
(5918, 24, 1, 1, 14, 5),
(5919, 24, 1, 1, 17, 5),
(5920, 24, 1, 1, 15, 5),
(5922, 49, 1, 1, 12, 7),
(5923, 49, 1, 1, 14, 8),
(5924, 49, 1, 1, 15, 7),
(5925, 49, 1, 1, 17, 8),
(5927, 92, 1, 1, 12, 9),
(5928, 92, 1, 1, 14, 9),
(5929, 92, 1, 1, 15, 9),
(5930, 92, 1, 1, 17, 9),
(5932, 100, 1, 1, 12, 9),
(5933, 100, 1, 1, 14, 9),
(5934, 100, 1, 1, 15, 9),
(5935, 100, 1, 1, 17, 9),
(5937, 106, 1, 1, 12, 9),
(5938, 106, 1, 1, 14, 8),
(5939, 106, 1, 1, 15, 9),
(5940, 106, 1, 1, 17, 9),
(5942, 123, 1, 1, 12, 5),
(5943, 123, 1, 1, 14, 5),
(5944, 123, 1, 1, 15, 5),
(5945, 123, 1, 1, 17, 6),
(5947, 126, 1, 1, 12, 8),
(5948, 126, 1, 1, 14, 8),
(5949, 126, 1, 1, 15, 9),
(5950, 126, 1, 1, 17, 9),
(5952, 146, 1, 1, 12, 6),
(5953, 146, 1, 1, 14, 6),
(5954, 146, 1, 1, 15, 5),
(5955, 146, 1, 1, 17, 6),
(5957, 145, 1, 1, 12, 9),
(5958, 145, 1, 1, 14, 6),
(5959, 145, 1, 1, 15, 9),
(5960, 145, 1, 1, 17, 8),
(5962, 147, 1, 1, 12, 6),
(5963, 147, 1, 1, 14, 8),
(5964, 147, 1, 1, 15, 9),
(5965, 147, 1, 1, 17, 8),
(5967, 204, 1, 1, 12, 6),
(5968, 204, 1, 1, 14, 6),
(5969, 204, 1, 1, 15, 5),
(5970, 204, 1, 1, 17, 5),
(5972, 213, 1, 1, 12, 7),
(5973, 213, 1, 1, 14, 6),
(5974, 213, 1, 1, 15, 7),
(5975, 213, 1, 1, 17, 7),
(5977, 238, 1, 1, 12, 6),
(5978, 238, 1, 1, 14, 6),
(5979, 238, 1, 1, 15, 6),
(5980, 238, 1, 1, 17, 7),
(5982, 253, 1, 1, 12, 6),
(5983, 253, 1, 1, 14, 6),
(5984, 253, 1, 1, 15, 6),
(5985, 253, 1, 1, 17, 6),
(5987, 319, 1, 1, 12, 6),
(5988, 319, 1, 1, 14, 5),
(5989, 319, 1, 1, 15, 6),
(5990, 319, 1, 1, 17, 5),
(5992, 310, 1, 1, 12, 9),
(5993, 310, 1, 1, 14, 6),
(5994, 310, 1, 1, 15, 8),
(5995, 310, 1, 1, 17, 9),
(5997, 337, 1, 1, 12, 6),
(5998, 337, 1, 1, 14, 6),
(5999, 337, 1, 1, 15, 7),
(6000, 337, 1, 1, 17, 7),
(6002, 390, 1, 1, 12, 6),
(6003, 390, 1, 1, 14, 6),
(6004, 390, 1, 1, 15, 6),
(6005, 390, 1, 1, 17, 7),
(6007, 221, 1, 1, 12, 7),
(6008, 221, 1, 1, 14, 7),
(6009, 221, 1, 1, 15, 7),
(6010, 221, 1, 1, 17, 6),
(6012, 14, 1, 1, 13, 7),
(6014, 14, 1, 1, 17, 7),
(6015, 32, 1, 1, 17, 9),
(6016, 32, 1, 1, 13, 8),
(6018, 50, 1, 1, 13, 7),
(6019, 50, 1, 1, 17, 7),
(6021, 75, 1, 1, 13, 6),
(6022, 75, 1, 1, 17, 6),
(6024, 116, 1, 1, 13, 6),
(6025, 116, 1, 1, 17, 6),
(6027, 159, 1, 1, 13, 6),
(6028, 159, 1, 1, 17, 6),
(6030, 161, 1, 1, 17, 7),
(6031, 161, 1, 1, 13, 7),
(6033, 165, 1, 1, 13, 7),
(6034, 165, 1, 1, 17, 7),
(6036, 194, 1, 1, 13, 5),
(6037, 194, 1, 1, 17, 5),
(6039, 230, 1, 1, 13, 6),
(6040, 230, 1, 1, 17, 7),
(6042, 234, 1, 1, 13, 7),
(6043, 234, 1, 1, 17, 8),
(6045, 252, 1, 1, 13, 6),
(6046, 252, 1, 1, 17, 6),
(6048, 270, 1, 1, 13, 5),
(6049, 270, 1, 1, 17, 6),
(6051, 275, 1, 1, 13, 6),
(6052, 275, 1, 1, 17, 6),
(6054, 290, 1, 1, 13, 6),
(6055, 290, 1, 1, 17, 7),
(6057, 293, 1, 1, 13, 5),
(6058, 293, 1, 1, 17, 5),
(6060, 302, 1, 1, 13, 5),
(6061, 302, 1, 1, 17, 5),
(6063, 324, 1, 1, 13, 6),
(6064, 324, 1, 1, 17, 6),
(6066, 330, 1, 1, 13, 6),
(6067, 330, 1, 1, 17, 6),
(6069, 331, 1, 1, 13, 6),
(6070, 331, 1, 1, 17, 7),
(6072, 335, 1, 1, 13, 7),
(6073, 335, 1, 1, 17, 7),
(6075, 349, 1, 1, 13, 6),
(6076, 349, 1, 1, 17, 6),
(6078, 371, 1, 1, 13, 6),
(6079, 371, 1, 1, 17, 6),
(6081, 373, 1, 1, 13, 5),
(6082, 373, 1, 1, 17, 5),
(6084, 383, 1, 1, 13, 7),
(6085, 383, 1, 1, 17, 7),
(6087, 17, 1, 1, 13, 5),
(6088, 17, 1, 1, 17, 6),
(6090, 25, 1, 1, 13, 7),
(6091, 25, 1, 1, 17, 7),
(6093, 43, 1, 1, 13, 7),
(6094, 43, 1, 1, 17, 7),
(6096, 61, 1, 1, 13, 5),
(6097, 61, 1, 1, 17, 5),
(6099, 79, 1, 1, 13, 5),
(6100, 79, 1, 1, 17, 6),
(6102, 96, 1, 1, 17, 8),
(6103, 96, 1, 1, 13, 8),
(6105, 125, 1, 1, 13, 6),
(6106, 125, 1, 1, 17, 6),
(6108, 136, 1, 1, 13, 7),
(6109, 136, 1, 1, 17, 7),
(6111, 148, 1, 1, 13, 7),
(6112, 148, 1, 1, 17, 8),
(6114, 157, 1, 1, 13, 5),
(6115, 157, 1, 1, 17, 5),
(6117, 168, 1, 1, 13, 8),
(6118, 168, 1, 1, 17, 8),
(6120, 176, 1, 1, 13, 5),
(6121, 176, 1, 1, 17, 5),
(6123, 193, 1, 1, 13, 7),
(6124, 193, 1, 1, 17, 7),
(6126, 196, 1, 1, 13, 5),
(6127, 196, 1, 1, 17, 5),
(6129, 217, 1, 1, 13, 6),
(6130, 217, 1, 1, 17, 6),
(6132, 239, 1, 1, 13, 5),
(6133, 239, 1, 1, 17, 5),
(6135, 245, 1, 1, 13, 8),
(6136, 245, 1, 1, 17, 8),
(6138, 246, 1, 1, 13, 6),
(6139, 246, 1, 1, 17, 6),
(6141, 278, 1, 1, 13, 8),
(6142, 278, 1, 1, 17, 8),
(6144, 279, 1, 1, 13, 8),
(6145, 279, 1, 1, 17, 8),
(6147, 303, 1, 1, 13, 5),
(6148, 303, 1, 1, 17, 5),
(6150, 312, 1, 1, 13, 6),
(6151, 312, 1, 1, 17, 6),
(6153, 348, 1, 1, 13, 8),
(6154, 348, 1, 1, 17, 8),
(6156, 359, 1, 1, 13, 6),
(6157, 359, 1, 1, 17, 6),
(6159, 365, 1, 1, 13, 5),
(6160, 365, 1, 1, 17, 5),
(6162, 81, 1, 1, 36, 6),
(6163, 81, 1, 1, 37, 6),
(6164, 81, 1, 1, 38, 6),
(6165, 81, 1, 1, 39, 6),
(6166, 81, 1, 1, 40, 6),
(6167, 81, 1, 1, 41, 7),
(6168, 81, 1, 1, 44, 7),
(6169, 81, 1, 1, 45, 6),
(6170, 81, 1, 1, 46, 7),
(6171, 81, 1, 1, 47, 6),
(6172, 81, 1, 1, 48, 7),
(6173, 81, 1, 1, 49, 6),
(6174, 95, 1, 1, 36, 7),
(6175, 95, 1, 1, 37, 7),
(6176, 95, 1, 1, 38, 7),
(6177, 95, 1, 1, 39, 7),
(6178, 95, 1, 1, 40, 6),
(6179, 95, 1, 1, 41, 7),
(6180, 95, 1, 1, 44, 7),
(6181, 95, 1, 1, 45, 7),
(6182, 95, 1, 1, 46, 7),
(6183, 95, 1, 1, 47, 7),
(6184, 95, 1, 1, 48, 8),
(6185, 95, 1, 1, 49, 8),
(6186, 113, 1, 1, 36, 6),
(6187, 113, 1, 1, 37, 6),
(6188, 113, 1, 1, 38, 7),
(6189, 113, 1, 1, 39, 7),
(6190, 113, 1, 1, 40, 7),
(6191, 113, 1, 1, 41, 7),
(6192, 113, 1, 1, 44, 6),
(6193, 113, 1, 1, 45, 7),
(6194, 113, 1, 1, 46, 7),
(6195, 113, 1, 1, 47, 6),
(6196, 113, 1, 1, 48, 6),
(6197, 113, 1, 1, 49, 7),
(6198, 133, 1, 1, 36, 7),
(6199, 133, 1, 1, 37, 8),
(6200, 133, 1, 1, 38, 7),
(6201, 133, 1, 1, 39, 7),
(6202, 133, 1, 1, 40, 7),
(6203, 133, 1, 1, 41, 8),
(6204, 133, 1, 1, 44, 8),
(6205, 133, 1, 1, 45, 7),
(6206, 133, 1, 1, 46, 8),
(6207, 133, 1, 1, 47, 7),
(6208, 133, 1, 1, 48, 8),
(6209, 133, 1, 1, 49, 8),
(6210, 199, 1, 1, 36, 6),
(6211, 199, 1, 1, 37, 7),
(6212, 199, 1, 1, 38, 6),
(6213, 199, 1, 1, 39, 6),
(6214, 199, 1, 1, 40, 6),
(6215, 199, 1, 1, 41, 7),
(6216, 199, 1, 1, 44, 6),
(6217, 199, 1, 1, 45, 6),
(6218, 199, 1, 1, 46, 7),
(6219, 199, 1, 1, 47, 6),
(6220, 199, 1, 1, 48, 6),
(6221, 199, 1, 1, 49, 7),
(6222, 423, 1, 1, 26, 7),
(6223, 403, 1, 1, 26, 7),
(6224, 14, 1, 1, 29, 7),
(6225, 14, 1, 1, 30, 7),
(6226, 14, 1, 1, 31, 7),
(6227, 14, 1, 1, 32, 6),
(6229, 17, 1, 1, 29, 6),
(6230, 17, 1, 1, 30, 6),
(6231, 32, 1, 1, 29, 6),
(6232, 32, 1, 1, 30, 7),
(6233, 32, 1, 1, 31, 6),
(6234, 32, 1, 1, 32, 7),
(6236, 50, 1, 1, 29, 7),
(6237, 50, 1, 1, 30, 6),
(6238, 50, 1, 1, 32, 7),
(6239, 50, 1, 1, 31, 7),
(6241, 75, 1, 1, 29, 6),
(6242, 75, 1, 1, 30, 6),
(6243, 75, 1, 1, 31, 6),
(6244, 75, 1, 1, 32, 6),
(6246, 116, 1, 1, 29, 6),
(6247, 116, 1, 1, 30, 6),
(6248, 116, 1, 1, 31, 6),
(6249, 116, 1, 1, 32, 6),
(6251, 159, 1, 1, 29, 6),
(6252, 159, 1, 1, 30, 6),
(6253, 159, 1, 1, 31, 6),
(6254, 159, 1, 1, 32, 6),
(6256, 161, 1, 1, 29, 7),
(6257, 161, 1, 1, 30, 7),
(6258, 161, 1, 1, 31, 7),
(6259, 161, 1, 1, 32, 7),
(6261, 165, 1, 1, 29, 6),
(6262, 165, 1, 1, 30, 6),
(6263, 165, 1, 1, 31, 6),
(6264, 165, 1, 1, 32, 6),
(6266, 194, 1, 1, 29, 6),
(6267, 194, 1, 1, 30, 6),
(6268, 194, 1, 1, 32, 6),
(6269, 194, 1, 1, 31, 6),
(6271, 230, 1, 1, 29, 7),
(6272, 230, 1, 1, 30, 6),
(6273, 230, 1, 1, 31, 7),
(6274, 230, 1, 1, 32, 7),
(6276, 234, 1, 1, 29, 7),
(6277, 234, 1, 1, 31, 7),
(6278, 234, 1, 1, 30, 7),
(6279, 234, 1, 1, 32, 7),
(6281, 252, 1, 1, 29, 7),
(6282, 252, 1, 1, 30, 6),
(6283, 252, 1, 1, 31, 7),
(6284, 252, 1, 1, 32, 7),
(6286, 270, 1, 1, 29, 6),
(6287, 270, 1, 1, 30, 6),
(6288, 270, 1, 1, 31, 6),
(6289, 270, 1, 1, 32, 6),
(6291, 275, 1, 1, 29, 6),
(6292, 275, 1, 1, 30, 6),
(6293, 275, 1, 1, 31, 6),
(6294, 275, 1, 1, 32, 6),
(6296, 290, 1, 1, 29, 7),
(6297, 290, 1, 1, 30, 7),
(6298, 290, 1, 1, 31, 7),
(6299, 290, 1, 1, 32, 7),
(6301, 293, 1, 1, 29, 7),
(6302, 293, 1, 1, 30, 6),
(6303, 293, 1, 1, 31, 7),
(6304, 293, 1, 1, 32, 7),
(6306, 302, 1, 1, 29, 6),
(6307, 302, 1, 1, 30, 6),
(6308, 302, 1, 1, 31, 7),
(6309, 302, 1, 1, 32, 7),
(6311, 324, 1, 1, 29, 6),
(6312, 324, 1, 1, 30, 6),
(6313, 324, 1, 1, 31, 6),
(6314, 324, 1, 1, 32, 6),
(6316, 330, 1, 1, 30, 6),
(6317, 330, 1, 1, 31, 6),
(6318, 330, 1, 1, 32, 6),
(6319, 330, 1, 1, 29, 6);
INSERT INTO `partialevaluations` (`id`, `student_id`, `course_id`, `trimestre_id`, `dimension_id`, `partialevaluationdescription_id`) VALUES
(6321, 331, 1, 1, 29, 6),
(6322, 331, 1, 1, 30, 6),
(6323, 331, 1, 1, 31, 6),
(6324, 331, 1, 1, 32, 6),
(6326, 335, 1, 1, 29, 7),
(6327, 335, 1, 1, 30, 7),
(6328, 335, 1, 1, 31, 7),
(6329, 335, 1, 1, 32, 7),
(6331, 349, 1, 1, 29, 7),
(6332, 349, 1, 1, 30, 6),
(6333, 349, 1, 1, 31, 6),
(6334, 349, 1, 1, 32, 7),
(6336, 371, 1, 1, 29, 6),
(6337, 371, 1, 1, 31, 6),
(6338, 371, 1, 1, 32, 6),
(6339, 371, 1, 1, 30, 6),
(6341, 373, 1, 1, 29, 6),
(6342, 373, 1, 1, 30, 6),
(6343, 373, 1, 1, 31, 6),
(6344, 373, 1, 1, 32, 6),
(6346, 383, 1, 1, 29, 7),
(6347, 383, 1, 1, 30, 7),
(6348, 383, 1, 1, 31, 7),
(6349, 383, 1, 1, 32, 7),
(6351, 17, 1, 1, 31, 7),
(6352, 17, 1, 1, 32, 7),
(6354, 25, 1, 1, 29, 8),
(6355, 25, 1, 1, 30, 6),
(6356, 25, 1, 1, 31, 7),
(6357, 25, 1, 1, 32, 7),
(6359, 43, 1, 1, 29, 7),
(6360, 43, 1, 1, 30, 7),
(6361, 43, 1, 1, 31, 7),
(6362, 43, 1, 1, 32, 7),
(6364, 61, 1, 1, 29, 7),
(6365, 61, 1, 1, 30, 6),
(6366, 61, 1, 1, 31, 6),
(6367, 61, 1, 1, 32, 6),
(6369, 79, 1, 1, 29, 6),
(6370, 79, 1, 1, 30, 6),
(6371, 79, 1, 1, 31, 6),
(6372, 79, 1, 1, 32, 6),
(6374, 96, 1, 1, 29, 7),
(6375, 96, 1, 1, 30, 7),
(6376, 96, 1, 1, 31, 7),
(6377, 96, 1, 1, 32, 7),
(6379, 125, 1, 1, 29, 7),
(6380, 125, 1, 1, 30, 6),
(6381, 125, 1, 1, 31, 6),
(6382, 125, 1, 1, 32, 7),
(6384, 136, 1, 1, 29, 7),
(6385, 136, 1, 1, 30, 7),
(6386, 136, 1, 1, 31, 7),
(6387, 136, 1, 1, 32, 7),
(6389, 148, 1, 1, 29, 7),
(6390, 148, 1, 1, 30, 7),
(6391, 148, 1, 1, 31, 7),
(6392, 148, 1, 1, 32, 7),
(6394, 157, 1, 1, 29, 6),
(6395, 157, 1, 1, 30, 6),
(6396, 157, 1, 1, 31, 6),
(6397, 157, 1, 1, 32, 6),
(6399, 168, 1, 1, 29, 7),
(6400, 168, 1, 1, 30, 6),
(6401, 168, 1, 1, 31, 7),
(6402, 168, 1, 1, 32, 7),
(6404, 176, 1, 1, 29, 6),
(6405, 176, 1, 1, 30, 6),
(6406, 176, 1, 1, 31, 6),
(6407, 176, 1, 1, 32, 6),
(6409, 193, 1, 1, 29, 6),
(6410, 193, 1, 1, 30, 6),
(6411, 193, 1, 1, 31, 6),
(6412, 193, 1, 1, 32, 6),
(6414, 196, 1, 1, 29, 6),
(6415, 196, 1, 1, 30, 6),
(6416, 196, 1, 1, 31, 6),
(6417, 196, 1, 1, 32, 6),
(6419, 217, 1, 1, 29, 6),
(6420, 217, 1, 1, 31, 6),
(6421, 217, 1, 1, 32, 6),
(6422, 217, 1, 1, 30, 6),
(6424, 239, 1, 1, 29, 7),
(6425, 239, 1, 1, 30, 6),
(6426, 239, 1, 1, 31, 6),
(6427, 239, 1, 1, 32, 6),
(6429, 245, 1, 1, 29, 8),
(6430, 245, 1, 1, 30, 7),
(6431, 245, 1, 1, 31, 7),
(6432, 245, 1, 1, 32, 7),
(6434, 246, 1, 1, 29, 6),
(6435, 246, 1, 1, 30, 6),
(6436, 246, 1, 1, 31, 6),
(6437, 246, 1, 1, 32, 6),
(6439, 278, 1, 1, 29, 7),
(6440, 278, 1, 1, 30, 6),
(6441, 278, 1, 1, 31, 7),
(6442, 278, 1, 1, 32, 7),
(6444, 279, 1, 1, 29, 8),
(6445, 279, 1, 1, 30, 7),
(6446, 279, 1, 1, 31, 8),
(6447, 279, 1, 1, 32, 7),
(6449, 303, 1, 1, 29, 7),
(6450, 303, 1, 1, 30, 6),
(6451, 303, 1, 1, 31, 6),
(6452, 303, 1, 1, 32, 6),
(6454, 312, 1, 1, 29, 6),
(6455, 312, 1, 1, 30, 6),
(6456, 312, 1, 1, 31, 6),
(6457, 312, 1, 1, 32, 6),
(6459, 348, 1, 1, 29, 7),
(6460, 348, 1, 1, 30, 6),
(6461, 348, 1, 1, 31, 7),
(6462, 348, 1, 1, 32, 7),
(6464, 359, 1, 1, 29, 7),
(6465, 359, 1, 1, 30, 6),
(6466, 359, 1, 1, 31, 6),
(6467, 359, 1, 1, 32, 6),
(6469, 365, 1, 1, 29, 6),
(6470, 365, 1, 1, 30, 6),
(6471, 365, 1, 1, 31, 6),
(6472, 365, 1, 1, 32, 6),
(6474, 34, 1, 1, 29, 7),
(6475, 34, 1, 1, 30, 6),
(6476, 34, 1, 1, 31, 7),
(6477, 34, 1, 1, 32, 7),
(6479, 48, 1, 1, 29, 6),
(6480, 48, 1, 1, 30, 6),
(6481, 48, 1, 1, 31, 6),
(6482, 48, 1, 1, 32, 6),
(6484, 62, 1, 1, 29, 7),
(6485, 62, 1, 1, 30, 7),
(6486, 62, 1, 1, 31, 7),
(6487, 62, 1, 1, 32, 7),
(6489, 82, 1, 1, 29, 6),
(6490, 82, 1, 1, 30, 6),
(6491, 82, 1, 1, 31, 6),
(6492, 82, 1, 1, 32, 6),
(6495, 121, 1, 1, 29, 7),
(6496, 121, 1, 1, 30, 6),
(6497, 121, 1, 1, 31, 8),
(6498, 121, 1, 1, 32, 8),
(6499, 140, 1, 1, 29, 7),
(6500, 140, 1, 1, 30, 7),
(6501, 140, 1, 1, 31, 7),
(6502, 140, 1, 1, 32, 7),
(6504, 198, 1, 1, 29, 7),
(6505, 198, 1, 1, 30, 7),
(6506, 198, 1, 1, 31, 7),
(6507, 198, 1, 1, 32, 8),
(6509, 205, 1, 1, 29, 6),
(6510, 205, 1, 1, 30, 6),
(6511, 205, 1, 1, 32, 6),
(6512, 205, 1, 1, 31, 6),
(6514, 227, 1, 1, 29, 7),
(6515, 227, 1, 1, 30, 7),
(6516, 227, 1, 1, 31, 7),
(6517, 227, 1, 1, 32, 7),
(6519, 256, 1, 1, 29, 7),
(6520, 256, 1, 1, 30, 6),
(6521, 256, 1, 1, 32, 7),
(6522, 256, 1, 1, 31, 7),
(6524, 305, 1, 1, 29, 6),
(6525, 305, 1, 1, 30, 6),
(6526, 305, 1, 1, 31, 6),
(6527, 305, 1, 1, 32, 6),
(6529, 313, 1, 1, 29, 7),
(6530, 313, 1, 1, 31, 6),
(6531, 313, 1, 1, 30, 6),
(6532, 313, 1, 1, 32, 6),
(6534, 317, 1, 1, 29, 6),
(6535, 317, 1, 1, 30, 6),
(6536, 317, 1, 1, 31, 6),
(6537, 317, 1, 1, 32, 6),
(6539, 332, 1, 1, 29, 6),
(6540, 332, 1, 1, 30, 6),
(6541, 332, 1, 1, 31, 6),
(6542, 332, 1, 1, 32, 6),
(6544, 341, 1, 1, 29, 7),
(6545, 341, 1, 1, 31, 7),
(6546, 341, 1, 1, 30, 7),
(6547, 341, 1, 1, 32, 7),
(6549, 344, 1, 1, 29, 7),
(6550, 344, 1, 1, 30, 6),
(6551, 344, 1, 1, 32, 6),
(6552, 344, 1, 1, 31, 6),
(6554, 399, 1, 1, 29, 7),
(6555, 399, 1, 1, 30, 6),
(6556, 399, 1, 1, 31, 7),
(6557, 399, 1, 1, 32, 7),
(6559, 404, 1, 1, 29, 6),
(6560, 404, 1, 1, 30, 6),
(6561, 404, 1, 1, 31, 6),
(6562, 404, 1, 1, 32, 6),
(6563, 23, 1, 1, 29, 6),
(6564, 23, 1, 1, 30, 6),
(6565, 23, 1, 1, 31, 6),
(6566, 23, 1, 1, 32, 6),
(6568, 42, 1, 1, 29, 6),
(6569, 42, 1, 1, 30, 6),
(6570, 42, 1, 1, 31, 6),
(6571, 42, 1, 1, 32, 6),
(6573, 55, 1, 1, 29, 6),
(6574, 55, 1, 1, 30, 6),
(6575, 55, 1, 1, 31, 6),
(6576, 55, 1, 1, 32, 6),
(6578, 58, 1, 1, 29, 6),
(6579, 58, 1, 1, 30, 7),
(6580, 58, 1, 1, 31, 6),
(6581, 58, 1, 1, 32, 6),
(6583, 71, 1, 1, 29, 7),
(6584, 71, 1, 1, 30, 6),
(6585, 71, 1, 1, 31, 6),
(6586, 71, 1, 1, 32, 6),
(6588, 97, 1, 1, 29, 7),
(6589, 97, 1, 1, 30, 6),
(6590, 97, 1, 1, 31, 7),
(6591, 97, 1, 1, 32, 7),
(6593, 120, 1, 1, 29, 7),
(6594, 120, 1, 1, 30, 6),
(6595, 120, 1, 1, 31, 7),
(6596, 120, 1, 1, 32, 6),
(6598, 150, 1, 1, 29, 7),
(6599, 150, 1, 1, 30, 7),
(6600, 150, 1, 1, 31, 7),
(6601, 150, 1, 1, 32, 7),
(6603, 156, 1, 1, 29, 7),
(6604, 156, 1, 1, 30, 7),
(6605, 156, 1, 1, 31, 7),
(6606, 156, 1, 1, 32, 7),
(6608, 175, 1, 1, 29, 6),
(6609, 175, 1, 1, 30, 6),
(6610, 175, 1, 1, 31, 6),
(6611, 175, 1, 1, 32, 6),
(6613, 179, 1, 1, 29, 7),
(6614, 179, 1, 1, 30, 6),
(6615, 179, 1, 1, 31, 6),
(6616, 179, 1, 1, 32, 6),
(6618, 187, 1, 1, 29, 7),
(6619, 187, 1, 1, 31, 6),
(6620, 187, 1, 1, 30, 6),
(6621, 187, 1, 1, 32, 6),
(6623, 216, 1, 1, 29, 7),
(6624, 216, 1, 1, 30, 7),
(6625, 216, 1, 1, 31, 6),
(6626, 216, 1, 1, 32, 7),
(6628, 232, 1, 1, 29, 6),
(6629, 232, 1, 1, 30, 6),
(6630, 232, 1, 1, 31, 6),
(6631, 232, 1, 1, 32, 6),
(6633, 318, 1, 1, 29, 7),
(6634, 318, 1, 1, 30, 6),
(6635, 318, 1, 1, 31, 7),
(6636, 318, 1, 1, 32, 7),
(6638, 322, 1, 1, 29, 6),
(6639, 322, 1, 1, 30, 6),
(6640, 322, 1, 1, 31, 6),
(6641, 322, 1, 1, 32, 6),
(6643, 347, 1, 1, 29, 7),
(6644, 347, 1, 1, 30, 6),
(6645, 347, 1, 1, 31, 7),
(6646, 347, 1, 1, 32, 7),
(6648, 351, 1, 1, 29, 7),
(6649, 351, 1, 1, 30, 6),
(6650, 351, 1, 1, 31, 6),
(6651, 351, 1, 1, 32, 6),
(6653, 354, 1, 1, 29, 6),
(6654, 354, 1, 1, 30, 6),
(6655, 354, 1, 1, 31, 6),
(6656, 354, 1, 1, 32, 6),
(6658, 420, 1, 1, 29, 6),
(6659, 420, 1, 1, 30, 6),
(6660, 420, 1, 1, 31, 6),
(6661, 420, 1, 1, 32, 6),
(6663, 18, 1, 1, 29, 7),
(6664, 18, 1, 1, 30, 6),
(6665, 18, 1, 1, 31, 6),
(6666, 18, 1, 1, 32, 6),
(6668, 41, 1, 1, 29, 7),
(6669, 41, 1, 1, 30, 6),
(6670, 41, 1, 1, 31, 7),
(6671, 41, 1, 1, 32, 6),
(6673, 68, 1, 1, 29, 7),
(6674, 68, 1, 1, 30, 6),
(6675, 68, 1, 1, 31, 7),
(6676, 68, 1, 1, 32, 7),
(6678, 124, 1, 1, 29, 6),
(6679, 124, 1, 1, 30, 6),
(6680, 124, 1, 1, 31, 7),
(6681, 124, 1, 1, 32, 6),
(6683, 131, 1, 1, 30, 6),
(6684, 131, 1, 1, 29, 6),
(6685, 131, 1, 1, 31, 6),
(6686, 131, 1, 1, 32, 6),
(6688, 132, 1, 1, 31, 7),
(6689, 132, 1, 1, 29, 6),
(6690, 132, 1, 1, 30, 6),
(6691, 132, 1, 1, 32, 6),
(6693, 144, 1, 1, 29, 7),
(6694, 144, 1, 1, 30, 6),
(6695, 144, 1, 1, 31, 7),
(6696, 144, 1, 1, 32, 7),
(6698, 182, 1, 1, 29, 6),
(6699, 182, 1, 1, 30, 6),
(6700, 182, 1, 1, 31, 6),
(6701, 182, 1, 1, 32, 6),
(6703, 191, 1, 1, 29, 6),
(6704, 191, 1, 1, 30, 6),
(6705, 191, 1, 1, 31, 6),
(6706, 191, 1, 1, 32, 6),
(6708, 192, 1, 1, 29, 6),
(6709, 192, 1, 1, 30, 6),
(6710, 192, 1, 1, 31, 6),
(6711, 192, 1, 1, 32, 6),
(6713, 220, 1, 1, 29, 7),
(6714, 220, 1, 1, 30, 6),
(6715, 220, 1, 1, 31, 7),
(6716, 220, 1, 1, 32, 6),
(6718, 237, 1, 1, 30, 6),
(6719, 237, 1, 1, 29, 7),
(6720, 237, 1, 1, 31, 7),
(6721, 237, 1, 1, 32, 7),
(6723, 250, 1, 1, 29, 7),
(6724, 250, 1, 1, 30, 6),
(6725, 250, 1, 1, 31, 7),
(6726, 250, 1, 1, 32, 6),
(6728, 263, 1, 1, 29, 7),
(6729, 263, 1, 1, 30, 6),
(6730, 263, 1, 1, 31, 7),
(6731, 263, 1, 1, 32, 6),
(6733, 287, 1, 1, 30, 7),
(6734, 287, 1, 1, 31, 7),
(6735, 287, 1, 1, 32, 7),
(6736, 287, 1, 1, 29, 7),
(6738, 320, 1, 1, 29, 7),
(6739, 320, 1, 1, 30, 6),
(6740, 320, 1, 1, 31, 7),
(6741, 320, 1, 1, 32, 6),
(6743, 326, 1, 1, 29, 6),
(6744, 326, 1, 1, 30, 6),
(6745, 326, 1, 1, 31, 6),
(6746, 326, 1, 1, 32, 6),
(6748, 327, 1, 1, 29, 6),
(6749, 327, 1, 1, 31, 6),
(6750, 327, 1, 1, 30, 6),
(6751, 327, 1, 1, 32, 6),
(6753, 333, 1, 1, 29, 6),
(6754, 333, 1, 1, 30, 6),
(6755, 333, 1, 1, 31, 6),
(6756, 333, 1, 1, 32, 6),
(6758, 340, 1, 1, 29, 6),
(6759, 340, 1, 1, 30, 6),
(6760, 340, 1, 1, 31, 6),
(6761, 340, 1, 1, 32, 6),
(6763, 363, 1, 1, 29, 6),
(6764, 363, 1, 1, 30, 6),
(6765, 363, 1, 1, 31, 6),
(6766, 363, 1, 1, 32, 6),
(6767, 374, 1, 1, 29, 6),
(6768, 374, 1, 1, 30, 6),
(6769, 374, 1, 1, 31, 7),
(6770, 374, 1, 1, 32, 6),
(6772, 395, 1, 1, 29, 7),
(6773, 395, 1, 1, 30, 6),
(6774, 395, 1, 1, 31, 7),
(6776, 395, 1, 1, 32, 6),
(6777, 415, 1, 1, 29, 6),
(6778, 415, 1, 1, 30, 6),
(6779, 415, 1, 1, 31, 6),
(6780, 415, 1, 1, 32, 6),
(6782, 13, 1, 1, 29, 6),
(6783, 13, 1, 1, 30, 7),
(6784, 13, 1, 1, 31, 7),
(6785, 13, 1, 1, 32, 7),
(6787, 105, 1, 1, 29, 7),
(6788, 105, 1, 1, 30, 7),
(6789, 105, 1, 1, 32, 7),
(6790, 105, 1, 1, 31, 7),
(6793, 110, 1, 1, 29, 5),
(6794, 110, 1, 1, 30, 6),
(6795, 110, 1, 1, 31, 6),
(6796, 110, 1, 1, 32, 5),
(6797, 111, 1, 1, 29, 6),
(6798, 111, 1, 1, 30, 6),
(6799, 111, 1, 1, 31, 6),
(6800, 111, 1, 1, 32, 6),
(6802, 141, 1, 1, 29, 6),
(6803, 141, 1, 1, 30, 6),
(6804, 141, 1, 1, 31, 6),
(6805, 141, 1, 1, 32, 6),
(6807, 153, 1, 1, 29, 6),
(6808, 153, 1, 1, 30, 6),
(6809, 153, 1, 1, 31, 6),
(6810, 153, 1, 1, 32, 6),
(6812, 167, 1, 1, 29, 6),
(6813, 167, 1, 1, 30, 6),
(6814, 167, 1, 1, 31, 6),
(6815, 167, 1, 1, 32, 6),
(6817, 201, 1, 1, 29, 6),
(6818, 201, 1, 1, 31, 6),
(6819, 201, 1, 1, 30, 6),
(6820, 201, 1, 1, 32, 6),
(6821, 218, 1, 1, 29, 6),
(6822, 218, 1, 1, 30, 6),
(6823, 218, 1, 1, 31, 6),
(6824, 218, 1, 1, 32, 6),
(6827, 241, 1, 1, 29, 6),
(6828, 241, 1, 1, 30, 6),
(6829, 241, 1, 1, 31, 6),
(6830, 241, 1, 1, 32, 6),
(6831, 261, 1, 1, 29, 7),
(6832, 261, 1, 1, 30, 7),
(6833, 261, 1, 1, 31, 7),
(6834, 261, 1, 1, 32, 7),
(6837, 288, 1, 1, 29, 7),
(6838, 288, 1, 1, 30, 6),
(6839, 288, 1, 1, 31, 6),
(6840, 288, 1, 1, 32, 7),
(6842, 292, 1, 1, 30, 6),
(6843, 292, 1, 1, 29, 7),
(6844, 292, 1, 1, 31, 7),
(6845, 292, 1, 1, 32, 7),
(6847, 297, 1, 1, 29, 7),
(6848, 297, 1, 1, 30, 6),
(6849, 297, 1, 1, 31, 7),
(6850, 297, 1, 1, 32, 6),
(6852, 300, 1, 1, 29, 7),
(6853, 300, 1, 1, 30, 7),
(6854, 300, 1, 1, 31, 7),
(6855, 300, 1, 1, 32, 7),
(6857, 311, 1, 1, 30, 7),
(6858, 311, 1, 1, 31, 7),
(6859, 311, 1, 1, 32, 7),
(6860, 311, 1, 1, 29, 7),
(6862, 350, 1, 1, 29, 6),
(6863, 350, 1, 1, 30, 7),
(6864, 350, 1, 1, 31, 7),
(6865, 350, 1, 1, 32, 6),
(6867, 376, 1, 1, 29, 6),
(6868, 376, 1, 1, 30, 6),
(6869, 376, 1, 1, 31, 6),
(6870, 376, 1, 1, 32, 6),
(6872, 400, 1, 1, 29, 6),
(6873, 400, 1, 1, 30, 6),
(6874, 400, 1, 1, 31, 6),
(6875, 400, 1, 1, 32, 6),
(6877, 402, 1, 1, 29, 6),
(6878, 402, 1, 1, 30, 6),
(6879, 402, 1, 1, 31, 6),
(6880, 402, 1, 1, 32, 6),
(6883, 417, 1, 1, 29, 7),
(6884, 417, 1, 1, 30, 6),
(6885, 417, 1, 1, 31, 7),
(6886, 417, 1, 1, 32, 7),
(6887, 422, 1, 1, 29, 6),
(6888, 422, 1, 1, 30, 6),
(6889, 422, 1, 1, 31, 6),
(6890, 422, 1, 1, 32, 6),
(6892, 19, 1, 1, 29, 7),
(6893, 19, 1, 1, 30, 6),
(6894, 19, 1, 1, 31, 7),
(6895, 19, 1, 1, 32, 7),
(6897, 27, 1, 1, 29, 7),
(6898, 27, 1, 1, 30, 6),
(6899, 27, 1, 1, 31, 6),
(6900, 27, 1, 1, 32, 7),
(6902, 46, 1, 1, 29, 6),
(6903, 46, 1, 1, 30, 6),
(6904, 46, 1, 1, 31, 6),
(6905, 46, 1, 1, 32, 6),
(6907, 76, 1, 1, 29, 7),
(6908, 76, 1, 1, 30, 6),
(6909, 76, 1, 1, 31, 7),
(6910, 76, 1, 1, 32, 7),
(6912, 101, 1, 1, 29, 7),
(6913, 101, 1, 1, 30, 7),
(6914, 101, 1, 1, 31, 7),
(6915, 101, 1, 1, 32, 7),
(6917, 128, 1, 1, 29, 6),
(6918, 128, 1, 1, 30, 6),
(6919, 128, 1, 1, 31, 6),
(6920, 128, 1, 1, 32, 6),
(6922, 151, 1, 1, 29, 6),
(6923, 151, 1, 1, 30, 6),
(6924, 151, 1, 1, 31, 6),
(6925, 151, 1, 1, 32, 6),
(6927, 163, 1, 1, 29, 6),
(6928, 163, 1, 1, 30, 6),
(6929, 163, 1, 1, 31, 6),
(6930, 163, 1, 1, 32, 6),
(6932, 174, 1, 1, 29, 6),
(6933, 174, 1, 1, 30, 6),
(6934, 174, 1, 1, 31, 6),
(6935, 174, 1, 1, 32, 6),
(6937, 206, 1, 1, 29, 6),
(6938, 206, 1, 1, 30, 6),
(6939, 206, 1, 1, 31, 6),
(6940, 206, 1, 1, 32, 6),
(6942, 210, 1, 1, 29, 7),
(6943, 210, 1, 1, 30, 9),
(6944, 210, 1, 1, 31, 7),
(6945, 210, 1, 1, 32, 7),
(6947, 249, 1, 1, 29, 7),
(6948, 249, 1, 1, 30, 7),
(6949, 249, 1, 1, 31, 7),
(6950, 249, 1, 1, 32, 7),
(6952, 255, 1, 1, 29, 7),
(6953, 255, 1, 1, 30, 6),
(6954, 255, 1, 1, 31, 7),
(6955, 255, 1, 1, 32, 7),
(6957, 265, 1, 1, 29, 7),
(6958, 265, 1, 1, 30, 6),
(6959, 265, 1, 1, 31, 7),
(6960, 265, 1, 1, 32, 7),
(6962, 274, 1, 1, 29, 6),
(6963, 274, 1, 1, 30, 6),
(6964, 274, 1, 1, 31, 7),
(6965, 274, 1, 1, 32, 6),
(6967, 280, 1, 1, 29, 6),
(6968, 280, 1, 1, 30, 6),
(6969, 280, 1, 1, 31, 6),
(6970, 280, 1, 1, 32, 6),
(6972, 289, 1, 1, 29, 7),
(6973, 289, 1, 1, 30, 6),
(6974, 289, 1, 1, 31, 7),
(6975, 289, 1, 1, 32, 7),
(6977, 291, 1, 1, 29, 7),
(6978, 291, 1, 1, 30, 6),
(6979, 291, 1, 1, 31, 7),
(6980, 291, 1, 1, 32, 6),
(6982, 336, 1, 1, 29, 7),
(6983, 336, 1, 1, 30, 6),
(6984, 336, 1, 1, 31, 7),
(6985, 336, 1, 1, 32, 7),
(6987, 338, 1, 1, 29, 6),
(6988, 338, 1, 1, 30, 6),
(6989, 338, 1, 1, 31, 6),
(6990, 338, 1, 1, 32, 6),
(6992, 345, 1, 1, 29, 7),
(6993, 345, 1, 1, 30, 6),
(6994, 345, 1, 1, 32, 7),
(6995, 345, 1, 1, 31, 7),
(6997, 353, 1, 1, 29, 7),
(6998, 353, 1, 1, 30, 6),
(6999, 353, 1, 1, 31, 7),
(7000, 353, 1, 1, 32, 7),
(7002, 379, 1, 1, 29, 6),
(7003, 379, 1, 1, 30, 6),
(7004, 379, 1, 1, 31, 6),
(7005, 379, 1, 1, 32, 6),
(7007, 412, 1, 1, 29, 6),
(7008, 412, 1, 1, 30, 6),
(7009, 412, 1, 1, 31, 6),
(7010, 412, 1, 1, 32, 6),
(7012, 424, 1, 1, 29, 6),
(7013, 424, 1, 1, 30, 6),
(7014, 424, 1, 1, 31, 6),
(7015, 424, 1, 1, 32, 6),
(7017, 37, 1, 1, 29, 6),
(7018, 37, 1, 1, 30, 6),
(7019, 37, 1, 1, 31, 7),
(7020, 37, 1, 1, 32, 6),
(7022, 40, 1, 1, 30, 7),
(7023, 40, 1, 1, 29, 6),
(7024, 40, 1, 1, 31, 6),
(7025, 40, 1, 1, 32, 6),
(7027, 60, 1, 1, 29, 7),
(7028, 60, 1, 1, 30, 6),
(7029, 60, 1, 1, 31, 7),
(7030, 60, 1, 1, 32, 7),
(7032, 74, 1, 1, 29, 7),
(7033, 74, 1, 1, 30, 6),
(7034, 74, 1, 1, 31, 7),
(7035, 74, 1, 1, 32, 6),
(7037, 80, 1, 1, 29, 6),
(7038, 80, 1, 1, 30, 6),
(7039, 80, 1, 1, 31, 6),
(7040, 80, 1, 1, 32, 6),
(7042, 87, 1, 1, 29, 6),
(7043, 87, 1, 1, 30, 6),
(7044, 87, 1, 1, 31, 7),
(7045, 87, 1, 1, 32, 6),
(7047, 104, 1, 1, 29, 6),
(7048, 104, 1, 1, 30, 6),
(7049, 104, 1, 1, 31, 7),
(7050, 104, 1, 1, 32, 6),
(7052, 107, 1, 1, 29, 6),
(7053, 107, 1, 1, 30, 6),
(7054, 107, 1, 1, 31, 6),
(7055, 107, 1, 1, 32, 6),
(7057, 127, 1, 1, 29, 7),
(7058, 127, 1, 1, 30, 6),
(7059, 127, 1, 1, 31, 6),
(7060, 127, 1, 1, 32, 7),
(7062, 137, 1, 1, 29, 6),
(7063, 137, 1, 1, 30, 6),
(7064, 137, 1, 1, 31, 6),
(7065, 137, 1, 1, 32, 6),
(7067, 155, 1, 1, 29, 6),
(7068, 155, 1, 1, 30, 6),
(7069, 155, 1, 1, 32, 6),
(7071, 155, 1, 1, 31, 6),
(7072, 160, 1, 1, 29, 6),
(7073, 160, 1, 1, 30, 6),
(7074, 160, 1, 1, 31, 6),
(7075, 160, 1, 1, 32, 6),
(7077, 169, 1, 1, 29, 6),
(7078, 169, 1, 1, 30, 6),
(7079, 169, 1, 1, 31, 7),
(7080, 169, 1, 1, 32, 6),
(7082, 172, 1, 1, 29, 6),
(7083, 172, 1, 1, 31, 6),
(7084, 172, 1, 1, 32, 6),
(7085, 172, 1, 1, 30, 6),
(7087, 197, 1, 1, 29, 7),
(7088, 197, 1, 1, 30, 6),
(7089, 197, 1, 1, 31, 7),
(7090, 197, 1, 1, 32, 7),
(7092, 212, 1, 1, 29, 7),
(7093, 212, 1, 1, 30, 6),
(7094, 212, 1, 1, 31, 6),
(7095, 212, 1, 1, 32, 7),
(7097, 259, 1, 1, 29, 6),
(7098, 259, 1, 1, 30, 6),
(7099, 259, 1, 1, 31, 7),
(7100, 259, 1, 1, 32, 6),
(7102, 281, 1, 1, 29, 7),
(7103, 281, 1, 1, 30, 6),
(7104, 281, 1, 1, 31, 8),
(7105, 281, 1, 1, 32, 8),
(7107, 362, 1, 1, 29, 6),
(7108, 362, 1, 1, 30, 6),
(7109, 362, 1, 1, 31, 6),
(7110, 362, 1, 1, 32, 6),
(7112, 366, 1, 1, 29, 6),
(7113, 366, 1, 1, 30, 6),
(7114, 366, 1, 1, 31, 6),
(7115, 366, 1, 1, 32, 6),
(7117, 388, 1, 1, 29, 7),
(7118, 388, 1, 1, 30, 6),
(7119, 388, 1, 1, 31, 7),
(7120, 388, 1, 1, 32, 7),
(7122, 403, 1, 1, 29, 6),
(7123, 403, 1, 1, 30, 7),
(7124, 403, 1, 1, 31, 6),
(7125, 403, 1, 1, 32, 6),
(7127, 421, 1, 1, 29, 6),
(7128, 421, 1, 1, 30, 7),
(7129, 421, 1, 1, 31, 6),
(7130, 421, 1, 1, 32, 6),
(7132, 423, 1, 1, 29, 6),
(7133, 423, 1, 1, 30, 6),
(7134, 423, 1, 1, 31, 6),
(7135, 423, 1, 1, 32, 6),
(7137, 54, 1, 1, 30, 5),
(7138, 54, 1, 1, 29, 7),
(7139, 54, 1, 1, 32, 6),
(7141, 54, 1, 1, 31, 7),
(7142, 57, 1, 1, 29, 6),
(7143, 57, 1, 1, 30, 5),
(7144, 57, 1, 1, 31, 7),
(7145, 57, 1, 1, 32, 6),
(7147, 63, 1, 1, 31, 7),
(7148, 63, 1, 1, 30, 5),
(7149, 63, 1, 1, 29, 6),
(7150, 63, 1, 1, 32, 5),
(7152, 69, 1, 1, 30, 5),
(7153, 69, 1, 1, 31, 7),
(7154, 69, 1, 1, 29, 7),
(7155, 69, 1, 1, 32, 7),
(7157, 70, 1, 1, 29, 6),
(7158, 70, 1, 1, 30, 5),
(7159, 70, 1, 1, 31, 5),
(7160, 70, 1, 1, 32, 5),
(7162, 84, 1, 1, 29, 6),
(7163, 84, 1, 1, 30, 5),
(7164, 84, 1, 1, 31, 7),
(7165, 84, 1, 1, 32, 5),
(7167, 108, 1, 1, 29, 7),
(7168, 108, 1, 1, 30, 6),
(7169, 108, 1, 1, 32, 6),
(7170, 108, 1, 1, 31, 7),
(7172, 134, 1, 1, 30, 5),
(7173, 134, 1, 1, 31, 6),
(7174, 134, 1, 1, 32, 6),
(7175, 134, 1, 1, 29, 6),
(7177, 170, 1, 1, 29, 6),
(7178, 170, 1, 1, 30, 5),
(7179, 170, 1, 1, 31, 6),
(7180, 170, 1, 1, 32, 6),
(7182, 190, 1, 1, 29, 6),
(7183, 190, 1, 1, 30, 5),
(7184, 190, 1, 1, 31, 7),
(7185, 190, 1, 1, 32, 5),
(7187, 214, 1, 1, 29, 6),
(7188, 214, 1, 1, 30, 5),
(7189, 214, 1, 1, 31, 7),
(7190, 214, 1, 1, 32, 6),
(7192, 228, 1, 1, 30, 6),
(7193, 228, 1, 1, 29, 6),
(7194, 228, 1, 1, 31, 7),
(7196, 228, 1, 1, 32, 6),
(7197, 236, 1, 1, 29, 5),
(7198, 236, 1, 1, 30, 5),
(7199, 236, 1, 1, 31, 6),
(7200, 236, 1, 1, 32, 5),
(7202, 240, 1, 1, 29, 6),
(7203, 240, 1, 1, 30, 5),
(7204, 240, 1, 1, 31, 6),
(7205, 240, 1, 1, 32, 5),
(7207, 244, 1, 1, 29, 5),
(7208, 244, 1, 1, 30, 5),
(7209, 244, 1, 1, 31, 6),
(7210, 244, 1, 1, 32, 5),
(7212, 247, 1, 1, 29, 6),
(7213, 247, 1, 1, 30, 5),
(7214, 247, 1, 1, 31, 6),
(7215, 247, 1, 1, 32, 7),
(7217, 267, 1, 1, 29, 7),
(7218, 267, 1, 1, 30, 6),
(7219, 267, 1, 1, 31, 7),
(7220, 267, 1, 1, 32, 6),
(7222, 294, 1, 1, 32, 6),
(7223, 294, 1, 1, 31, 6),
(7224, 294, 1, 1, 30, 5),
(7225, 294, 1, 1, 29, 5),
(7227, 304, 1, 1, 31, 7),
(7228, 304, 1, 1, 30, 7),
(7229, 304, 1, 1, 29, 6),
(7230, 304, 1, 1, 32, 6),
(7232, 398, 1, 1, 30, 8),
(7233, 398, 1, 1, 29, 7),
(7234, 398, 1, 1, 31, 7),
(7235, 398, 1, 1, 32, 7),
(7237, 406, 1, 1, 32, 7),
(7238, 406, 1, 1, 31, 7),
(7239, 406, 1, 1, 30, 5),
(7240, 406, 1, 1, 29, 7),
(7242, 21, 1, 1, 30, 5),
(7243, 21, 1, 1, 29, 6),
(7244, 21, 1, 1, 31, 6),
(7245, 21, 1, 1, 32, 7),
(7247, 22, 1, 1, 30, 5),
(7248, 22, 1, 1, 29, 7),
(7249, 22, 1, 1, 31, 7),
(7250, 22, 1, 1, 32, 7),
(7252, 24, 1, 1, 30, 5),
(7253, 24, 1, 1, 29, 5),
(7254, 24, 1, 1, 32, 6),
(7255, 24, 1, 1, 31, 6),
(7256, 49, 1, 1, 31, 6),
(7257, 49, 1, 1, 30, 5),
(7258, 49, 1, 1, 29, 7),
(7259, 49, 1, 1, 32, 7),
(7261, 92, 1, 1, 30, 7),
(7262, 92, 1, 1, 29, 6),
(7263, 92, 1, 1, 31, 7),
(7264, 92, 1, 1, 32, 7),
(7266, 100, 1, 1, 30, 5),
(7267, 100, 1, 1, 31, 6),
(7268, 100, 1, 1, 29, 6),
(7269, 100, 1, 1, 32, 7),
(7271, 106, 1, 1, 32, 7),
(7272, 106, 1, 1, 30, 7),
(7273, 106, 1, 1, 29, 6),
(7274, 106, 1, 1, 31, 6),
(7276, 123, 1, 1, 30, 5),
(7277, 123, 1, 1, 29, 5),
(7278, 123, 1, 1, 32, 6),
(7279, 123, 1, 1, 31, 6),
(7281, 126, 1, 1, 32, 7),
(7282, 126, 1, 1, 31, 6),
(7283, 126, 1, 1, 30, 5),
(7284, 126, 1, 1, 29, 6),
(7286, 145, 1, 1, 32, 7),
(7287, 145, 1, 1, 31, 7),
(7288, 145, 1, 1, 30, 5),
(7289, 145, 1, 1, 29, 6),
(7291, 146, 1, 1, 29, 6),
(7292, 146, 1, 1, 30, 5),
(7293, 146, 1, 1, 32, 6),
(7294, 146, 1, 1, 31, 7),
(7296, 147, 1, 1, 30, 6),
(7297, 147, 1, 1, 29, 6),
(7298, 147, 1, 1, 31, 7),
(7299, 147, 1, 1, 32, 7),
(7301, 204, 1, 1, 29, 6),
(7302, 204, 1, 1, 30, 5),
(7303, 204, 1, 1, 31, 5),
(7304, 204, 1, 1, 32, 6),
(7306, 213, 1, 1, 32, 7),
(7307, 213, 1, 1, 29, 6),
(7308, 213, 1, 1, 30, 5),
(7309, 213, 1, 1, 31, 7),
(7311, 221, 1, 1, 29, 6),
(7312, 221, 1, 1, 30, 5),
(7313, 221, 1, 1, 31, 6),
(7314, 221, 1, 1, 32, 5),
(7316, 238, 1, 1, 29, 6),
(7317, 238, 1, 1, 30, 5),
(7318, 238, 1, 1, 31, 6),
(7319, 238, 1, 1, 32, 6),
(7321, 253, 1, 1, 29, 6),
(7322, 253, 1, 1, 30, 5),
(7323, 253, 1, 1, 31, 6),
(7324, 253, 1, 1, 32, 6),
(7326, 310, 1, 1, 29, 8),
(7327, 310, 1, 1, 30, 7),
(7328, 310, 1, 1, 31, 8),
(7329, 310, 1, 1, 32, 6),
(7331, 319, 1, 1, 29, 6),
(7332, 319, 1, 1, 30, 5),
(7333, 319, 1, 1, 31, 7),
(7334, 319, 1, 1, 32, 6),
(7336, 337, 1, 1, 29, 6),
(7337, 337, 1, 1, 32, 6),
(7338, 337, 1, 1, 31, 7),
(7339, 337, 1, 1, 30, 5),
(7341, 390, 1, 1, 32, 7),
(7342, 390, 1, 1, 29, 7),
(7343, 390, 1, 1, 30, 5),
(7344, 390, 1, 1, 31, 7),
(7347, 14, 1, 1, 74, 7),
(7349, 14, 1, 1, 73, 8),
(7352, 14, 1, 1, 33, 7),
(7353, 14, 1, 1, 34, 7),
(7354, 14, 1, 1, 35, 7),
(7355, 33, 1, 1, 30, 5),
(7356, 33, 1, 1, 29, 6),
(7357, 33, 1, 1, 32, 7),
(7358, 33, 1, 1, 31, 6),
(7360, 59, 1, 1, 29, 7),
(7361, 59, 1, 1, 30, 5),
(7362, 59, 1, 1, 31, 7),
(7363, 59, 1, 1, 32, 5),
(7365, 91, 1, 1, 29, 5),
(7366, 91, 1, 1, 30, 5),
(7367, 91, 1, 1, 32, 5),
(7369, 91, 1, 1, 31, 6),
(7370, 94, 1, 1, 29, 6),
(7371, 94, 1, 1, 30, 5),
(7372, 94, 1, 1, 31, 6),
(7373, 94, 1, 1, 32, 5),
(7375, 102, 1, 1, 29, 6),
(7376, 102, 1, 1, 30, 5),
(7377, 102, 1, 1, 31, 6),
(7378, 102, 1, 1, 32, 5),
(7381, 135, 1, 1, 29, 7),
(7382, 135, 1, 1, 32, 6),
(7383, 135, 1, 1, 31, 7),
(7384, 135, 1, 1, 30, 6),
(7387, 14, 1, 1, 75, 6),
(7388, 14, 1, 1, 76, 8),
(7389, 14, 1, 1, 77, 9),
(7390, 14, 1, 1, 22, 8),
(7391, 14, 1, 1, 23, 7),
(7392, 186, 1, 1, 29, 6),
(7393, 186, 1, 1, 30, 5),
(7394, 186, 1, 1, 31, 6),
(7395, 186, 1, 1, 32, 5),
(7397, 208, 1, 1, 29, 6),
(7398, 208, 1, 1, 30, 5),
(7399, 208, 1, 1, 31, 7),
(7400, 208, 1, 1, 32, 5),
(7402, 257, 1, 1, 29, 5),
(7403, 257, 1, 1, 30, 5),
(7404, 257, 1, 1, 31, 6),
(7405, 257, 1, 1, 32, 6),
(7407, 14, 1, 1, 18, 6),
(7408, 268, 1, 1, 29, 6),
(7409, 268, 1, 1, 30, 5),
(7410, 268, 1, 1, 31, 6),
(7411, 268, 1, 1, 32, 6),
(7413, 269, 1, 1, 32, 6),
(7414, 269, 1, 1, 29, 5),
(7415, 269, 1, 1, 30, 5),
(7416, 269, 1, 1, 31, 7),
(7419, 277, 1, 1, 29, 6),
(7420, 277, 1, 1, 30, 5),
(7421, 277, 1, 1, 32, 5),
(7422, 277, 1, 1, 31, 6),
(7423, 299, 1, 1, 29, 7),
(7424, 299, 1, 1, 32, 6),
(7425, 299, 1, 1, 31, 7),
(7426, 299, 1, 1, 30, 7),
(7428, 314, 1, 1, 30, 5),
(7429, 314, 1, 1, 29, 6),
(7430, 314, 1, 1, 32, 6),
(7431, 314, 1, 1, 31, 6),
(7433, 315, 1, 1, 29, 6),
(7434, 315, 1, 1, 30, 5),
(7435, 315, 1, 1, 32, 6),
(7436, 315, 1, 1, 31, 6),
(7438, 328, 1, 1, 29, 5),
(7439, 328, 1, 1, 30, 5),
(7440, 328, 1, 1, 31, 6),
(7441, 328, 1, 1, 32, 5),
(7443, 342, 1, 1, 29, 6),
(7444, 342, 1, 1, 30, 6),
(7445, 342, 1, 1, 31, 7),
(7446, 342, 1, 1, 32, 6),
(7448, 356, 1, 1, 29, 7),
(7449, 356, 1, 1, 30, 5),
(7450, 356, 1, 1, 31, 7),
(7451, 356, 1, 1, 32, 6),
(7453, 360, 1, 1, 29, 7),
(7454, 360, 1, 1, 30, 6),
(7455, 360, 1, 1, 31, 7),
(7456, 360, 1, 1, 32, 6),
(7458, 367, 1, 1, 31, 7),
(7459, 367, 1, 1, 29, 6),
(7460, 367, 1, 1, 32, 5),
(7461, 367, 1, 1, 30, 5),
(7463, 394, 1, 1, 29, 5),
(7464, 394, 1, 1, 32, 7),
(7466, 394, 1, 1, 30, 5),
(7467, 394, 1, 1, 31, 6),
(7468, 397, 1, 1, 30, 5),
(7469, 397, 1, 1, 29, 6),
(7470, 397, 1, 1, 32, 7),
(7471, 397, 1, 1, 31, 7),
(7474, 407, 1, 1, 29, 6),
(7475, 407, 1, 1, 30, 5),
(7476, 407, 1, 1, 31, 6),
(7477, 407, 1, 1, 32, 5),
(7478, 409, 1, 1, 29, 6),
(7479, 409, 1, 1, 30, 6),
(7480, 409, 1, 1, 31, 7),
(7481, 409, 1, 1, 32, 6),
(7483, 411, 1, 1, 32, 6),
(7484, 411, 1, 1, 31, 7),
(7485, 411, 1, 1, 30, 5),
(7486, 411, 1, 1, 29, 7),
(7489, 14, 1, 1, 19, 6),
(7490, 14, 1, 1, 20, 6),
(7491, 14, 1, 1, 21, 6),
(7492, 14, 1, 1, 6, 6),
(7493, 14, 1, 1, 8, 7),
(7494, 14, 1, 1, 10, 7),
(7495, 14, 1, 1, 11, 6),
(7498, 14, 1, 1, 1, 7),
(7499, 14, 1, 1, 2, 8),
(7500, 14, 1, 1, 3, 9),
(7501, 14, 1, 1, 4, 9),
(7502, 14, 1, 1, 5, 8),
(7504, 54, 1, 1, 2, 5),
(7505, 54, 1, 1, 3, 5),
(7506, 54, 1, 1, 4, 5),
(7507, 54, 1, 1, 5, 5),
(7509, 54, 1, 1, 6, 6),
(7510, 54, 1, 1, 7, 5),
(7511, 54, 1, 1, 9, 6),
(7512, 54, 1, 1, 10, 5),
(7513, 54, 1, 1, 11, 6),
(7515, 54, 1, 1, 18, 6),
(7516, 54, 1, 1, 19, 6),
(7517, 54, 1, 1, 20, 6),
(7518, 54, 1, 1, 21, 6),
(7520, 54, 1, 1, 25, 5),
(7521, 54, 1, 1, 23, 5),
(7522, 54, 1, 1, 22, 5),
(7524, 54, 1, 1, 75, 6),
(7525, 54, 1, 1, 76, 5),
(7526, 54, 1, 1, 77, 5),
(7528, 54, 1, 1, 33, 5),
(7529, 54, 1, 1, 34, 7),
(7530, 54, 1, 1, 35, 7),
(7532, 54, 1, 1, 72, 6),
(7534, 54, 1, 1, 73, 6),
(7536, 54, 1, 1, 74, 6),
(7538, 57, 1, 1, 1, 7),
(7539, 57, 1, 1, 2, 5),
(7540, 57, 1, 1, 3, 6),
(7541, 57, 1, 1, 4, 5),
(7542, 57, 1, 1, 5, 7),
(7544, 57, 1, 1, 6, 6),
(7545, 57, 1, 1, 7, 5),
(7546, 57, 1, 1, 9, 6),
(7547, 57, 1, 1, 10, 5),
(7548, 57, 1, 1, 11, 5),
(7550, 57, 1, 1, 18, 5),
(7551, 57, 1, 1, 19, 5),
(7552, 57, 1, 1, 20, 5),
(7553, 57, 1, 1, 21, 5),
(7555, 57, 1, 1, 22, 5),
(7556, 57, 1, 1, 23, 5),
(7557, 57, 1, 1, 25, 5),
(7559, 57, 1, 1, 75, 5),
(7560, 57, 1, 1, 76, 5),
(7561, 57, 1, 1, 77, 5),
(7563, 57, 1, 1, 33, 5),
(7564, 57, 1, 1, 34, 5),
(7565, 57, 1, 1, 35, 5),
(7567, 57, 1, 1, 72, 5),
(7569, 57, 1, 1, 73, 5),
(7571, 57, 1, 1, 74, 5),
(7573, 63, 1, 1, 19, 6),
(7574, 63, 1, 1, 18, 6),
(7575, 63, 1, 1, 21, 6),
(7577, 63, 1, 1, 2, 6),
(7578, 63, 1, 1, 1, 6),
(7579, 63, 1, 1, 3, 7),
(7580, 63, 1, 1, 4, 7),
(7581, 63, 1, 1, 5, 6),
(7583, 63, 1, 1, 6, 6),
(7584, 63, 1, 1, 7, 6),
(7585, 63, 1, 1, 9, 7),
(7586, 63, 1, 1, 10, 7),
(7587, 63, 1, 1, 11, 6),
(7589, 63, 1, 1, 22, 6),
(7590, 63, 1, 1, 23, 7),
(7591, 63, 1, 1, 25, 6),
(7593, 63, 1, 1, 75, 6),
(7594, 63, 1, 1, 76, 7),
(7595, 63, 1, 1, 77, 6),
(7597, 63, 1, 1, 33, 6),
(7598, 63, 1, 1, 34, 7),
(7599, 63, 1, 1, 35, 7),
(7601, 63, 1, 1, 72, 6),
(7603, 63, 1, 1, 73, 6),
(7605, 63, 1, 1, 74, 6),
(7607, 69, 1, 1, 1, 9),
(7608, 69, 1, 1, 2, 8),
(7609, 69, 1, 1, 3, 8),
(7610, 69, 1, 1, 4, 8),
(7612, 69, 1, 1, 6, 9),
(7613, 69, 1, 1, 7, 8),
(7614, 69, 1, 1, 9, 8),
(7615, 69, 1, 1, 10, 8),
(7616, 69, 1, 1, 11, 8),
(7618, 69, 1, 1, 18, 8),
(7619, 69, 1, 1, 19, 8),
(7620, 69, 1, 1, 20, 8),
(7621, 69, 1, 1, 21, 9),
(7623, 69, 1, 1, 22, 8),
(7624, 69, 1, 1, 23, 7),
(7625, 69, 1, 1, 25, 7),
(7627, 69, 1, 1, 75, 7),
(7628, 69, 1, 1, 76, 7),
(7629, 69, 1, 1, 77, 7),
(7631, 69, 1, 1, 33, 8),
(7632, 69, 1, 1, 34, 8),
(7633, 69, 1, 1, 35, 9),
(7635, 69, 1, 1, 72, 7),
(7637, 69, 1, 1, 73, 8),
(7639, 69, 1, 1, 74, 8),
(7641, 70, 1, 1, 1, 5),
(7642, 70, 1, 1, 18, 5),
(7643, 70, 1, 1, 19, 5),
(7644, 70, 1, 1, 20, 5),
(7645, 70, 1, 1, 21, 5),
(7647, 70, 1, 1, 2, 5),
(7648, 70, 1, 1, 3, 5),
(7649, 70, 1, 1, 4, 5),
(7650, 70, 1, 1, 5, 5),
(7652, 70, 1, 1, 6, 5),
(7653, 70, 1, 1, 7, 5),
(7654, 70, 1, 1, 9, 5),
(7655, 70, 1, 1, 10, 5),
(7656, 70, 1, 1, 11, 5),
(7658, 70, 1, 1, 22, 5),
(7659, 70, 1, 1, 23, 5),
(7660, 70, 1, 1, 25, 5),
(7662, 70, 1, 1, 75, 5),
(7663, 70, 1, 1, 77, 6),
(7664, 70, 1, 1, 76, 5),
(7666, 70, 1, 1, 33, 5),
(7667, 70, 1, 1, 34, 5),
(7668, 70, 1, 1, 35, 5),
(7670, 70, 1, 1, 72, 5),
(7672, 70, 1, 1, 73, 5),
(7674, 70, 1, 1, 74, 5),
(7676, 84, 1, 1, 18, 6),
(7677, 84, 1, 1, 19, 7),
(7678, 84, 1, 1, 20, 6),
(7679, 84, 1, 1, 21, 7),
(7681, 84, 1, 1, 1, 6),
(7682, 84, 1, 1, 2, 6),
(7683, 84, 1, 1, 3, 7),
(7684, 84, 1, 1, 4, 7),
(7685, 84, 1, 1, 5, 5),
(7687, 84, 1, 1, 6, 7),
(7688, 84, 1, 1, 7, 6),
(7689, 84, 1, 1, 9, 7),
(7690, 84, 1, 1, 10, 7),
(7691, 84, 1, 1, 11, 6),
(7693, 84, 1, 1, 22, 5),
(7694, 84, 1, 1, 23, 6),
(7695, 84, 1, 1, 25, 6),
(7697, 84, 1, 1, 75, 6),
(7698, 84, 1, 1, 76, 6),
(7699, 84, 1, 1, 77, 6),
(7701, 84, 1, 1, 33, 5),
(7702, 84, 1, 1, 34, 5),
(7703, 84, 1, 1, 35, 5),
(7705, 84, 1, 1, 72, 5),
(7707, 84, 1, 1, 73, 6),
(7709, 84, 1, 1, 74, 6),
(7712, 108, 1, 1, 2, 6),
(7713, 108, 1, 1, 3, 8),
(7714, 108, 1, 1, 4, 6),
(7715, 108, 1, 1, 5, 7),
(7717, 108, 1, 1, 6, 7),
(7718, 108, 1, 1, 7, 6),
(7719, 108, 1, 1, 9, 8),
(7720, 108, 1, 1, 10, 6),
(7721, 108, 1, 1, 11, 7),
(7723, 108, 1, 1, 18, 7),
(7724, 108, 1, 1, 19, 8),
(7725, 108, 1, 1, 20, 7),
(7726, 108, 1, 1, 21, 7),
(7728, 108, 1, 1, 22, 6),
(7729, 108, 1, 1, 23, 6),
(7730, 108, 1, 1, 25, 7),
(7732, 108, 1, 1, 75, 6),
(7733, 108, 1, 1, 76, 5),
(7734, 108, 1, 1, 77, 5),
(7736, 108, 1, 1, 33, 8),
(7737, 108, 1, 1, 34, 8),
(7738, 108, 1, 1, 35, 8),
(7740, 108, 1, 1, 72, 7),
(7742, 108, 1, 1, 73, 8),
(7744, 108, 1, 1, 74, 8),
(7746, 134, 1, 1, 18, 6),
(7747, 134, 1, 1, 19, 6),
(7748, 134, 1, 1, 20, 6),
(7749, 134, 1, 1, 21, 6),
(7751, 134, 1, 1, 1, 5),
(7752, 134, 1, 1, 2, 5),
(7753, 134, 1, 1, 3, 6),
(7754, 134, 1, 1, 4, 6),
(7755, 134, 1, 1, 5, 6),
(7757, 134, 1, 1, 6, 5),
(7758, 134, 1, 1, 7, 5),
(7759, 134, 1, 1, 9, 6),
(7760, 134, 1, 1, 10, 6),
(7761, 134, 1, 1, 11, 6),
(7762, 134, 1, 1, 22, 5),
(7763, 134, 1, 1, 23, 5),
(7764, 134, 1, 1, 25, 6),
(7766, 134, 1, 1, 75, 6),
(7767, 134, 1, 1, 76, 5),
(7768, 134, 1, 1, 77, 5),
(7770, 134, 1, 1, 33, 5),
(7771, 134, 1, 1, 34, 6),
(7772, 134, 1, 1, 35, 6),
(7774, 134, 1, 1, 72, 5),
(7776, 134, 1, 1, 73, 5),
(7778, 134, 1, 1, 74, 6),
(7780, 170, 1, 1, 1, 5),
(7781, 170, 1, 1, 2, 5),
(7782, 170, 1, 1, 3, 5),
(7783, 170, 1, 1, 4, 5),
(7784, 170, 1, 1, 5, 5),
(7786, 170, 1, 1, 6, 5),
(7787, 170, 1, 1, 7, 5),
(7788, 170, 1, 1, 9, 5),
(7789, 170, 1, 1, 10, 5),
(7790, 170, 1, 1, 11, 5),
(7792, 170, 1, 1, 18, 5),
(7793, 170, 1, 1, 19, 5),
(7794, 170, 1, 1, 20, 5),
(7795, 170, 1, 1, 21, 5),
(7797, 170, 1, 1, 22, 5),
(7798, 170, 1, 1, 23, 5),
(7799, 170, 1, 1, 25, 5),
(7801, 170, 1, 1, 75, 5),
(7802, 170, 1, 1, 76, 5),
(7803, 170, 1, 1, 77, 5),
(7805, 170, 1, 1, 33, 5),
(7806, 170, 1, 1, 34, 5),
(7807, 170, 1, 1, 35, 5),
(7809, 170, 1, 1, 72, 5),
(7811, 170, 1, 1, 73, 5),
(7813, 170, 1, 1, 74, 5),
(7815, 190, 1, 1, 18, 6),
(7816, 190, 1, 1, 19, 6),
(7817, 190, 1, 1, 20, 6),
(7818, 190, 1, 1, 21, 6),
(7820, 190, 1, 1, 1, 6),
(7821, 190, 1, 1, 2, 6),
(7822, 190, 1, 1, 3, 7),
(7823, 190, 1, 1, 4, 5),
(7824, 190, 1, 1, 5, 5),
(7826, 190, 1, 1, 6, 6),
(7827, 190, 1, 1, 7, 6),
(7828, 190, 1, 1, 9, 7),
(7829, 190, 1, 1, 10, 5),
(7830, 190, 1, 1, 11, 6),
(7832, 190, 1, 1, 22, 5),
(7833, 190, 1, 1, 23, 5),
(7834, 190, 1, 1, 25, 5),
(7836, 190, 1, 1, 75, 5),
(7837, 190, 1, 1, 76, 5),
(7838, 190, 1, 1, 77, 6),
(7840, 190, 1, 1, 33, 6),
(7841, 190, 1, 1, 34, 5),
(7842, 190, 1, 1, 35, 5),
(7844, 190, 1, 1, 72, 6),
(7846, 190, 1, 1, 73, 5),
(7848, 190, 1, 1, 74, 5),
(7850, 214, 1, 1, 1, 6),
(7851, 214, 1, 1, 2, 6),
(7852, 214, 1, 1, 3, 7),
(7853, 214, 1, 1, 4, 7),
(7854, 214, 1, 1, 5, 5),
(7856, 214, 1, 1, 6, 6),
(7857, 214, 1, 1, 7, 6),
(7858, 214, 1, 1, 9, 7),
(7859, 214, 1, 1, 10, 7),
(7860, 214, 1, 1, 11, 6),
(7862, 214, 1, 1, 18, 7),
(7863, 214, 1, 1, 19, 7),
(7864, 214, 1, 1, 20, 7),
(7865, 214, 1, 1, 21, 7),
(7867, 214, 1, 1, 22, 6),
(7868, 214, 1, 1, 23, 6),
(7869, 214, 1, 1, 25, 6),
(7871, 214, 1, 1, 75, 6),
(7872, 214, 1, 1, 76, 7),
(7873, 214, 1, 1, 77, 8),
(7875, 214, 1, 1, 33, 6),
(7876, 214, 1, 1, 34, 6),
(7877, 214, 1, 1, 35, 7),
(7879, 214, 1, 1, 72, 6),
(7881, 214, 1, 1, 73, 6),
(7883, 214, 1, 1, 74, 7),
(7885, 228, 1, 1, 18, 7),
(7886, 228, 1, 1, 19, 8),
(7887, 228, 1, 1, 20, 8),
(7889, 228, 1, 1, 1, 8),
(7890, 228, 1, 1, 2, 7),
(7891, 228, 1, 1, 3, 7),
(7892, 228, 1, 1, 4, 6),
(7893, 228, 1, 1, 5, 6),
(7895, 228, 1, 1, 6, 8),
(7896, 228, 1, 1, 7, 7),
(7897, 228, 1, 1, 9, 7),
(7898, 228, 1, 1, 10, 6),
(7899, 228, 1, 1, 11, 6),
(7901, 228, 1, 1, 22, 6),
(7902, 228, 1, 1, 23, 7),
(7903, 228, 1, 1, 25, 6),
(7905, 228, 1, 1, 75, 6),
(7906, 228, 1, 1, 76, 7),
(7907, 228, 1, 1, 77, 7),
(7909, 228, 1, 1, 33, 7),
(7910, 228, 1, 1, 35, 6),
(7912, 228, 1, 1, 72, 6),
(7914, 228, 1, 1, 73, 6),
(7916, 228, 1, 1, 74, 6),
(7918, 236, 1, 1, 1, 5),
(7919, 236, 1, 1, 2, 5),
(7920, 236, 1, 1, 3, 6),
(7921, 236, 1, 1, 4, 6),
(7922, 236, 1, 1, 5, 5),
(7924, 236, 1, 1, 6, 5),
(7925, 236, 1, 1, 7, 5),
(7926, 236, 1, 1, 9, 6),
(7927, 236, 1, 1, 10, 6),
(7928, 236, 1, 1, 11, 6),
(7930, 236, 1, 1, 18, 6),
(7931, 236, 1, 1, 19, 6),
(7932, 236, 1, 1, 20, 5),
(7933, 236, 1, 1, 21, 6),
(7935, 236, 1, 1, 22, 5),
(7936, 236, 1, 1, 23, 5),
(7937, 236, 1, 1, 25, 5),
(7939, 236, 1, 1, 75, 6),
(7940, 236, 1, 1, 76, 5),
(7941, 236, 1, 1, 77, 5),
(7943, 236, 1, 1, 33, 5),
(7944, 236, 1, 1, 35, 6),
(7946, 236, 1, 1, 72, 5),
(7948, 236, 1, 1, 73, 6),
(7950, 236, 1, 1, 74, 6),
(7952, 240, 1, 1, 18, 7),
(7953, 240, 1, 1, 19, 6),
(7954, 240, 1, 1, 20, 6),
(7955, 240, 1, 1, 21, 7),
(7957, 240, 1, 1, 1, 6),
(7958, 240, 1, 1, 2, 6),
(7959, 240, 1, 1, 3, 7),
(7960, 240, 1, 1, 4, 5),
(7961, 240, 1, 1, 5, 5),
(7963, 240, 1, 1, 6, 6),
(7964, 240, 1, 1, 7, 6),
(7965, 240, 1, 1, 9, 7),
(7966, 240, 1, 1, 10, 5),
(7967, 240, 1, 1, 11, 5),
(7969, 240, 1, 1, 22, 6),
(7970, 240, 1, 1, 23, 5),
(7971, 240, 1, 1, 25, 5),
(7973, 240, 1, 1, 75, 6),
(7974, 240, 1, 1, 76, 6),
(7975, 240, 1, 1, 77, 6),
(7977, 240, 1, 1, 33, 6),
(7978, 240, 1, 1, 34, 5),
(7979, 240, 1, 1, 35, 5),
(7981, 240, 1, 1, 72, 5),
(7983, 240, 1, 1, 73, 5),
(7985, 240, 1, 1, 74, 5),
(7987, 244, 1, 1, 1, 6),
(7988, 244, 1, 1, 2, 6),
(7989, 244, 1, 1, 3, 6),
(7990, 244, 1, 1, 4, 5),
(7991, 244, 1, 1, 5, 5),
(7993, 244, 1, 1, 6, 6),
(7994, 244, 1, 1, 7, 6),
(7995, 244, 1, 1, 9, 6),
(7996, 244, 1, 1, 10, 5),
(7997, 244, 1, 1, 11, 6),
(7999, 244, 1, 1, 18, 6),
(8000, 244, 1, 1, 19, 6),
(8001, 244, 1, 1, 20, 6),
(8002, 244, 1, 1, 21, 6),
(8004, 244, 1, 1, 22, 6),
(8005, 244, 1, 1, 23, 5),
(8006, 244, 1, 1, 25, 5),
(8008, 244, 1, 1, 75, 5),
(8009, 244, 1, 1, 76, 5),
(8010, 244, 1, 1, 77, 6),
(8012, 244, 1, 1, 33, 6),
(8013, 244, 1, 1, 34, 5),
(8014, 244, 1, 1, 35, 5),
(8016, 244, 1, 1, 72, 5),
(8018, 244, 1, 1, 73, 5),
(8020, 244, 1, 1, 74, 6),
(8022, 247, 1, 1, 18, 6),
(8023, 247, 1, 1, 19, 7),
(8024, 247, 1, 1, 20, 6),
(8025, 247, 1, 1, 21, 6),
(8027, 247, 1, 1, 22, 5),
(8028, 247, 1, 1, 23, 6),
(8029, 247, 1, 1, 25, 6),
(8031, 247, 1, 1, 75, 6),
(8032, 247, 1, 1, 76, 5),
(8033, 247, 1, 1, 77, 5),
(8035, 247, 1, 1, 33, 5),
(8036, 247, 1, 1, 34, 6),
(8037, 247, 1, 1, 35, 6),
(8039, 247, 1, 1, 72, 5),
(8041, 247, 1, 1, 73, 5),
(8043, 247, 1, 1, 74, 6),
(8045, 267, 1, 1, 18, 8),
(8046, 267, 1, 1, 19, 8),
(8047, 267, 1, 1, 20, 7),
(8048, 267, 1, 1, 21, 8),
(8050, 267, 1, 1, 1, 8),
(8051, 267, 1, 1, 2, 8),
(8052, 267, 1, 1, 4, 8),
(8053, 267, 1, 1, 5, 8),
(8055, 267, 1, 1, 6, 8),
(8056, 267, 1, 1, 7, 8),
(8057, 267, 1, 1, 9, 9),
(8058, 267, 1, 1, 10, 8),
(8059, 267, 1, 1, 11, 6),
(8061, 267, 1, 1, 22, 7),
(8062, 267, 1, 1, 23, 6),
(8063, 267, 1, 1, 25, 6),
(8065, 267, 1, 1, 75, 7),
(8066, 267, 1, 1, 76, 7),
(8067, 267, 1, 1, 77, 7),
(8069, 267, 1, 1, 33, 6),
(8070, 267, 1, 1, 34, 6),
(8071, 267, 1, 1, 35, 6),
(8073, 267, 1, 1, 72, 6),
(8075, 267, 1, 1, 73, 7),
(8077, 267, 1, 1, 74, 6),
(8079, 294, 1, 1, 1, 6),
(8080, 294, 1, 1, 2, 5),
(8081, 294, 1, 1, 3, 6),
(8082, 294, 1, 1, 4, 7),
(8083, 294, 1, 1, 5, 6),
(8085, 294, 1, 1, 6, 6),
(8086, 294, 1, 1, 7, 5),
(8087, 294, 1, 1, 9, 6),
(8088, 294, 1, 1, 10, 7),
(8089, 294, 1, 1, 11, 6),
(8091, 294, 1, 1, 18, 6),
(8092, 294, 1, 1, 19, 6),
(8093, 294, 1, 1, 20, 6),
(8094, 294, 1, 1, 21, 6),
(8096, 294, 1, 1, 22, 6),
(8097, 294, 1, 1, 23, 5),
(8098, 294, 1, 1, 25, 6),
(8100, 294, 1, 1, 75, 6),
(8101, 294, 1, 1, 76, 6),
(8102, 294, 1, 1, 77, 6),
(8104, 294, 1, 1, 33, 6),
(8105, 294, 1, 1, 34, 7),
(8106, 294, 1, 1, 35, 6),
(8108, 294, 1, 1, 72, 5),
(8110, 294, 1, 1, 73, 6),
(8112, 294, 1, 1, 74, 7),
(8114, 304, 1, 1, 18, 7),
(8115, 304, 1, 1, 19, 7),
(8116, 304, 1, 1, 20, 7),
(8117, 304, 1, 1, 21, 7),
(8119, 304, 1, 1, 1, 7),
(8120, 304, 1, 1, 2, 6),
(8121, 304, 1, 1, 3, 7),
(8122, 304, 1, 1, 4, 7),
(8123, 304, 1, 1, 5, 6),
(8125, 304, 1, 1, 6, 7),
(8126, 304, 1, 1, 7, 6),
(8127, 304, 1, 1, 9, 7),
(8128, 304, 1, 1, 10, 7),
(8129, 304, 1, 1, 11, 6),
(8131, 304, 1, 1, 22, 6),
(8132, 304, 1, 1, 23, 6),
(8133, 304, 1, 1, 25, 6),
(8135, 304, 1, 1, 75, 6),
(8136, 304, 1, 1, 76, 8),
(8137, 304, 1, 1, 77, 7),
(8139, 304, 1, 1, 33, 7),
(8140, 304, 1, 1, 34, 8),
(8141, 304, 1, 1, 35, 7),
(8143, 304, 1, 1, 72, 6),
(8145, 304, 1, 1, 73, 7),
(8147, 304, 1, 1, 74, 7),
(8149, 398, 1, 1, 1, 7),
(8150, 398, 1, 1, 2, 8),
(8151, 398, 1, 1, 3, 9),
(8152, 398, 1, 1, 4, 8),
(8153, 398, 1, 1, 5, 6),
(8155, 398, 1, 1, 7, 8),
(8156, 398, 1, 1, 9, 9),
(8157, 398, 1, 1, 10, 8),
(8158, 398, 1, 1, 11, 6),
(8160, 398, 1, 1, 18, 7),
(8161, 398, 1, 1, 19, 8),
(8162, 398, 1, 1, 20, 7),
(8163, 398, 1, 1, 21, 8),
(8165, 398, 1, 1, 22, 7),
(8166, 398, 1, 1, 23, 8),
(8167, 398, 1, 1, 24, 7),
(8168, 398, 1, 1, 25, 8),
(8170, 398, 1, 1, 75, 7),
(8171, 398, 1, 1, 77, 6),
(8173, 398, 1, 1, 76, 6),
(8174, 398, 1, 1, 33, 6),
(8175, 398, 1, 1, 34, 8),
(8176, 398, 1, 1, 35, 6),
(8178, 398, 1, 1, 72, 7),
(8180, 398, 1, 1, 73, 8),
(8182, 398, 1, 1, 74, 8),
(8184, 406, 1, 1, 18, 8),
(8185, 406, 1, 1, 19, 9),
(8186, 406, 1, 1, 20, 9),
(8187, 406, 1, 1, 21, 9),
(8189, 406, 1, 1, 1, 8),
(8190, 406, 1, 1, 2, 8),
(8191, 406, 1, 1, 3, 8),
(8192, 406, 1, 1, 4, 9),
(8193, 406, 1, 1, 5, 8),
(8195, 406, 1, 1, 6, 8),
(8196, 406, 1, 1, 7, 8),
(8197, 406, 1, 1, 9, 8),
(8198, 406, 1, 1, 10, 9),
(8199, 406, 1, 1, 11, 7),
(8201, 406, 1, 1, 22, 8),
(8202, 406, 1, 1, 23, 8),
(8203, 406, 1, 1, 25, 7),
(8205, 406, 1, 1, 75, 7),
(8206, 406, 1, 1, 76, 8),
(8207, 406, 1, 1, 77, 8),
(8209, 406, 1, 1, 33, 8),
(8210, 406, 1, 1, 34, 6),
(8211, 406, 1, 1, 35, 7),
(8213, 406, 1, 1, 72, 7),
(8215, 406, 1, 1, 73, 8),
(8217, 406, 1, 1, 74, 7),
(8220, 20, 1, 1, 6, 7),
(8221, 20, 1, 1, 7, 7),
(8222, 20, 1, 1, 9, 7),
(8223, 20, 1, 1, 10, 7),
(8224, 20, 1, 1, 11, 7),
(8226, 31, 1, 1, 9, 8),
(8227, 31, 1, 1, 7, 7),
(8228, 31, 1, 1, 6, 7),
(8229, 31, 1, 1, 10, 7),
(8230, 31, 1, 1, 11, 7),
(8231, 51, 1, 1, 6, 7),
(8232, 51, 1, 1, 7, 7),
(8233, 51, 1, 1, 9, 8),
(8234, 51, 1, 1, 10, 7),
(8235, 51, 1, 1, 11, 7),
(8238, 83, 1, 1, 9, 7),
(8239, 83, 1, 1, 6, 6),
(8240, 83, 1, 1, 7, 5),
(8241, 83, 1, 1, 10, 6),
(8242, 83, 1, 1, 11, 6),
(8244, 88, 1, 1, 9, 8),
(8245, 88, 1, 1, 6, 6),
(8246, 88, 1, 1, 7, 7),
(8247, 88, 1, 1, 10, 7),
(8248, 88, 1, 1, 11, 7),
(8250, 103, 1, 1, 9, 8),
(8251, 103, 1, 1, 7, 7),
(8252, 103, 1, 1, 6, 7),
(8253, 103, 1, 1, 10, 7),
(8254, 103, 1, 1, 11, 7),
(8256, 114, 1, 1, 11, 8),
(8257, 114, 1, 1, 10, 8),
(8258, 114, 1, 1, 9, 8),
(8259, 114, 1, 1, 7, 8),
(8260, 114, 1, 1, 6, 7),
(8262, 139, 1, 1, 11, 7),
(8263, 139, 1, 1, 10, 7),
(8264, 139, 1, 1, 9, 7),
(8265, 139, 1, 1, 7, 7),
(8266, 139, 1, 1, 6, 7),
(8267, 228, 1, 1, 34, 6),
(8268, 236, 1, 1, 34, 6),
(8269, 247, 1, 1, 1, 6),
(8270, 247, 1, 1, 2, 7),
(8271, 247, 1, 1, 3, 7),
(8272, 247, 1, 1, 4, 6),
(8273, 247, 1, 1, 5, 6),
(8275, 247, 1, 1, 6, 6),
(8276, 247, 1, 1, 7, 7),
(8277, 247, 1, 1, 9, 7),
(8278, 247, 1, 1, 10, 6),
(8279, 247, 1, 1, 11, 6),
(8281, 33, 1, 1, 22, 9),
(8283, 33, 1, 1, 24, 8),
(8284, 59, 1, 1, 22, 6),
(8285, 59, 1, 1, 24, 6),
(8287, 91, 1, 1, 24, 5),
(8289, 94, 1, 1, 22, 6),
(8290, 94, 1, 1, 24, 6),
(8292, 102, 1, 1, 22, 7),
(8293, 102, 1, 1, 24, 7),
(8295, 135, 1, 1, 22, 6),
(8296, 135, 1, 1, 24, 6),
(8298, 186, 1, 1, 24, 6),
(8299, 186, 1, 1, 22, 6),
(8301, 208, 1, 1, 22, 5),
(8302, 208, 1, 1, 24, 5),
(8304, 257, 1, 1, 22, 6),
(8305, 257, 1, 1, 24, 6),
(8307, 268, 1, 1, 22, 6),
(8308, 268, 1, 1, 24, 6),
(8310, 269, 1, 1, 22, 6),
(8311, 269, 1, 1, 24, 6),
(8313, 277, 1, 1, 22, 6),
(8314, 277, 1, 1, 24, 6),
(8316, 299, 1, 1, 22, 8),
(8317, 299, 1, 1, 24, 8),
(8319, 314, 1, 1, 22, 7),
(8320, 314, 1, 1, 24, 7),
(8322, 315, 1, 1, 22, 6),
(8323, 315, 1, 1, 24, 6),
(8325, 328, 1, 1, 22, 6),
(8326, 328, 1, 1, 24, 6),
(8328, 342, 1, 1, 22, 6),
(8329, 342, 1, 1, 24, 7),
(8331, 356, 1, 1, 22, 7),
(8332, 356, 1, 1, 24, 7),
(8334, 360, 1, 1, 22, 9),
(8335, 360, 1, 1, 24, 8),
(8337, 367, 1, 1, 22, 6),
(8338, 367, 1, 1, 24, 6),
(8340, 394, 1, 1, 22, 7),
(8341, 394, 1, 1, 24, 7),
(8343, 397, 1, 1, 22, 6),
(8344, 397, 1, 1, 24, 7),
(8346, 407, 1, 1, 22, 6),
(8347, 407, 1, 1, 24, 6),
(8349, 411, 1, 1, 22, 9),
(8350, 411, 1, 1, 24, 8),
(8354, 409, 1, 1, 22, 7),
(8355, 409, 1, 1, 24, 7),
(8361, 33, 1, 1, 18, 8),
(8362, 33, 1, 1, 19, 9),
(8363, 33, 1, 1, 20, 8),
(8365, 59, 1, 1, 18, 6),
(8366, 59, 1, 1, 19, 5),
(8367, 59, 1, 1, 20, 5),
(8368, 91, 1, 1, 18, 5),
(8369, 91, 1, 1, 19, 5),
(8370, 91, 1, 1, 20, 5),
(8373, 94, 1, 1, 18, 6),
(8374, 94, 1, 1, 19, 7),
(8375, 94, 1, 1, 20, 6),
(8377, 102, 1, 1, 18, 8),
(8378, 102, 1, 1, 19, 7),
(8379, 102, 1, 1, 20, 7),
(8381, 135, 1, 1, 18, 6),
(8382, 135, 1, 1, 19, 7),
(8383, 135, 1, 1, 20, 6),
(8385, 186, 1, 1, 18, 7),
(8386, 186, 1, 1, 19, 7),
(8387, 186, 1, 1, 20, 7),
(8388, 208, 1, 1, 19, 5),
(8389, 208, 1, 1, 20, 5),
(8391, 208, 1, 1, 18, 5),
(8393, 257, 1, 1, 19, 6),
(8394, 257, 1, 1, 18, 6),
(8395, 257, 1, 1, 20, 6),
(8397, 268, 1, 1, 18, 5),
(8398, 268, 1, 1, 19, 5),
(8399, 268, 1, 1, 20, 5),
(8401, 269, 1, 1, 19, 5),
(8402, 269, 1, 1, 20, 6),
(8403, 269, 1, 1, 18, 6),
(8405, 277, 1, 1, 18, 6),
(8406, 277, 1, 1, 19, 6),
(8407, 277, 1, 1, 20, 6),
(8409, 299, 1, 1, 20, 9),
(8410, 299, 1, 1, 18, 8),
(8412, 314, 1, 1, 18, 9),
(8413, 314, 1, 1, 19, 9),
(8414, 314, 1, 1, 20, 9),
(8416, 315, 1, 1, 19, 8),
(8417, 315, 1, 1, 20, 7),
(8418, 315, 1, 1, 18, 7),
(8420, 328, 1, 1, 19, 6),
(8421, 328, 1, 1, 20, 6),
(8423, 342, 1, 1, 18, 8),
(8424, 342, 1, 1, 19, 8),
(8425, 342, 1, 1, 20, 8),
(8426, 356, 1, 1, 19, 9),
(8427, 356, 1, 1, 20, 8),
(8428, 356, 1, 1, 18, 8),
(8430, 360, 1, 1, 19, 8),
(8431, 360, 1, 1, 18, 8),
(8432, 360, 1, 1, 20, 8),
(8434, 367, 1, 1, 18, 6),
(8435, 367, 1, 1, 19, 6),
(8436, 367, 1, 1, 20, 6),
(8438, 101, 1, 1, 75, 7),
(8439, 101, 1, 1, 76, 7),
(8440, 101, 1, 1, 77, 7),
(8441, 412, 1, 1, 75, 6),
(8442, 412, 1, 1, 76, 6),
(8443, 412, 1, 1, 77, 6),
(8445, 336, 1, 1, 75, 6),
(8446, 336, 1, 1, 76, 6),
(8447, 336, 1, 1, 77, 6),
(8449, 274, 1, 1, 75, 7),
(8450, 274, 1, 1, 76, 7),
(8451, 274, 1, 1, 77, 7),
(8453, 27, 1, 1, 75, 6),
(8454, 27, 1, 1, 76, 6),
(8455, 27, 1, 1, 77, 6),
(8457, 174, 1, 1, 75, 6),
(8458, 174, 1, 1, 76, 6),
(8459, 174, 1, 1, 77, 6),
(8461, 128, 1, 1, 75, 5),
(8462, 128, 1, 1, 76, 5),
(8463, 128, 1, 1, 77, 5),
(8465, 345, 1, 1, 75, 7),
(8466, 345, 1, 1, 76, 7),
(8467, 345, 1, 1, 77, 7),
(8469, 379, 1, 1, 75, 6),
(8470, 379, 1, 1, 76, 5),
(8471, 379, 1, 1, 77, 5),
(8473, 206, 1, 1, 75, 8),
(8474, 206, 1, 1, 76, 7),
(8475, 206, 1, 1, 77, 7),
(8477, 291, 1, 1, 75, 8),
(8478, 291, 1, 1, 76, 8),
(8479, 291, 1, 1, 77, 8),
(8481, 46, 1, 1, 75, 8),
(8482, 46, 1, 1, 76, 8),
(8483, 46, 1, 1, 77, 7),
(8485, 265, 1, 1, 75, 6),
(8486, 265, 1, 1, 76, 6),
(8487, 265, 1, 1, 77, 6),
(8489, 338, 1, 1, 75, 6),
(8490, 338, 1, 1, 76, 6),
(8491, 338, 1, 1, 77, 6),
(8493, 424, 1, 1, 75, 7),
(8494, 424, 1, 1, 76, 7),
(8495, 424, 1, 1, 77, 7),
(8497, 151, 1, 1, 75, 6),
(8498, 151, 1, 1, 76, 6),
(8499, 151, 1, 1, 77, 6),
(8501, 353, 1, 1, 75, 7),
(8502, 353, 1, 1, 76, 7),
(8504, 353, 1, 1, 77, 7),
(8505, 163, 1, 1, 75, 6),
(8506, 163, 1, 1, 76, 6),
(8507, 163, 1, 1, 77, 5),
(8509, 280, 1, 1, 75, 5),
(8510, 280, 1, 1, 76, 5),
(8511, 280, 1, 1, 77, 5),
(8513, 289, 1, 1, 75, 7),
(8514, 289, 1, 1, 76, 7),
(8515, 289, 1, 1, 77, 7),
(8517, 210, 1, 1, 75, 7),
(8518, 210, 1, 1, 76, 7),
(8519, 210, 1, 1, 77, 7),
(8522, 394, 1, 1, 19, 9),
(8523, 394, 1, 1, 18, 8),
(8524, 394, 1, 1, 20, 8),
(8525, 397, 1, 1, 18, 8),
(8526, 397, 1, 1, 19, 8),
(8527, 397, 1, 1, 20, 8),
(8529, 407, 1, 1, 18, 6),
(8530, 407, 1, 1, 19, 6),
(8531, 407, 1, 1, 20, 6),
(8534, 409, 1, 1, 19, 9),
(8535, 409, 1, 1, 18, 8),
(8536, 409, 1, 1, 20, 8),
(8537, 411, 1, 1, 18, 8),
(8538, 411, 1, 1, 19, 9),
(8539, 411, 1, 1, 20, 9),
(8541, 162, 1, 1, 36, 7),
(8542, 162, 1, 1, 37, 7),
(8543, 162, 1, 1, 38, 6),
(8544, 162, 1, 1, 39, 7),
(8545, 162, 1, 1, 40, 6),
(8546, 162, 1, 1, 41, 6),
(8548, 162, 1, 1, 44, 7),
(8549, 162, 1, 1, 45, 7),
(8550, 162, 1, 1, 46, 7),
(8551, 162, 1, 1, 47, 7),
(8552, 162, 1, 1, 48, 7),
(8553, 162, 1, 1, 49, 7),
(8554, 177, 1, 1, 36, 7),
(8555, 177, 1, 1, 37, 7),
(8556, 177, 1, 1, 38, 6),
(8557, 177, 1, 1, 39, 6),
(8558, 177, 1, 1, 40, 6),
(8559, 177, 1, 1, 41, 6),
(8560, 177, 1, 1, 44, 7),
(8561, 177, 1, 1, 45, 6),
(8562, 177, 1, 1, 46, 7),
(8563, 177, 1, 1, 47, 7),
(8564, 177, 1, 1, 48, 7),
(8565, 177, 1, 1, 49, 6),
(8566, 219, 1, 1, 36, 6),
(8567, 219, 1, 1, 37, 6),
(8568, 219, 1, 1, 38, 6),
(8569, 219, 1, 1, 39, 6),
(8570, 219, 1, 1, 40, 6),
(8571, 219, 1, 1, 41, 6),
(8572, 219, 1, 1, 44, 6),
(8573, 219, 1, 1, 45, 6),
(8574, 219, 1, 1, 46, 7),
(8575, 219, 1, 1, 47, 6),
(8576, 219, 1, 1, 48, 6),
(8577, 219, 1, 1, 49, 7),
(8578, 20, 1, 1, 30, 8),
(8580, 20, 1, 1, 29, 6),
(8581, 20, 1, 1, 31, 7),
(8582, 20, 1, 1, 32, 6),
(8583, 31, 1, 1, 29, 5),
(8584, 31, 1, 1, 30, 5),
(8585, 31, 1, 1, 31, 6),
(8586, 31, 1, 1, 32, 5),
(8588, 51, 1, 1, 29, 6),
(8589, 51, 1, 1, 30, 5),
(8590, 51, 1, 1, 32, 5),
(8592, 51, 1, 1, 31, 5),
(8593, 83, 1, 1, 29, 6),
(8594, 83, 1, 1, 30, 5),
(8595, 83, 1, 1, 31, 7),
(8596, 83, 1, 1, 32, 6),
(8598, 88, 1, 1, 29, 6),
(8599, 88, 1, 1, 30, 6),
(8600, 88, 1, 1, 31, 7),
(8601, 88, 1, 1, 32, 6),
(8603, 103, 1, 1, 29, 6),
(8604, 103, 1, 1, 30, 5),
(8605, 103, 1, 1, 31, 7),
(8606, 103, 1, 1, 32, 5),
(8608, 114, 1, 1, 32, 7),
(8609, 114, 1, 1, 29, 6),
(8610, 114, 1, 1, 31, 7),
(8611, 114, 1, 1, 30, 7),
(8613, 139, 1, 1, 29, 5),
(8614, 139, 1, 1, 30, 5),
(8615, 139, 1, 1, 31, 6),
(8616, 139, 1, 1, 32, 5),
(8618, 183, 1, 1, 29, 6),
(8619, 183, 1, 1, 30, 5),
(8620, 183, 1, 1, 32, 5),
(8621, 183, 1, 1, 31, 7),
(8623, 184, 1, 1, 29, 6),
(8624, 184, 1, 1, 30, 5),
(8625, 184, 1, 1, 31, 6),
(8626, 184, 1, 1, 32, 5),
(8628, 185, 1, 1, 29, 6),
(8629, 185, 1, 1, 30, 5),
(8630, 185, 1, 1, 31, 7),
(8631, 185, 1, 1, 32, 5),
(8633, 235, 1, 1, 32, 7),
(8634, 235, 1, 1, 31, 6),
(8635, 235, 1, 1, 30, 5),
(8636, 235, 1, 1, 29, 7),
(8638, 248, 1, 1, 29, 7),
(8639, 248, 1, 1, 30, 5),
(8640, 248, 1, 1, 31, 7),
(8641, 248, 1, 1, 32, 6),
(8643, 258, 1, 1, 29, 5),
(8644, 258, 1, 1, 30, 5),
(8645, 258, 1, 1, 32, 5),
(8647, 258, 1, 1, 31, 6),
(8648, 272, 1, 1, 31, 7),
(8649, 272, 1, 1, 32, 6),
(8650, 272, 1, 1, 29, 6),
(8651, 272, 1, 1, 30, 6),
(8653, 273, 1, 1, 29, 5),
(8654, 273, 1, 1, 30, 5),
(8655, 273, 1, 1, 31, 7),
(8656, 273, 1, 1, 32, 6),
(8658, 296, 1, 1, 32, 5),
(8659, 296, 1, 1, 31, 6),
(8660, 296, 1, 1, 30, 5),
(8661, 296, 1, 1, 29, 5),
(8663, 309, 1, 1, 29, 5),
(8664, 309, 1, 1, 30, 5),
(8665, 309, 1, 1, 31, 6),
(8666, 309, 1, 1, 32, 5),
(8668, 339, 1, 1, 29, 7),
(8669, 339, 1, 1, 30, 6),
(8670, 339, 1, 1, 31, 6),
(8671, 339, 1, 1, 32, 6),
(8673, 358, 1, 1, 29, 6),
(8674, 358, 1, 1, 30, 7),
(8675, 358, 1, 1, 31, 7),
(8676, 358, 1, 1, 32, 5),
(8678, 377, 1, 1, 29, 6),
(8679, 377, 1, 1, 30, 6),
(8680, 377, 1, 1, 31, 7),
(8681, 377, 1, 1, 32, 6),
(8683, 387, 1, 1, 31, 7),
(8684, 387, 1, 1, 29, 6),
(8685, 387, 1, 1, 30, 5),
(8686, 387, 1, 1, 32, 6),
(8688, 224, 1, 1, 36, 7),
(8689, 224, 1, 1, 37, 7),
(8690, 224, 1, 1, 38, 8),
(8691, 224, 1, 1, 39, 8),
(8692, 224, 1, 1, 40, 6),
(8693, 224, 1, 1, 41, 7),
(8694, 224, 1, 1, 44, 7),
(8695, 224, 1, 1, 45, 7),
(8696, 224, 1, 1, 46, 8),
(8697, 224, 1, 1, 47, 7),
(8698, 224, 1, 1, 48, 8),
(8699, 224, 1, 1, 49, 8),
(8700, 271, 1, 1, 36, 6),
(8701, 271, 1, 1, 37, 6),
(8702, 271, 1, 1, 38, 7),
(8703, 271, 1, 1, 39, 6),
(8704, 271, 1, 1, 40, 6),
(8705, 271, 1, 1, 41, 6),
(8706, 271, 1, 1, 44, 6),
(8707, 271, 1, 1, 45, 6),
(8708, 271, 1, 1, 46, 7),
(8709, 271, 1, 1, 47, 6),
(8710, 271, 1, 1, 48, 6),
(8711, 271, 1, 1, 49, 7),
(8712, 28, 1, 1, 37, 6),
(8713, 28, 1, 1, 38, 6),
(8714, 28, 1, 1, 39, 6),
(8715, 28, 1, 1, 40, 6),
(8716, 28, 1, 1, 41, 7),
(8717, 28, 1, 1, 46, 6),
(8718, 28, 1, 1, 45, 6),
(8719, 28, 1, 1, 44, 6),
(8720, 28, 1, 1, 47, 7),
(8721, 28, 1, 1, 48, 6),
(8722, 28, 1, 1, 49, 6),
(8767, 246, 1, 1, 75, 6),
(8768, 246, 1, 1, 76, 6),
(8770, 246, 1, 1, 77, 6),
(8771, 246, 1, 1, 1, 6),
(8772, 246, 1, 1, 2, 6),
(8773, 246, 1, 1, 3, 6),
(8774, 246, 1, 1, 4, 7),
(8775, 246, 1, 1, 5, 6),
(8777, 246, 1, 1, 6, 7),
(8778, 246, 1, 1, 8, 7),
(8779, 246, 1, 1, 10, 7),
(8780, 246, 1, 1, 11, 7),
(8782, 246, 1, 1, 18, 6),
(8783, 246, 1, 1, 19, 6),
(8784, 246, 1, 1, 20, 7),
(8785, 246, 1, 1, 21, 6),
(8787, 246, 1, 1, 22, 7),
(8788, 246, 1, 1, 23, 6),
(8789, 246, 1, 1, 24, 7),
(8790, 246, 1, 1, 25, 6),
(8792, 246, 1, 1, 33, 6),
(8793, 246, 1, 1, 34, 6),
(8794, 246, 1, 1, 35, 6),
(8797, 246, 1, 1, 73, 6),
(8798, 246, 1, 1, 74, 6),
(8800, 306, 1, 1, 36, 6),
(8801, 306, 1, 1, 37, 7),
(8802, 306, 1, 1, 38, 6),
(8803, 306, 1, 1, 39, 6),
(8804, 306, 1, 1, 40, 7),
(8805, 306, 1, 1, 41, 6),
(8806, 306, 1, 1, 44, 8),
(8807, 306, 1, 1, 45, 6),
(8808, 306, 1, 1, 46, 7),
(8809, 306, 1, 1, 48, 7),
(8810, 306, 1, 1, 47, 6),
(8811, 306, 1, 1, 49, 6),
(8813, 183, 1, 1, 6, 7),
(8814, 183, 1, 1, 7, 6),
(8815, 183, 1, 1, 11, 6),
(8816, 183, 1, 1, 10, 6),
(8817, 183, 1, 1, 9, 7),
(8818, 184, 1, 1, 6, 7),
(8820, 184, 1, 1, 7, 6),
(8821, 184, 1, 1, 9, 7),
(8822, 184, 1, 1, 10, 6),
(8823, 184, 1, 1, 11, 6),
(8825, 185, 1, 1, 6, 7),
(8826, 185, 1, 1, 7, 6),
(8827, 185, 1, 1, 9, 7),
(8828, 185, 1, 1, 10, 6),
(8829, 185, 1, 1, 11, 6),
(8830, 235, 1, 1, 9, 8),
(8832, 235, 1, 1, 6, 6),
(8833, 235, 1, 1, 7, 7),
(8834, 235, 1, 1, 10, 6),
(8835, 235, 1, 1, 11, 7),
(8836, 248, 1, 1, 9, 6),
(8837, 248, 1, 1, 6, 6),
(8838, 248, 1, 1, 7, 6),
(8839, 248, 1, 1, 10, 7),
(8840, 248, 1, 1, 11, 6),
(8841, 258, 1, 1, 6, 6),
(8842, 258, 1, 1, 7, 6),
(8843, 258, 1, 1, 9, 7),
(8844, 258, 1, 1, 10, 6),
(8845, 258, 1, 1, 11, 5),
(8846, 272, 1, 1, 6, 6),
(8847, 272, 1, 1, 7, 6),
(8848, 272, 1, 1, 9, 6),
(8849, 272, 1, 1, 10, 6),
(8850, 272, 1, 1, 11, 6),
(8853, 273, 1, 1, 11, 7),
(8854, 273, 1, 1, 10, 7),
(8855, 273, 1, 1, 9, 7),
(8856, 273, 1, 1, 7, 7),
(8857, 273, 1, 1, 6, 7),
(8859, 296, 1, 1, 9, 7),
(8860, 296, 1, 1, 6, 7),
(8861, 296, 1, 1, 7, 6),
(8862, 296, 1, 1, 10, 7),
(8863, 296, 1, 1, 11, 6),
(8865, 309, 1, 1, 11, 5),
(8866, 309, 1, 1, 10, 5),
(8867, 309, 1, 1, 9, 6),
(8868, 309, 1, 1, 7, 5),
(8869, 309, 1, 1, 6, 6),
(8871, 339, 1, 1, 11, 6),
(8872, 339, 1, 1, 10, 7),
(8873, 339, 1, 1, 9, 7),
(8874, 339, 1, 1, 7, 6),
(8875, 339, 1, 1, 6, 6),
(8877, 358, 1, 1, 6, 6),
(8878, 358, 1, 1, 7, 6),
(8879, 358, 1, 1, 9, 8),
(8880, 358, 1, 1, 10, 7),
(8881, 358, 1, 1, 11, 7),
(8882, 377, 1, 1, 9, 7),
(8883, 377, 1, 1, 10, 7),
(8884, 377, 1, 1, 11, 6),
(8885, 377, 1, 1, 7, 6),
(8887, 377, 1, 1, 6, 6),
(8889, 387, 1, 1, 11, 8),
(8890, 387, 1, 1, 6, 7),
(8891, 387, 1, 1, 7, 7),
(8892, 387, 1, 1, 9, 8),
(8893, 387, 1, 1, 10, 8),
(8897, 33, 1, 1, 9, 9),
(8898, 33, 1, 1, 6, 9),
(8899, 33, 1, 1, 7, 8),
(8900, 33, 1, 1, 10, 8),
(8901, 33, 1, 1, 11, 8),
(8903, 59, 1, 1, 6, 6),
(8904, 59, 1, 1, 7, 6),
(8905, 59, 1, 1, 9, 6),
(8906, 59, 1, 1, 10, 6),
(8907, 59, 1, 1, 11, 6),
(8908, 91, 1, 1, 6, 5),
(8909, 91, 1, 1, 7, 5),
(8910, 91, 1, 1, 9, 5),
(8911, 91, 1, 1, 10, 5),
(8912, 91, 1, 1, 11, 5),
(8914, 94, 1, 1, 6, 6),
(8915, 94, 1, 1, 7, 6),
(8916, 94, 1, 1, 9, 6),
(8917, 94, 1, 1, 10, 6),
(8918, 94, 1, 1, 11, 6),
(8921, 102, 1, 1, 6, 6),
(8922, 102, 1, 1, 7, 7),
(8923, 102, 1, 1, 9, 7),
(8924, 102, 1, 1, 10, 7),
(8925, 102, 1, 1, 11, 7),
(8926, 135, 1, 1, 9, 7),
(8928, 135, 1, 1, 11, 6),
(8929, 135, 1, 1, 10, 6),
(8930, 135, 1, 1, 7, 6),
(8931, 135, 1, 1, 6, 6),
(8932, 186, 1, 1, 9, 6),
(8934, 186, 1, 1, 6, 6),
(8935, 186, 1, 1, 7, 6),
(8936, 186, 1, 1, 10, 6),
(8937, 186, 1, 1, 11, 6),
(8939, 208, 1, 1, 9, 6),
(8940, 208, 1, 1, 10, 5),
(8941, 208, 1, 1, 11, 5),
(8942, 208, 1, 1, 7, 5),
(8943, 208, 1, 1, 6, 5),
(8945, 257, 1, 1, 11, 6),
(8946, 257, 1, 1, 9, 7),
(8947, 257, 1, 1, 10, 6),
(8948, 257, 1, 1, 6, 6),
(8949, 257, 1, 1, 7, 6),
(8951, 268, 1, 1, 7, 5),
(8952, 268, 1, 1, 9, 6),
(8953, 268, 1, 1, 10, 6),
(8954, 268, 1, 1, 11, 5),
(8955, 268, 1, 1, 6, 6),
(8956, 269, 1, 1, 6, 6),
(8957, 269, 1, 1, 9, 6),
(8958, 269, 1, 1, 10, 6),
(8959, 269, 1, 1, 11, 6),
(8962, 277, 1, 1, 11, 6),
(8963, 277, 1, 1, 10, 6),
(8964, 277, 1, 1, 9, 6),
(8965, 277, 1, 1, 7, 6),
(8966, 277, 1, 1, 6, 6),
(8967, 299, 1, 1, 9, 7),
(8968, 299, 1, 1, 7, 6),
(8969, 299, 1, 1, 6, 6),
(8970, 299, 1, 1, 10, 6),
(8971, 299, 1, 1, 11, 6),
(8974, 314, 1, 1, 11, 7),
(8975, 314, 1, 1, 10, 8),
(8976, 314, 1, 1, 9, 8),
(8977, 314, 1, 1, 7, 7),
(8978, 314, 1, 1, 6, 7),
(8980, 315, 1, 1, 9, 6),
(8981, 315, 1, 1, 6, 6),
(8982, 315, 1, 1, 7, 6),
(8983, 315, 1, 1, 10, 6),
(8984, 315, 1, 1, 11, 6),
(8986, 328, 1, 1, 11, 6),
(8987, 328, 1, 1, 10, 6),
(8988, 328, 1, 1, 9, 7),
(8989, 328, 1, 1, 7, 6),
(8990, 328, 1, 1, 6, 6),
(8992, 342, 1, 1, 11, 7),
(8993, 342, 1, 1, 10, 7),
(8994, 342, 1, 1, 9, 8),
(8995, 342, 1, 1, 7, 7),
(8996, 342, 1, 1, 6, 7),
(8998, 356, 1, 1, 9, 9),
(8999, 356, 1, 1, 11, 8),
(9000, 356, 1, 1, 10, 8),
(9001, 356, 1, 1, 7, 8),
(9002, 356, 1, 1, 6, 8),
(9004, 360, 1, 1, 9, 9),
(9005, 360, 1, 1, 11, 8),
(9006, 360, 1, 1, 10, 8),
(9007, 360, 1, 1, 7, 8),
(9008, 360, 1, 1, 6, 8),
(9010, 367, 1, 1, 11, 6),
(9011, 367, 1, 1, 10, 6),
(9012, 367, 1, 1, 9, 6),
(9013, 367, 1, 1, 7, 6),
(9014, 367, 1, 1, 6, 6),
(9016, 394, 1, 1, 7, 6),
(9017, 394, 1, 1, 6, 7),
(9018, 394, 1, 1, 9, 8),
(9019, 394, 1, 1, 10, 7),
(9020, 394, 1, 1, 11, 6),
(9022, 397, 1, 1, 9, 7),
(9023, 397, 1, 1, 11, 6),
(9024, 397, 1, 1, 10, 6),
(9025, 397, 1, 1, 6, 6),
(9026, 397, 1, 1, 7, 6),
(9028, 407, 1, 1, 11, 6),
(9029, 407, 1, 1, 10, 6),
(9030, 407, 1, 1, 9, 6),
(9031, 407, 1, 1, 7, 6),
(9032, 407, 1, 1, 6, 6),
(9034, 409, 1, 1, 9, 8),
(9035, 409, 1, 1, 10, 7),
(9036, 409, 1, 1, 11, 7),
(9037, 409, 1, 1, 6, 7),
(9038, 409, 1, 1, 7, 7),
(9040, 411, 1, 1, 9, 9),
(9041, 411, 1, 1, 10, 8),
(9042, 411, 1, 1, 11, 8),
(9043, 411, 1, 1, 7, 8),
(9044, 411, 1, 1, 6, 8),
(9046, 33, 1, 1, 75, 7),
(9047, 33, 1, 1, 76, 7),
(9048, 33, 1, 1, 77, 7),
(9050, 59, 1, 1, 75, 6),
(9051, 59, 1, 1, 76, 6),
(9052, 59, 1, 1, 77, 6),
(9053, 91, 1, 1, 75, 6),
(9054, 91, 1, 1, 76, 6),
(9055, 91, 1, 1, 77, 6),
(9057, 94, 1, 1, 75, 6);
INSERT INTO `partialevaluations` (`id`, `student_id`, `course_id`, `trimestre_id`, `dimension_id`, `partialevaluationdescription_id`) VALUES
(9058, 94, 1, 1, 76, 6),
(9059, 94, 1, 1, 77, 6),
(9062, 102, 1, 1, 75, 6),
(9063, 102, 1, 1, 76, 6),
(9064, 102, 1, 1, 77, 6),
(9066, 135, 1, 1, 75, 7),
(9067, 135, 1, 1, 76, 7),
(9068, 135, 1, 1, 77, 7),
(9070, 186, 1, 1, 77, 6),
(9071, 186, 1, 1, 76, 6),
(9072, 186, 1, 1, 75, 6),
(9074, 208, 1, 1, 77, 6),
(9075, 208, 1, 1, 76, 6),
(9076, 208, 1, 1, 75, 6),
(9078, 257, 1, 1, 77, 6),
(9079, 257, 1, 1, 76, 6),
(9080, 257, 1, 1, 75, 6),
(9082, 268, 1, 1, 76, 5),
(9083, 268, 1, 1, 77, 6),
(9084, 268, 1, 1, 75, 6),
(9086, 269, 1, 1, 77, 6),
(9087, 269, 1, 1, 76, 6),
(9088, 269, 1, 1, 75, 6),
(9090, 277, 1, 1, 76, 5),
(9091, 277, 1, 1, 75, 6),
(9092, 277, 1, 1, 77, 6),
(9094, 299, 1, 1, 77, 7),
(9095, 299, 1, 1, 76, 7),
(9096, 299, 1, 1, 75, 7),
(9098, 314, 1, 1, 76, 7),
(9099, 314, 1, 1, 77, 7),
(9100, 314, 1, 1, 75, 7),
(9102, 315, 1, 1, 77, 6),
(9103, 315, 1, 1, 76, 6),
(9104, 315, 1, 1, 75, 6),
(9106, 328, 1, 1, 77, 6),
(9107, 328, 1, 1, 76, 6),
(9108, 328, 1, 1, 75, 6),
(9110, 342, 1, 1, 77, 6),
(9111, 342, 1, 1, 76, 6),
(9112, 342, 1, 1, 75, 6),
(9114, 356, 1, 1, 77, 6),
(9115, 356, 1, 1, 76, 6),
(9116, 356, 1, 1, 75, 6),
(9118, 360, 1, 1, 77, 7),
(9119, 360, 1, 1, 76, 7),
(9120, 360, 1, 1, 75, 7),
(9122, 367, 1, 1, 77, 6),
(9123, 367, 1, 1, 76, 6),
(9124, 367, 1, 1, 75, 6),
(9126, 394, 1, 1, 77, 6),
(9127, 394, 1, 1, 76, 6),
(9128, 394, 1, 1, 75, 6),
(9130, 411, 1, 1, 77, 6),
(9131, 411, 1, 1, 76, 6),
(9132, 411, 1, 1, 75, 6),
(9134, 407, 1, 1, 77, 6),
(9135, 407, 1, 1, 76, 6),
(9136, 407, 1, 1, 75, 6),
(9138, 409, 1, 1, 77, 6),
(9139, 409, 1, 1, 76, 6),
(9140, 409, 1, 1, 75, 6),
(9142, 397, 1, 1, 76, 7),
(9143, 397, 1, 1, 77, 6),
(9144, 397, 1, 1, 75, 6),
(9145, 20, 1, 1, 22, 8),
(9146, 20, 1, 1, 24, 7),
(9147, 31, 1, 1, 22, 6),
(9148, 31, 1, 1, 24, 6),
(9149, 51, 1, 1, 22, 6),
(9150, 51, 1, 1, 24, 6),
(9151, 83, 1, 1, 22, 5),
(9152, 83, 1, 1, 24, 5),
(9153, 88, 1, 1, 22, 8),
(9154, 88, 1, 1, 24, 7),
(9155, 103, 1, 1, 22, 7),
(9156, 103, 1, 1, 24, 7),
(9157, 114, 1, 1, 22, 8),
(9158, 114, 1, 1, 24, 7),
(9159, 139, 1, 1, 22, 6),
(9160, 139, 1, 1, 24, 6),
(9161, 183, 1, 1, 22, 5),
(9162, 183, 1, 1, 24, 5),
(9163, 184, 1, 1, 22, 6),
(9164, 184, 1, 1, 24, 6),
(9165, 185, 1, 1, 22, 6),
(9166, 185, 1, 1, 25, 6),
(9167, 235, 1, 1, 22, 7),
(9168, 235, 1, 1, 24, 7),
(9169, 248, 1, 1, 22, 7),
(9170, 248, 1, 1, 24, 6),
(9171, 258, 1, 1, 22, 6),
(9172, 258, 1, 1, 24, 6),
(9173, 272, 1, 1, 22, 7),
(9174, 272, 1, 1, 24, 7),
(9175, 273, 1, 1, 22, 6),
(9176, 273, 1, 1, 24, 6),
(9177, 296, 1, 1, 22, 7),
(9178, 296, 1, 1, 24, 6),
(9179, 309, 1, 1, 22, 6),
(9180, 309, 1, 1, 24, 6),
(9181, 339, 1, 1, 22, 6),
(9182, 339, 1, 1, 24, 6),
(9183, 358, 1, 1, 22, 7),
(9184, 358, 1, 1, 24, 7),
(9185, 377, 1, 1, 22, 6),
(9186, 377, 1, 1, 24, 6),
(9187, 387, 1, 1, 22, 8),
(9188, 387, 1, 1, 24, 7),
(9190, 20, 1, 1, 77, 8),
(9191, 20, 1, 1, 76, 7),
(9193, 31, 1, 1, 76, 7),
(9194, 31, 1, 1, 77, 7),
(9196, 51, 1, 1, 77, 6),
(9197, 51, 1, 1, 76, 6),
(9198, 83, 1, 1, 76, 6),
(9199, 83, 1, 1, 77, 6),
(9201, 88, 1, 1, 76, 8),
(9202, 88, 1, 1, 77, 7),
(9204, 103, 1, 1, 76, 8),
(9205, 103, 1, 1, 77, 7),
(9207, 114, 1, 1, 76, 8),
(9208, 114, 1, 1, 77, 7),
(9210, 139, 1, 1, 76, 7),
(9212, 139, 1, 1, 77, 7),
(9214, 183, 1, 1, 77, 6),
(9215, 183, 1, 1, 76, 6),
(9217, 184, 1, 1, 76, 5),
(9218, 184, 1, 1, 77, 6),
(9219, 185, 1, 1, 76, 6),
(9220, 185, 1, 1, 77, 6),
(9222, 235, 1, 1, 77, 7),
(9223, 235, 1, 1, 76, 8),
(9225, 248, 1, 1, 76, 6),
(9226, 248, 1, 1, 77, 7),
(9228, 258, 1, 1, 76, 6),
(9229, 258, 1, 1, 77, 6),
(9231, 272, 1, 1, 76, 8),
(9232, 272, 1, 1, 77, 7),
(9234, 273, 1, 1, 76, 7),
(9235, 273, 1, 1, 77, 7),
(9237, 296, 1, 1, 76, 6),
(9238, 296, 1, 1, 77, 6),
(9240, 309, 1, 1, 76, 5),
(9241, 309, 1, 1, 77, 5),
(9243, 339, 1, 1, 76, 7),
(9244, 339, 1, 1, 77, 8),
(9246, 358, 1, 1, 76, 7),
(9247, 358, 1, 1, 77, 7),
(9249, 377, 1, 1, 76, 7),
(9250, 377, 1, 1, 77, 7),
(9252, 387, 1, 1, 76, 6),
(9253, 387, 1, 1, 77, 6),
(9255, 20, 1, 1, 18, 8),
(9256, 20, 1, 1, 19, 9),
(9257, 20, 1, 1, 20, 8),
(9258, 31, 1, 1, 18, 6),
(9259, 31, 1, 1, 20, 6),
(9260, 31, 1, 1, 19, 6),
(9261, 51, 1, 1, 18, 8),
(9262, 51, 1, 1, 19, 9),
(9263, 51, 1, 1, 20, 8),
(9264, 83, 1, 1, 18, 5),
(9265, 83, 1, 1, 19, 5),
(9266, 83, 1, 1, 20, 6),
(9267, 88, 1, 1, 18, 8),
(9268, 88, 1, 1, 19, 9),
(9269, 88, 1, 1, 20, 8),
(9270, 103, 1, 1, 18, 7),
(9271, 103, 1, 1, 19, 8),
(9272, 103, 1, 1, 20, 8),
(9273, 114, 1, 1, 18, 8),
(9274, 114, 1, 1, 19, 9),
(9275, 114, 1, 1, 20, 9),
(9276, 139, 1, 1, 18, 6),
(9277, 139, 1, 1, 19, 7),
(9278, 139, 1, 1, 20, 6),
(9279, 183, 1, 1, 18, 5),
(9280, 183, 1, 1, 19, 6),
(9281, 183, 1, 1, 20, 6),
(9282, 184, 1, 1, 18, 7),
(9283, 184, 1, 1, 19, 8),
(9284, 184, 1, 1, 20, 7),
(9285, 185, 1, 1, 18, 5),
(9286, 185, 1, 1, 19, 6),
(9287, 185, 1, 1, 20, 5),
(9288, 235, 1, 1, 18, 8),
(9289, 235, 1, 1, 19, 9),
(9290, 235, 1, 1, 20, 9),
(9291, 248, 1, 1, 18, 7),
(9292, 248, 1, 1, 19, 8),
(9293, 248, 1, 1, 20, 7),
(9294, 258, 1, 1, 18, 6),
(9295, 258, 1, 1, 19, 6),
(9296, 258, 1, 1, 20, 6),
(9297, 272, 1, 1, 18, 5),
(9298, 272, 1, 1, 19, 6),
(9299, 272, 1, 1, 20, 5),
(9300, 273, 1, 1, 18, 7),
(9301, 273, 1, 1, 19, 8),
(9302, 273, 1, 1, 20, 7),
(9303, 296, 1, 1, 18, 7),
(9304, 296, 1, 1, 19, 7),
(9305, 296, 1, 1, 20, 7),
(9306, 309, 1, 1, 18, 6),
(9307, 309, 1, 1, 19, 6),
(9308, 309, 1, 1, 20, 5),
(9309, 339, 1, 1, 18, 8),
(9310, 339, 1, 1, 19, 8),
(9311, 339, 1, 1, 20, 9),
(9312, 358, 1, 1, 18, 7),
(9313, 358, 1, 1, 19, 8),
(9314, 358, 1, 1, 20, 7),
(9315, 377, 1, 1, 18, 8),
(9316, 377, 1, 1, 19, 9),
(9317, 377, 1, 1, 20, 8),
(9318, 387, 1, 1, 18, 7),
(9319, 387, 1, 1, 19, 8),
(9320, 387, 1, 1, 20, 7),
(9321, 20, 1, 1, 1, 6),
(9322, 20, 1, 1, 2, 7),
(9323, 20, 1, 1, 3, 8),
(9324, 20, 1, 1, 4, 7),
(9325, 20, 1, 1, 5, 8),
(9327, 31, 1, 1, 1, 5),
(9328, 31, 1, 1, 2, 6),
(9329, 31, 1, 1, 3, 7),
(9330, 31, 1, 1, 4, 7),
(9331, 31, 1, 1, 5, 6),
(9333, 51, 1, 1, 1, 6),
(9334, 51, 1, 1, 2, 7),
(9335, 51, 1, 1, 3, 7),
(9336, 51, 1, 1, 5, 6),
(9337, 51, 1, 1, 4, 7),
(9339, 83, 1, 1, 1, 5),
(9340, 83, 1, 1, 2, 5),
(9341, 83, 1, 1, 3, 6),
(9342, 83, 1, 1, 4, 5),
(9343, 83, 1, 1, 5, 5),
(9345, 88, 1, 1, 1, 7),
(9346, 88, 1, 1, 2, 7),
(9347, 88, 1, 1, 3, 9),
(9348, 88, 1, 1, 4, 8),
(9349, 88, 1, 1, 5, 8),
(9351, 103, 1, 1, 1, 7),
(9352, 103, 1, 1, 2, 8),
(9353, 103, 1, 1, 3, 9),
(9354, 103, 1, 1, 4, 8),
(9355, 103, 1, 1, 5, 7),
(9357, 114, 1, 1, 1, 8),
(9358, 114, 1, 1, 2, 8),
(9359, 114, 1, 1, 3, 9),
(9360, 114, 1, 1, 4, 7),
(9361, 114, 1, 1, 5, 8),
(9363, 139, 1, 1, 1, 6),
(9364, 139, 1, 1, 2, 6),
(9365, 139, 1, 1, 3, 6),
(9366, 139, 1, 1, 4, 6),
(9367, 139, 1, 1, 5, 6),
(9369, 183, 1, 1, 1, 5),
(9370, 183, 1, 1, 2, 6),
(9371, 183, 1, 1, 3, 6),
(9372, 183, 1, 1, 4, 5),
(9373, 183, 1, 1, 5, 5),
(9375, 184, 1, 1, 1, 6),
(9376, 184, 1, 1, 2, 7),
(9377, 184, 1, 1, 3, 7),
(9378, 184, 1, 1, 4, 6),
(9379, 184, 1, 1, 5, 7),
(9381, 185, 1, 1, 1, 6),
(9382, 185, 1, 1, 2, 6),
(9383, 185, 1, 1, 3, 7),
(9384, 185, 1, 1, 4, 5),
(9385, 185, 1, 1, 5, 5),
(9387, 235, 1, 1, 1, 7),
(9388, 235, 1, 1, 2, 7),
(9389, 235, 1, 1, 3, 8),
(9390, 235, 1, 1, 4, 7),
(9391, 235, 1, 1, 5, 7),
(9393, 248, 1, 1, 1, 7),
(9394, 248, 1, 1, 2, 7),
(9395, 248, 1, 1, 3, 8),
(9396, 248, 1, 1, 4, 7),
(9397, 248, 1, 1, 5, 8),
(9399, 258, 1, 1, 1, 5),
(9400, 258, 1, 1, 2, 6),
(9401, 258, 1, 1, 3, 6),
(9402, 258, 1, 1, 4, 6),
(9403, 258, 1, 1, 5, 5),
(9405, 272, 1, 1, 1, 5),
(9406, 272, 1, 1, 2, 6),
(9407, 272, 1, 1, 3, 6),
(9408, 272, 1, 1, 4, 6),
(9409, 272, 1, 1, 5, 6),
(9411, 273, 1, 1, 1, 5),
(9412, 273, 1, 1, 2, 6),
(9413, 273, 1, 1, 3, 6),
(9414, 273, 1, 1, 4, 8),
(9415, 273, 1, 1, 5, 6),
(9417, 296, 1, 1, 1, 6),
(9418, 296, 1, 1, 2, 6),
(9419, 296, 1, 1, 3, 7),
(9420, 296, 1, 1, 4, 6),
(9421, 296, 1, 1, 5, 6),
(9423, 309, 1, 1, 1, 5),
(9424, 309, 1, 1, 2, 5),
(9425, 309, 1, 1, 3, 6),
(9426, 309, 1, 1, 4, 5),
(9427, 309, 1, 1, 5, 5),
(9429, 339, 1, 1, 1, 6),
(9430, 339, 1, 1, 2, 7),
(9431, 339, 1, 1, 3, 8),
(9432, 339, 1, 1, 4, 7),
(9433, 339, 1, 1, 5, 7),
(9435, 358, 1, 1, 1, 7),
(9436, 358, 1, 1, 2, 7),
(9437, 358, 1, 1, 3, 8),
(9438, 358, 1, 1, 4, 7),
(9439, 358, 1, 1, 5, 7),
(9441, 377, 1, 1, 1, 6),
(9442, 377, 1, 1, 2, 6),
(9443, 377, 1, 1, 3, 7),
(9444, 377, 1, 1, 4, 7),
(9445, 377, 1, 1, 5, 6),
(9447, 19, 1, 1, 12, 5),
(9448, 19, 1, 1, 14, 5),
(9449, 19, 1, 1, 15, 5),
(9450, 19, 1, 1, 17, 5),
(9452, 387, 1, 1, 1, 7),
(9453, 387, 1, 1, 2, 7),
(9454, 27, 1, 1, 12, 6),
(9455, 387, 1, 1, 3, 8),
(9456, 27, 1, 1, 14, 5),
(9457, 27, 1, 1, 15, 9),
(9458, 27, 1, 1, 17, 6),
(9459, 387, 1, 1, 4, 7),
(9461, 387, 1, 1, 5, 7),
(9462, 46, 1, 1, 12, 6),
(9463, 46, 1, 1, 14, 5),
(9465, 46, 1, 1, 15, 7),
(9466, 46, 1, 1, 17, 6),
(9468, 76, 1, 1, 12, 5),
(9469, 76, 1, 1, 14, 5),
(9470, 76, 1, 1, 15, 5),
(9471, 76, 1, 1, 17, 6),
(9473, 101, 1, 1, 12, 6),
(9474, 101, 1, 1, 14, 6),
(9475, 101, 1, 1, 15, 7),
(9476, 101, 1, 1, 17, 7),
(9478, 128, 1, 1, 12, 5),
(9479, 128, 1, 1, 14, 5),
(9480, 128, 1, 1, 15, 5),
(9481, 128, 1, 1, 17, 5),
(9483, 151, 1, 1, 12, 6),
(9484, 151, 1, 1, 14, 6),
(9485, 151, 1, 1, 15, 8),
(9486, 151, 1, 1, 17, 6),
(9488, 163, 1, 1, 12, 5),
(9489, 163, 1, 1, 14, 5),
(9490, 163, 1, 1, 15, 5),
(9491, 163, 1, 1, 17, 5),
(9493, 174, 1, 1, 12, 5),
(9494, 174, 1, 1, 14, 5),
(9495, 174, 1, 1, 15, 6),
(9496, 174, 1, 1, 17, 5),
(9498, 206, 1, 1, 12, 6),
(9499, 206, 1, 1, 14, 8),
(9500, 206, 1, 1, 15, 9),
(9501, 206, 1, 1, 17, 6),
(9503, 210, 1, 1, 12, 9),
(9504, 210, 1, 1, 14, 9),
(9505, 210, 1, 1, 15, 9),
(9506, 210, 1, 1, 17, 7),
(9508, 249, 1, 1, 12, 6),
(9509, 249, 1, 1, 14, 6),
(9510, 249, 1, 1, 15, 7),
(9511, 249, 1, 1, 17, 6),
(9513, 255, 1, 1, 12, 8),
(9514, 255, 1, 1, 14, 6),
(9515, 255, 1, 1, 15, 8),
(9516, 255, 1, 1, 17, 7),
(9518, 265, 1, 1, 12, 7),
(9519, 265, 1, 1, 14, 9),
(9520, 265, 1, 1, 15, 9),
(9521, 265, 1, 1, 17, 7),
(9523, 274, 1, 1, 12, 5),
(9524, 274, 1, 1, 14, 6),
(9525, 274, 1, 1, 15, 6),
(9526, 274, 1, 1, 17, 5),
(9528, 280, 1, 1, 12, 5),
(9529, 280, 1, 1, 14, 5),
(9530, 280, 1, 1, 15, 5),
(9531, 280, 1, 1, 17, 5),
(9533, 289, 1, 1, 12, 9),
(9534, 289, 1, 1, 14, 8),
(9535, 289, 1, 1, 15, 9),
(9536, 289, 1, 1, 17, 7),
(9538, 291, 1, 1, 12, 7),
(9539, 291, 1, 1, 14, 6),
(9540, 291, 1, 1, 15, 7),
(9541, 291, 1, 1, 17, 6),
(9543, 336, 1, 1, 12, 7),
(9544, 336, 1, 1, 14, 9),
(9545, 336, 1, 1, 15, 9),
(9546, 336, 1, 1, 17, 7),
(9548, 338, 1, 1, 12, 5),
(9549, 338, 1, 1, 14, 5),
(9550, 338, 1, 1, 15, 5),
(9551, 338, 1, 1, 17, 5),
(9553, 345, 1, 1, 12, 6),
(9554, 345, 1, 1, 14, 7),
(9555, 345, 1, 1, 15, 8),
(9556, 345, 1, 1, 17, 7),
(9558, 353, 1, 1, 12, 6),
(9559, 353, 1, 1, 14, 6),
(9560, 353, 1, 1, 15, 9),
(9561, 353, 1, 1, 17, 7),
(9563, 379, 1, 1, 12, 5),
(9564, 379, 1, 1, 14, 5),
(9565, 379, 1, 1, 15, 5),
(9566, 379, 1, 1, 17, 6),
(9568, 424, 1, 1, 12, 7),
(9569, 424, 1, 1, 14, 7),
(9570, 424, 1, 1, 15, 9),
(9571, 424, 1, 1, 17, 6),
(9573, 412, 1, 1, 12, 7),
(9574, 412, 1, 1, 14, 8),
(9575, 412, 1, 1, 15, 9),
(9576, 412, 1, 1, 17, 6),
(9578, 108, 1, 1, 12, 8),
(9579, 108, 1, 1, 15, 9),
(9581, 108, 1, 1, 14, 8),
(9582, 108, 1, 1, 17, 9),
(9583, 329, 1, 1, 36, 7),
(9584, 329, 1, 1, 37, 8),
(9585, 329, 1, 1, 38, 7),
(9586, 329, 1, 1, 39, 6),
(9587, 329, 1, 1, 40, 7),
(9588, 329, 1, 1, 41, 8),
(9590, 329, 1, 1, 44, 6),
(9591, 329, 1, 1, 45, 7),
(9592, 329, 1, 1, 46, 8),
(9593, 329, 1, 1, 47, 9),
(9594, 329, 1, 1, 48, 6),
(9595, 329, 1, 1, 49, 8),
(9596, 90, 1, 1, 36, 6),
(9597, 34, 1, 1, 13, 7),
(9598, 34, 1, 1, 17, 7),
(9600, 48, 1, 1, 13, 6),
(9601, 48, 1, 1, 17, 7),
(9603, 62, 1, 1, 13, 7),
(9604, 62, 1, 1, 17, 7),
(9606, 82, 1, 1, 13, 6),
(9607, 82, 1, 1, 17, 6),
(9609, 140, 1, 1, 13, 7),
(9610, 140, 1, 1, 17, 7),
(9612, 198, 1, 1, 13, 7),
(9613, 198, 1, 1, 17, 7),
(9615, 205, 1, 1, 13, 6),
(9616, 205, 1, 1, 17, 6),
(9618, 227, 1, 1, 13, 7),
(9619, 227, 1, 1, 17, 7),
(9621, 256, 1, 1, 13, 7),
(9622, 256, 1, 1, 17, 7),
(9624, 305, 1, 1, 13, 7),
(9625, 305, 1, 1, 17, 7),
(9627, 313, 1, 1, 13, 6),
(9628, 313, 1, 1, 17, 6),
(9630, 317, 1, 1, 13, 6),
(9631, 317, 1, 1, 17, 6),
(9633, 332, 1, 1, 13, 6),
(9634, 332, 1, 1, 17, 6),
(9636, 341, 1, 1, 13, 8),
(9637, 341, 1, 1, 17, 8),
(9639, 344, 1, 1, 13, 6),
(9640, 344, 1, 1, 17, 6),
(9642, 399, 1, 1, 13, 6),
(9643, 399, 1, 1, 17, 6),
(9645, 404, 1, 1, 13, 7),
(9646, 404, 1, 1, 17, 7),
(9648, 23, 1, 1, 13, 6),
(9649, 23, 1, 1, 17, 6),
(9651, 42, 1, 1, 13, 7),
(9652, 42, 1, 1, 17, 7),
(9654, 55, 1, 1, 13, 6),
(9655, 55, 1, 1, 17, 6),
(9657, 58, 1, 1, 13, 7),
(9658, 58, 1, 1, 17, 7),
(9660, 71, 1, 1, 13, 6),
(9661, 71, 1, 1, 17, 5),
(9663, 97, 1, 1, 17, 7),
(9664, 97, 1, 1, 13, 7),
(9666, 120, 1, 1, 13, 7),
(9667, 120, 1, 1, 17, 7),
(9669, 150, 1, 1, 13, 7),
(9670, 150, 1, 1, 17, 7),
(9672, 156, 1, 1, 13, 7),
(9673, 156, 1, 1, 17, 7),
(9675, 175, 1, 1, 13, 6),
(9676, 175, 1, 1, 17, 6),
(9678, 179, 1, 1, 13, 7),
(9679, 179, 1, 1, 17, 7),
(9681, 187, 1, 1, 13, 7),
(9682, 187, 1, 1, 17, 7),
(9684, 216, 1, 1, 13, 5),
(9685, 216, 1, 1, 17, 5),
(9687, 232, 1, 1, 13, 7),
(9688, 232, 1, 1, 17, 7),
(9690, 318, 1, 1, 13, 5),
(9691, 318, 1, 1, 17, 6),
(9693, 322, 1, 1, 13, 6),
(9694, 322, 1, 1, 17, 6),
(9696, 347, 1, 1, 13, 7),
(9697, 347, 1, 1, 17, 7),
(9699, 351, 1, 1, 13, 7),
(9700, 351, 1, 1, 17, 7),
(9702, 354, 1, 1, 13, 6),
(9703, 354, 1, 1, 17, 6),
(9705, 420, 1, 1, 13, 6),
(9706, 420, 1, 1, 17, 6),
(9708, 23, 1, 1, 24, 5),
(9711, 23, 1, 1, 75, 5),
(9712, 23, 1, 1, 76, 5),
(9713, 23, 1, 1, 77, 5),
(9717, 42, 1, 1, 24, 7),
(9720, 55, 1, 1, 24, 6),
(9723, 55, 1, 1, 72, 6),
(9724, 42, 1, 1, 72, 6),
(9725, 23, 1, 1, 72, 5),
(9726, 58, 1, 1, 72, 6),
(9728, 42, 1, 1, 75, 6),
(9729, 42, 1, 1, 76, 7),
(9730, 42, 1, 1, 77, 7),
(9732, 55, 1, 1, 75, 6),
(9733, 55, 1, 1, 76, 6),
(9734, 55, 1, 1, 77, 6),
(9736, 58, 1, 1, 24, 6),
(9738, 58, 1, 1, 75, 6),
(9739, 58, 1, 1, 76, 6),
(9740, 58, 1, 1, 77, 6),
(9742, 71, 1, 1, 24, 6),
(9744, 71, 1, 1, 75, 6),
(9745, 71, 1, 1, 76, 6),
(9746, 71, 1, 1, 77, 6),
(9748, 71, 1, 1, 72, 5),
(9750, 97, 1, 1, 72, 6),
(9752, 97, 1, 1, 75, 6),
(9753, 97, 1, 1, 76, 6),
(9754, 97, 1, 1, 77, 6),
(9756, 97, 1, 1, 24, 6),
(9758, 120, 1, 1, 72, 7),
(9760, 120, 1, 1, 75, 7),
(9761, 120, 1, 1, 76, 7),
(9762, 120, 1, 1, 77, 7),
(9764, 120, 1, 1, 24, 6),
(9766, 150, 1, 1, 24, 6),
(9768, 150, 1, 1, 75, 7),
(9769, 150, 1, 1, 76, 7),
(9770, 150, 1, 1, 77, 7),
(9772, 150, 1, 1, 72, 6),
(9774, 156, 1, 1, 24, 7),
(9776, 156, 1, 1, 75, 7),
(9777, 156, 1, 1, 76, 7),
(9778, 156, 1, 1, 77, 7),
(9780, 156, 1, 1, 72, 7),
(9782, 175, 1, 1, 72, 6),
(9784, 175, 1, 1, 75, 6),
(9785, 175, 1, 1, 76, 6),
(9786, 175, 1, 1, 77, 6),
(9788, 175, 1, 1, 24, 6),
(9790, 179, 1, 1, 24, 6),
(9792, 179, 1, 1, 75, 7),
(9793, 179, 1, 1, 76, 7),
(9794, 179, 1, 1, 77, 6),
(9796, 179, 1, 1, 72, 6),
(9798, 187, 1, 1, 72, 6),
(9800, 187, 1, 1, 75, 6),
(9801, 187, 1, 1, 76, 6),
(9802, 187, 1, 1, 77, 6),
(9804, 187, 1, 1, 24, 6),
(9806, 216, 1, 1, 24, 7),
(9808, 216, 1, 1, 75, 6),
(9809, 216, 1, 1, 76, 7),
(9810, 216, 1, 1, 77, 7),
(9812, 216, 1, 1, 72, 6),
(9814, 232, 1, 1, 72, 6),
(9816, 232, 1, 1, 75, 7),
(9817, 232, 1, 1, 76, 7),
(9818, 232, 1, 1, 77, 7),
(9820, 232, 1, 1, 24, 6),
(9822, 318, 1, 1, 24, 6),
(9824, 318, 1, 1, 75, 5),
(9825, 318, 1, 1, 76, 5),
(9826, 318, 1, 1, 77, 5),
(9828, 318, 1, 1, 72, 6),
(9830, 322, 1, 1, 72, 6),
(9832, 322, 1, 1, 76, 6),
(9833, 322, 1, 1, 75, 6),
(9834, 322, 1, 1, 77, 5),
(9836, 322, 1, 1, 24, 6),
(9838, 347, 1, 1, 72, 6),
(9840, 347, 1, 1, 75, 7),
(9841, 347, 1, 1, 76, 7),
(9842, 347, 1, 1, 77, 7),
(9844, 347, 1, 1, 24, 7),
(9846, 351, 1, 1, 24, 6),
(9848, 351, 1, 1, 75, 7),
(9849, 351, 1, 1, 76, 7),
(9850, 351, 1, 1, 77, 7),
(9852, 351, 1, 1, 72, 6),
(9854, 354, 1, 1, 24, 6),
(9856, 354, 1, 1, 75, 5),
(9857, 354, 1, 1, 76, 5),
(9858, 354, 1, 1, 77, 5),
(9860, 354, 1, 1, 72, 5),
(9862, 420, 1, 1, 72, 5),
(9866, 420, 1, 1, 33, 6),
(9867, 420, 1, 1, 34, 6),
(9868, 420, 1, 1, 35, 6),
(9870, 420, 1, 1, 1, 5),
(9871, 420, 1, 1, 2, 5),
(9872, 420, 1, 1, 3, 5),
(9873, 420, 1, 1, 4, 5),
(9874, 420, 1, 1, 5, 5),
(9876, 420, 1, 1, 18, 5),
(9877, 420, 1, 1, 19, 5),
(9878, 420, 1, 1, 20, 5),
(9879, 420, 1, 1, 21, 5),
(9881, 420, 1, 1, 24, 6),
(9883, 420, 1, 1, 75, 5),
(9884, 420, 1, 1, 76, 5),
(9885, 420, 1, 1, 77, 5),
(9887, 420, 1, 1, 73, 5),
(9888, 420, 1, 1, 74, 5),
(9889, 19, 1, 1, 23, 5),
(9890, 27, 1, 1, 24, 7),
(9891, 46, 1, 1, 22, 8),
(9892, 46, 1, 1, 23, 7),
(9893, 46, 1, 1, 24, 7),
(9894, 46, 1, 1, 25, 7),
(9896, 76, 1, 1, 22, 7),
(9897, 76, 1, 1, 23, 6),
(9898, 76, 1, 1, 24, 7),
(9899, 76, 1, 1, 25, 6),
(9901, 101, 1, 1, 22, 9),
(9902, 101, 1, 1, 23, 7),
(9903, 101, 1, 1, 24, 8),
(9904, 101, 1, 1, 25, 9),
(9906, 128, 1, 1, 23, 5),
(9907, 128, 1, 1, 25, 5),
(9908, 128, 1, 1, 24, 6),
(9909, 128, 1, 1, 22, 6),
(9911, 151, 1, 1, 22, 8),
(9912, 151, 1, 1, 23, 7),
(9913, 151, 1, 1, 24, 8),
(9914, 151, 1, 1, 25, 7),
(9916, 163, 1, 1, 22, 6),
(9917, 163, 1, 1, 23, 5),
(9918, 163, 1, 1, 24, 6),
(9919, 163, 1, 1, 25, 5),
(9921, 174, 1, 1, 22, 6),
(9922, 174, 1, 1, 23, 5),
(9923, 174, 1, 1, 24, 6),
(9924, 174, 1, 1, 25, 5),
(9925, 206, 1, 1, 22, 7),
(9926, 206, 1, 1, 23, 7),
(9927, 206, 1, 1, 24, 7),
(9928, 206, 1, 1, 25, 7),
(9930, 210, 1, 1, 22, 8),
(9931, 210, 1, 1, 23, 7),
(9932, 210, 1, 1, 25, 8),
(9934, 249, 1, 1, 22, 7),
(9935, 249, 1, 1, 23, 7),
(9936, 249, 1, 1, 25, 8),
(9938, 255, 1, 1, 22, 8),
(9939, 255, 1, 1, 23, 7),
(9940, 255, 1, 1, 24, 8),
(9941, 255, 1, 1, 25, 7),
(9943, 265, 1, 1, 22, 7),
(9944, 265, 1, 1, 23, 7),
(9945, 265, 1, 1, 24, 7),
(9946, 265, 1, 1, 25, 7),
(9948, 274, 1, 1, 22, 6),
(9949, 274, 1, 1, 23, 5),
(9950, 274, 1, 1, 24, 6),
(9951, 274, 1, 1, 25, 5),
(9953, 280, 1, 1, 22, 6),
(9954, 280, 1, 1, 23, 5),
(9955, 280, 1, 1, 24, 6),
(9956, 280, 1, 1, 25, 5),
(9958, 289, 1, 1, 22, 8),
(9959, 289, 1, 1, 23, 7),
(9960, 289, 1, 1, 24, 8),
(9961, 289, 1, 1, 25, 8),
(9963, 291, 1, 1, 22, 8),
(9964, 291, 1, 1, 23, 7),
(9965, 291, 1, 1, 24, 7),
(9966, 291, 1, 1, 25, 8),
(9968, 336, 1, 1, 22, 7),
(9969, 336, 1, 1, 23, 6),
(9970, 336, 1, 1, 24, 7),
(9971, 336, 1, 1, 25, 7),
(9973, 338, 1, 1, 22, 7),
(9974, 338, 1, 1, 23, 6),
(9975, 338, 1, 1, 24, 7),
(9976, 338, 1, 1, 25, 5),
(9978, 345, 1, 1, 22, 7),
(9979, 345, 1, 1, 23, 6),
(9980, 345, 1, 1, 24, 7),
(9981, 345, 1, 1, 25, 7),
(9983, 353, 1, 1, 22, 7),
(9984, 353, 1, 1, 23, 6),
(9985, 353, 1, 1, 24, 7),
(9986, 353, 1, 1, 25, 7),
(9988, 379, 1, 1, 22, 6),
(9989, 379, 1, 1, 23, 5),
(9990, 379, 1, 1, 24, 6),
(9991, 379, 1, 1, 25, 7),
(9993, 412, 1, 1, 22, 7),
(9994, 412, 1, 1, 23, 6),
(9995, 412, 1, 1, 24, 7),
(9996, 412, 1, 1, 25, 6),
(9998, 424, 1, 1, 22, 7),
(9999, 424, 1, 1, 23, 6),
(10000, 424, 1, 1, 24, 7),
(10001, 424, 1, 1, 25, 6),
(10005, 54, 1, 1, 1, 5),
(10011, 108, 1, 1, 1, 5),
(10012, 133, 1, 1, 50, 6),
(10013, 133, 1, 1, 51, 7),
(10014, 133, 1, 1, 52, 9),
(10015, 133, 1, 1, 53, 5),
(10017, 133, 1, 1, 55, 6),
(10018, 133, 1, 1, 54, 6),
(10020, 133, 1, 1, 56, 8),
(10021, 133, 1, 1, 57, 7),
(10022, 133, 1, 1, 58, 8),
(10023, 133, 1, 1, 59, 6),
(10028, 133, 1, 1, 61, 5),
(10029, 133, 1, 1, 62, 6),
(10030, 133, 1, 1, 63, 5),
(10031, 133, 1, 1, 64, 5),
(10033, 133, 1, 1, 65, 7),
(10034, 133, 1, 1, 66, 8),
(10035, 133, 1, 1, 67, 7),
(10037, 133, 1, 1, 68, 8),
(10038, 133, 1, 1, 69, 9),
(10039, 133, 1, 1, 70, 7);

-- --------------------------------------------------------

--
-- Table structure for table `persons`
--

CREATE TABLE `persons` (
  `id` int(11) NOT NULL,
  `name` varchar(40) COLLATE utf8_unicode_ci NOT NULL,
  `surnames` varchar(50) COLLATE utf8_unicode_ci NOT NULL,
  `discr` varchar(255) COLLATE utf8_unicode_ci NOT NULL,
  `thumbnail` varchar(50) COLLATE utf8_unicode_ci NOT NULL,
  `school_id` int(11) DEFAULT NULL
) ENGINE=InnoDB DEFAULT CHARSET=utf8 COLLATE=utf8_unicode_ci;

--
-- Dumping data for table `persons`
--

INSERT INTO `persons` (`id`, `name`, `surnames`, `discr`, `thumbnail`, `school_id`) VALUES
(1, 'Nom 1', 'Cognoms 1', 'teacher', 'autonell-roger-lluís.jpg', 1),
(2, 'Nom 2', 'Cognoms 2', 'teacher', 'bernat-lópez-gema.jpg', 1),
(3, 'Nom 3', 'Cognoms 3', 'teacher', 'carreño-uceda-nuria.jpg', 1),
(4, 'Nom 4', 'Cognoms 4', 'teacher', 'castellanos-arcos-maría-paz.jpg', 1),
(5, 'Nom 5', 'Cognoms 5', 'teacher', 'closas-roselló-assumpció.jpg', 1),
(6, 'Nom 6', 'Cognoms 6', 'teacher', 'costa-vicent-anna-maria.jpg', 1),
(7, 'Nom 7', 'Cognoms 7', 'teacher', 'figueras-harder-joana.jpg', 1),
(8, 'Nom 8', 'Cognoms 8', 'teacher', 'fustagueras-miquel-josefina.jpg', 1),
(9, 'Nom 9', 'Cognoms 9', 'teacher', 'garcía-jiménez-estefanía-reyes.jpg', 1),
(10, 'Nom 10', 'Cognoms 10', 'teacher', 'macià-gaspa-maria-rosa.jpg', 1),
(11, 'Nom 11', 'Cognoms 11', 'teacher', 'marcos-hidalgo-ma.-isabel.jpg', 1),
(12, 'Nom 12', 'Cognoms 12', 'teacher', 'montalà-lópez-gemma.jpg', 1),
(13, 'Nom 13', 'Cognoms 13', 'student', 'abdelouahed-oughris-yassine.jpg', 1),
(14, 'Nom 14', 'Cognoms 14', 'student', 'aeuil-badreddine.jpg', 1),
(15, 'Nom 15', 'Cognoms 15', 'student', 'aeuil-nora.jpg', 1),
(16, 'Nom 16', 'Cognoms 16', 'student', 'ahmedova-hasanova-elissa.jpg', 1),
(17, 'Nom 17', 'Cognoms 17', 'student', 'alcañiz-ruiz-enric.jpg', 1),
(18, 'Nom 18', 'Cognoms 18', 'student', 'alejos-roca-michelle.jpg', 1),
(19, 'Nom 19', 'Cognoms 19', 'student', 'altamirano-miró-zoe.jpg', 1),
(20, 'Nom 20', 'Cognoms 20', 'student', 'alvarez-molina-david.jpg', 1),
(21, 'Nom 21', 'Cognoms 21', 'student', 'anula-hidalgo-eizan.jpg', 1),
(22, 'Nom 22', 'Cognoms 22', 'student', 'aparicio-i-requena-judith.jpg', 1),
(23, 'Nom 23', 'Cognoms 23', 'student', 'aranega-danoy-cloé.jpg', 1),
(24, 'Nom 24', 'Cognoms 24', 'student', 'aranega-danoy-maelys.jpg', 1),
(25, 'Nom 25', 'Cognoms 25', 'student', 'aranega-techeng-alba.jpg', 1),
(26, 'Nom 26', 'Cognoms 26', 'student', 'aranega-techeng-julian.jpg', 1),
(27, 'Nom 27', 'Cognoms 27', 'student', 'arañó-jiménez-noa.jpg', 1),
(28, 'Nom 28', 'Cognoms 28', 'student', 'arrigoni-medina-ainara.jpg', 1),
(29, 'Nom 29', 'Cognoms 29', 'student', 'asencio-colomer-biel.jpg', 1),
(30, 'Nom 30', 'Cognoms 30', 'student', 'aubach-borrell-ferran.jpg', 1),
(31, 'Nom 31', 'Cognoms 31', 'student', 'aubach-borrell-guillem.jpg', 1),
(32, 'Nom 32', 'Cognoms 32', 'student', 'baba-dragos-andrei.jpg', 1),
(33, 'Nom 33', 'Cognoms 33', 'student', 'bah-daouda.jpg', 1),
(34, 'Nom 34', 'Cognoms 34', 'student', 'bah-djeneba.jpg', 1),
(35, 'Nom 35', 'Cognoms 35', 'student', 'bah-mahamadou-lamine.jpg', 1),
(36, 'Nom 36', 'Cognoms 36', 'student', 'baqella-aya.jpg', 1),
(37, 'Nom 37', 'Cognoms 37', 'student', 'barbancho-ruiz-josé-manuel.jpg', 1),
(38, 'Nom 38', 'Cognoms 38', 'student', 'barrios-castaño-jade.jpg', 1),
(39, 'Nom 39', 'Cognoms 39', 'student', 'bartés-martín-iker.jpg', 1),
(40, 'Nom 40', 'Cognoms 40', 'student', 'bayot-bonells-jan.jpg', 1),
(41, 'Nom 41', 'Cognoms 41', 'student', 'beliga-marisa-diana.jpg', 1),
(42, 'Nom 42', 'Cognoms 42', 'student', 'beliga-zegrean-paul.jpg', 1),
(43, 'Nom 43', 'Cognoms 43', 'student', 'ben-alla-ilyas.jpg', 1),
(44, 'Nom 44', 'Cognoms 44', 'student', 'ben-alla-yahya.jpg', 1),
(45, 'Nom 45', 'Cognoms 45', 'student', 'beneït-vall-guifré.jpg', 1),
(46, 'Nom 46', 'Cognoms 46', 'student', 'bermudo-collado-pau.jpg', 1),
(47, 'Nom 47', 'Cognoms 47', 'student', 'bernades-ubasart-laia.jpg', 1),
(48, 'Nom 48', 'Cognoms 48', 'student', 'bernades-ubasart-pere.jpg', 1),
(49, 'Nom 49', 'Cognoms 49', 'student', 'blanco-sancho-mario.jpg', 1),
(50, 'Nom 50', 'Cognoms 50', 'student', 'blanco-sancho-tania.jpg', 1),
(51, 'Nom 51', 'Cognoms 51', 'student', 'bolaño-ricardo-elsa.jpg', 1),
(52, 'Nom 52', 'Cognoms 52', 'student', 'bonache-palazón-dani.jpg', 1),
(53, 'Nom 53', 'Cognoms 53', 'student', 'bonafacia-gustà-maria.jpg', 1),
(54, 'Nom 54', 'Cognoms 54', 'student', 'bonafacia-gustà-martina.jpg', 1),
(55, 'Nom 55', 'Cognoms 55', 'student', 'bonet-rivelles-xesca.jpg', 1),
(56, 'Nom 56', 'Cognoms 56', 'student', 'bonilla-martínez-eric.jpg', 1),
(57, 'Nom 57', 'Cognoms 57', 'student', 'broncano-roman-noa.jpg', 1),
(58, 'Nom 58', 'Cognoms 58', 'student', 'bubé-valldeoriola-èric.jpg', 1),
(59, 'Nom 59', 'Cognoms 59', 'student', 'buxó-clapers-jan.jpg', 1),
(60, 'Nom 60', 'Cognoms 60', 'student', 'buxó-clapers-pol.jpg', 1),
(61, 'Nom 61', 'Cognoms 61', 'student', 'cabrera-celentano-kiara.jpg', 1),
(62, 'Nom 62', 'Cognoms 62', 'student', 'cainar-leach-maria.jpg', 1),
(63, 'Nom 63', 'Cognoms 63', 'student', 'cama-auret-david.jpg', 1),
(64, 'Nom 64', 'Cognoms 64', 'student', 'camacho-castillo-ana.jpg', 1),
(65, 'Nom 65', 'Cognoms 65', 'student', 'camacho-castillo-eric.jpg', 1),
(66, 'Nom 66', 'Cognoms 66', 'student', 'camara-ally.jpg', 1),
(67, 'Nom 67', 'Cognoms 67', 'student', 'camara-dalla.jpg', 1),
(68, 'Nom 68', 'Cognoms 68', 'student', 'camara-hawa.jpg', 1),
(69, 'Nom 69', 'Cognoms 69', 'student', 'camara-sidy.jpg', 1),
(70, 'Nom 70', 'Cognoms 70', 'student', 'capdevila-rofes-laia.jpg', 1),
(71, 'Nom 71', 'Cognoms 71', 'student', 'capdevila-rofes-roger.jpg', 1),
(72, 'Nom 72', 'Cognoms 72', 'student', 'carmona-velasco-angus.jpg', 1),
(73, 'Nom 73', 'Cognoms 73', 'student', 'carner-bonells-gerard.jpg', 1),
(74, 'Nom 74', 'Cognoms 74', 'student', 'carrero-sarria-maria-victoria.jpg', 1),
(75, 'Nom 75', 'Cognoms 75', 'student', 'carriqui-lorente-nil.jpg', 1),
(76, 'Nom 76', 'Cognoms 76', 'student', 'carrión-durán-claudia.jpg', 1),
(77, 'Nom 77', 'Cognoms 77', 'student', 'carrión-durán-cloe.jpg', 1),
(78, 'Nom 78', 'Cognoms 78', 'student', 'casajuana-cid-júlia.jpg', 1),
(79, 'Nom 79', 'Cognoms 79', 'student', 'casanovas-casajuana-bernat.jpg', 1),
(80, 'Nom 80', 'Cognoms 80', 'student', 'casanovas-casajuana-júlia.jpg', 1),
(81, 'Nom 81', 'Cognoms 81', 'student', 'casas-rubió-anna.jpg', 1),
(82, 'Nom 82', 'Cognoms 82', 'student', 'casas-rubió-maria.jpg', 1),
(83, 'Nom 83', 'Cognoms 83', 'student', 'casassas-vilardell-emma.jpg', 1),
(84, 'Nom 84', 'Cognoms 84', 'student', 'casassas-vilardell-lluís.jpg', 1),
(85, 'Nom 85', 'Cognoms 85', 'student', 'castaño-rodriguez-iker.jpg', 1),
(86, 'Nom 86', 'Cognoms 86', 'student', 'castaño-sanchez-hector.jpg', 1),
(87, 'Nom 87', 'Cognoms 87', 'student', 'castaño-sánchez-clàudia.jpg', 1),
(88, 'Nom 88', 'Cognoms 88', 'student', 'castelló-marin-maria.jpg', 1),
(89, 'Nom 89', 'Cognoms 89', 'student', 'castillo-canchales-naia.jpg', 1),
(90, 'Nom 90', 'Cognoms 90', 'student', 'castillo-cancho-cesc.jpg', 1),
(91, 'Nom 91', 'Cognoms 91', 'student', 'castillo-cancho-ònia.jpg', 1),
(92, 'Nom 92', 'Cognoms 92', 'student', 'catot-burdó-marc.jpg', 1),
(93, 'Nom 93', 'Cognoms 93', 'student', 'cedeño-burgos-matteo.jpg', 1),
(94, 'Nom 94', 'Cognoms 94', 'student', 'cirera-grande-oriol.jpg', 1),
(95, 'Nom 95', 'Cognoms 95', 'student', 'cisse-adama.jpg', 1),
(96, 'Nom 96', 'Cognoms 96', 'student', 'cisse-ibrahima.jpg', 1),
(97, 'Nom 97', 'Cognoms 97', 'student', 'cisse-koumba.jpg', 1),
(98, 'Nom 98', 'Cognoms 98', 'student', 'cisse-mahame.jpg', 1),
(99, 'Nom 99', 'Cognoms 99', 'student', 'cisse-mamady.jpg', 1),
(100, 'Nom 100', 'Cognoms 100', 'student', 'cisse-wally.jpg', 1),
(101, 'Nom 101', 'Cognoms 101', 'student', 'cisse-tandia-fatouma.jpg', 1),
(102, 'Nom 102', 'Cognoms 102', 'student', 'clavaín-camacho-aurora.jpg', 1),
(103, 'Nom 103', 'Cognoms 103', 'student', 'clavaín-camacho-lucía.jpg', 1),
(104, 'Nom 104', 'Cognoms 104', 'student', 'clemente-lópez-david.jpg', 1),
(105, 'Nom 105', 'Cognoms 105', 'student', 'climent-vallejo-einar.jpg', 1),
(106, 'Nom 106', 'Cognoms 106', 'student', 'climent-vallejo-ismael.jpg', 1),
(107, 'Nom 107', 'Cognoms 107', 'student', 'clua-camprubí-laia.jpg', 1),
(108, 'Nom 108', 'Cognoms 108', 'student', 'clua-camprubí-èric.jpg', 1),
(109, 'Nom 109', 'Cognoms 109', 'student', 'clusella-salvans-aloma.jpg', 1),
(110, 'Nom 110', 'Cognoms 110', 'student', 'clusella-salvans-lau.jpg', 1),
(111, 'Nom 111', 'Cognoms 111', 'student', 'colillas-forcada-oriol.jpg', 1),
(112, 'Nom 112', 'Cognoms 112', 'student', 'colomer-gonzález-nil.jpg', 1),
(113, 'Nom 113', 'Cognoms 113', 'student', 'cortada-vilarmau-ivet.jpg', 1),
(114, 'Nom 114', 'Cognoms 114', 'student', 'cortés-coronado-manuel.jpg', 1),
(115, 'Nom 115', 'Cognoms 115', 'student', 'costas-hernández-leire.jpg', 1),
(116, 'Nom 116', 'Cognoms 116', 'student', 'costumero-muliterno-helena.jpg', 1),
(117, 'Nom 117', 'Cognoms 117', 'student', 'cotado-clavell-enric.jpg', 1),
(118, 'Nom 118', 'Cognoms 118', 'student', 'cotado-clavell-queralt.jpg', 1),
(119, 'Nom 119', 'Cognoms 119', 'student', 'cots-linares-jan.jpg', 1),
(120, 'Nom 120', 'Cognoms 120', 'student', 'cots-linares-marc.jpg', 1),
(121, 'Nom 121', 'Cognoms 121', 'student', 'coulibaly-dembele-mohamed.jpg', 1),
(122, 'Nom 122', 'Cognoms 122', 'student', 'coulibaly-dembele-souleymane.jpg', 1),
(123, 'Nom 123', 'Cognoms 123', 'student', 'crespiera-piella-gerard.jpg', 1),
(124, 'Nom 124', 'Cognoms 124', 'student', 'crusat-terradellas-irina.jpg', 1),
(125, 'Nom 125', 'Cognoms 125', 'student', 'cuadro-bisbal-arnau.jpg', 1),
(126, 'Nom 126', 'Cognoms 126', 'student', 'cuadro-bisbal-queralt.jpg', 1),
(127, 'Nom 127', 'Cognoms 127', 'student', 'cuberta-gasca-ferran.jpg', 1),
(128, 'Nom 128', 'Cognoms 128', 'student', 'cuberta-gasca-gemma.jpg', 1),
(129, 'Nom 129', 'Cognoms 129', 'student', 'de-la-rosa-roqueta-roc.jpg', 1),
(130, 'Nom 130', 'Cognoms 130', 'student', 'de-la-sierra-ferrer-marc.jpg', 1),
(131, 'Nom 131', 'Cognoms 131', 'student', 'de-la-sierra-ferrer-roger.jpg', 1),
(132, 'Nom 132', 'Cognoms 132', 'student', 'de-la-viuda-sánchez-aratz.jpg', 1),
(133, 'Nom 133', 'Cognoms 133', 'student', 'de-souza-perol-alba.jpg', 1),
(134, 'Nom 134', 'Cognoms 134', 'student', 'demera-carriel-valeria.jpg', 1),
(135, 'Nom 135', 'Cognoms 135', 'student', 'detelinov-tsvetanov-tsvetan.jpg', 1),
(136, 'Nom 136', 'Cognoms 136', 'student', 'detelinov-tzvetanov-daniel.jpg', 1),
(137, 'Nom 137', 'Cognoms 137', 'student', 'diakite-abdou.jpg', 1),
(138, 'Nom 138', 'Cognoms 138', 'student', 'diakite-fode.jpg', 1),
(139, 'Nom 139', 'Cognoms 139', 'student', 'diakite-madou.jpg', 1),
(140, 'Nom 140', 'Cognoms 140', 'student', 'diakite-salimata.jpg', 1),
(141, 'Nom 141', 'Cognoms 141', 'student', 'diallo-nyassa.jpg', 1),
(142, 'Nom 142', 'Cognoms 142', 'student', 'diallo-ramatou.jpg', 1),
(143, 'Nom 143', 'Cognoms 143', 'student', 'diallo-youma.jpg', 1),
(144, 'Nom 144', 'Cognoms 144', 'student', 'diaz-arjona-aaron.jpg', 1),
(145, 'Nom 145', 'Cognoms 145', 'student', 'diaz-vilardebó-pol.jpg', 1),
(146, 'Nom 146', 'Cognoms 146', 'student', 'diaz-vilà-paula.jpg', 1),
(147, 'Nom 147', 'Cognoms 147', 'student', 'domínguez-de-souza-esteban.jpg', 1),
(148, 'Nom 148', 'Cognoms 148', 'student', 'donoso-lojano-ryan.jpg', 1),
(149, 'Nom 149', 'Cognoms 149', 'student', 'doucoure-aissatou.jpg', 1),
(150, 'Nom 150', 'Cognoms 150', 'student', 'doucoure-issa.jpg', 1),
(151, 'Nom 151', 'Cognoms 151', 'student', 'drame-demba.jpg', 1),
(152, 'Nom 152', 'Cognoms 152', 'student', 'drame-issa.jpg', 1),
(153, 'Nom 153', 'Cognoms 153', 'student', 'drame-mamadou.jpg', 1),
(154, 'Nom 154', 'Cognoms 154', 'student', 'drammeh-alimami.jpg', 1),
(155, 'Nom 155', 'Cognoms 155', 'student', 'drammeh-kaddyjatou.jpg', 1),
(156, 'Nom 156', 'Cognoms 156', 'student', 'drammeh-mahamadou.jpg', 1),
(157, 'Nom 157', 'Cognoms 157', 'student', 'díez-vicedo-pau.jpg', 1),
(158, 'Nom 158', 'Cognoms 158', 'student', 'elgueta-tourneroche-jan.jpg', 1),
(159, 'Nom 159', 'Cognoms 159', 'student', 'escura-velasco-arnau.jpg', 1),
(160, 'Nom 160', 'Cognoms 160', 'student', 'escura-velasco-marc.jpg', 1),
(161, 'Nom 161', 'Cognoms 161', 'student', 'espinar-garcia-àngel.jpg', 1),
(162, 'Nom 162', 'Cognoms 162', 'student', 'ezzahi-hamim-zaid.jpg', 1),
(163, 'Nom 163', 'Cognoms 163', 'student', 'fabian-font-ada.jpg', 1),
(164, 'Nom 164', 'Cognoms 164', 'student', 'farcas-león-daniel.jpg', 1),
(165, 'Nom 165', 'Cognoms 165', 'student', 'farràs-clusella-ona.jpg', 1),
(166, 'Nom 166', 'Cognoms 166', 'student', 'farràs-cunill-aleix.jpg', 1),
(167, 'Nom 167', 'Cognoms 167', 'student', 'farràs-cunill-pol.jpg', 1),
(168, 'Nom 168', 'Cognoms 168', 'student', 'fernández-zamora-daniel.jpg', 1),
(169, 'Nom 169', 'Cognoms 169', 'student', 'fernández-zamora-lucia.jpg', 1),
(170, 'Nom 170', 'Cognoms 170', 'student', 'ferrer-betrán-berta.jpg', 1),
(171, 'Nom 171', 'Cognoms 171', 'student', 'ferrer-crozzoli-elna.jpg', 1),
(172, 'Nom 172', 'Cognoms 172', 'student', 'ferrer-crozzoli-joana.jpg', 1),
(173, 'Nom 173', 'Cognoms 173', 'student', 'ferrer-forcada-otger.jpg', 1),
(174, 'Nom 174', 'Cognoms 174', 'student', 'ferrer-gómez-aina.jpg', 1),
(175, 'Nom 175', 'Cognoms 175', 'student', 'ferrer-gómez-idoia.jpg', 1),
(176, 'Nom 176', 'Cognoms 176', 'student', 'figols-ors-berta.jpg', 1),
(177, 'Nom 177', 'Cognoms 177', 'student', 'forjan-claparols-lluc.jpg', 1),
(178, 'Nom 178', 'Cognoms 178', 'student', 'fort-soldevila-orlina.jpg', 1),
(179, 'Nom 179', 'Cognoms 179', 'student', 'fort-soldevila-sirac.jpg', 1),
(180, 'Nom 180', 'Cognoms 180', 'student', 'fortuny-matias-nerea.jpg', 1),
(181, 'Nom 181', 'Cognoms 181', 'student', 'franquesa-pinilla-arlet.jpg', 1),
(182, 'Nom 182', 'Cognoms 182', 'student', 'franquesa-pinilla-gil.jpg', 1),
(183, 'Nom 183', 'Cognoms 183', 'student', 'gallaguet-navarro-ivan.jpg', 1),
(184, 'Nom 184', 'Cognoms 184', 'student', 'gallaguet-navarro-raquel.jpg', 1),
(185, 'Nom 185', 'Cognoms 185', 'student', 'gallaguet-navarro-àlex.jpg', 1),
(186, 'Nom 186', 'Cognoms 186', 'student', 'gallardo-sánchez-judit.jpg', 1),
(187, 'Nom 187', 'Cognoms 187', 'student', 'garcia-andreu-ainara.jpg', 1),
(188, 'Nom 188', 'Cognoms 188', 'student', 'garcia-prat-aina.jpg', 1),
(189, 'Nom 189', 'Cognoms 189', 'student', 'garcia-prat-ona.jpg', 1),
(190, 'Nom 190', 'Cognoms 190', 'student', 'garcia-tantiñà-judit.jpg', 1),
(191, 'Nom 191', 'Cognoms 191', 'student', 'garcía-otero-víctor.jpg', 1),
(192, 'Nom 192', 'Cognoms 192', 'student', 'garolera-marcos-marina.jpg', 1),
(193, 'Nom 193', 'Cognoms 193', 'student', 'gimenez-claverol-martina.jpg', 1),
(194, 'Nom 194', 'Cognoms 194', 'student', 'gimenez-claverol-quim.jpg', 1),
(195, 'Nom 195', 'Cognoms 195', 'student', 'gros-henestrosa-iu.jpg', 1),
(196, 'Nom 196', 'Cognoms 196', 'student', 'gros-henestrosa-ona.jpg', 1),
(197, 'Nom 197', 'Cognoms 197', 'student', 'guemimi-azzab-sara.jpg', 1),
(198, 'Nom 198', 'Cognoms 198', 'student', 'guemimi-azzab-walid.jpg', 1),
(199, 'Nom 199', 'Cognoms 199', 'student', 'guillaumet-clotet-lluna.jpg', 1),
(200, 'Nom 200', 'Cognoms 200', 'student', 'guillaumet-clotet-saïd.jpg', 1),
(201, 'Nom 201', 'Cognoms 201', 'student', 'guiteras-paixau-joan.jpg', 1),
(202, 'Nom 202', 'Cognoms 202', 'student', 'guix-jaimez-youssef.jpg', 1),
(203, 'Nom 203', 'Cognoms 203', 'student', 'guzhnay-guzhnay-julissa.jpg', 1),
(204, 'Nom 204', 'Cognoms 204', 'student', 'gómez-bover-bernat.jpg', 1),
(205, 'Nom 205', 'Cognoms 205', 'student', 'gómez-bover-iona.jpg', 1),
(206, 'Nom 206', 'Cognoms 206', 'student', 'gómez-torruella-abel.jpg', 1),
(207, 'Nom 207', 'Cognoms 207', 'student', 'gómez-torruella-lis.jpg', 1),
(208, 'Nom 208', 'Cognoms 208', 'student', 'gómez-yat-xavier.jpg', 1),
(209, 'Nom 209', 'Cognoms 209', 'student', 'hendler-prats-júlia.jpg', 1),
(210, 'Nom 210', 'Cognoms 210', 'student', 'heredia-luque-yuleima.jpg', 1),
(211, 'Nom 211', 'Cognoms 211', 'student', 'hernández-esparcia-jade.jpg', 1),
(212, 'Nom 212', 'Cognoms 212', 'student', 'hernández-ordóñez-zaida.jpg', 1),
(213, 'Nom 213', 'Cognoms 213', 'student', 'herrera-pascual-aniol.jpg', 1),
(214, 'Nom 214', 'Cognoms 214', 'student', 'herrera-pascual-dídac.jpg', 1),
(215, 'Nom 215', 'Cognoms 215', 'student', 'hospital-maroñas-idalia.jpg', 1),
(216, 'Nom 216', 'Cognoms 216', 'student', 'hurtado-guiteras-noa.jpg', 1),
(217, 'Nom 217', 'Cognoms 217', 'student', 'idrac-cózar-jana.jpg', 1),
(218, 'Nom 218', 'Cognoms 218', 'student', 'iñesta-grau-laia.jpg', 1),
(219, 'Nom 219', 'Cognoms 219', 'student', 'jardiel-riera-haizea.jpg', 1),
(220, 'Nom 220', 'Cognoms 220', 'student', 'juvé-torres-iker.jpg', 1),
(221, 'Nom 221', 'Cognoms 221', 'student', 'kaur-amandeep.jpg', 1),
(222, 'Nom 222', 'Cognoms 222', 'student', 'kaur-amanpreet.jpg', 1),
(223, 'Nom 223', 'Cognoms 223', 'student', 'kaur-avneet.jpg', 1),
(224, 'Nom 224', 'Cognoms 224', 'student', 'kaur-sehajpreet.jpg', 1),
(225, 'Nom 225', 'Cognoms 225', 'student', 'koita-mariam.jpg', 1),
(226, 'Nom 226', 'Cognoms 226', 'student', 'koita-seta.jpg', 1),
(227, 'Nom 227', 'Cognoms 227', 'student', 'konate-usmani.jpg', 1),
(228, 'Nom 228', 'Cognoms 228', 'student', 'lacruz-martínez-sara.jpg', 1),
(229, 'Nom 229', 'Cognoms 229', 'student', 'leonés-olivera-bella.jpg', 1),
(230, 'Nom 230', 'Cognoms 230', 'student', 'león-aguilera-evelyn.jpg', 1),
(231, 'Nom 231', 'Cognoms 231', 'student', 'lladó-ferrer-martina.jpg', 1),
(232, 'Nom 232', 'Cognoms 232', 'student', 'lorente-sanchez-dídac.jpg', 1),
(233, 'Nom 233', 'Cognoms 233', 'student', 'lorente-sánchez-gal·la.jpg', 1),
(234, 'Nom 234', 'Cognoms 234', 'student', 'luque-bacter-diego.jpg', 1),
(235, 'Nom 235', 'Cognoms 235', 'student', 'luque-bacter-rocio.jpg', 1),
(236, 'Nom 236', 'Cognoms 236', 'student', 'lópez-bautista-xavi.jpg', 1),
(237, 'Nom 237', 'Cognoms 237', 'student', 'lópez-chuqui-carles-andreu.jpg', 1),
(238, 'Nom 238', 'Cognoms 238', 'student', 'lópez-sánchez-albert.jpg', 1),
(239, 'Nom 239', 'Cognoms 239', 'student', 'machacón-lladó-maia.jpg', 1),
(240, 'Nom 240', 'Cognoms 240', 'student', 'maciel-pla-danna.jpg', 1),
(241, 'Nom 241', 'Cognoms 241', 'student', 'macià-castro-àlex.jpg', 1),
(242, 'Nom 242', 'Cognoms 242', 'student', 'manzano-martín-arlet.jpg', 1),
(243, 'Nom 243', 'Cognoms 243', 'student', 'marmolejo-lezama-ona-itzayana.jpg', 1),
(244, 'Nom 244', 'Cognoms 244', 'student', 'marqueta-fusté-maria.jpg', 1),
(245, 'Nom 245', 'Cognoms 245', 'student', 'martin-garcia-iker.jpg', 1),
(246, 'Nom 246', 'Cognoms 246', 'student', 'martin-gutierrez-lia.jpg', 1),
(247, 'Nom 247', 'Cognoms 247', 'student', 'martin-gutiérrez-teo.jpg', 1),
(248, 'Nom 248', 'Cognoms 248', 'student', 'martin-pereña-judith.jpg', 1),
(249, 'Nom 249', 'Cognoms 249', 'student', 'martin-pereña-paula.jpg', 1),
(250, 'Nom 250', 'Cognoms 250', 'student', 'martinez-cabeza-júlia.jpg', 1),
(251, 'Nom 251', 'Cognoms 251', 'student', 'martinez-cabeza-paula.jpg', 1),
(252, 'Nom 252', 'Cognoms 252', 'student', 'martos-picañol-elba.jpg', 1),
(253, 'Nom 253', 'Cognoms 253', 'student', 'martos-picañol-estel.jpg', 1),
(254, 'Nom 254', 'Cognoms 254', 'student', 'martos-serna-natalia.jpg', 1),
(255, 'Nom 255', 'Cognoms 255', 'student', 'martínez-cayo-natàlia.jpg', 1),
(256, 'Nom 256', 'Cognoms 256', 'student', 'martínez-fernàndez-zhen.jpg', 1),
(257, 'Nom 257', 'Cognoms 257', 'student', 'martínez-martínez-jan.jpg', 1),
(258, 'Nom 258', 'Cognoms 258', 'student', 'martínez-martínez-marc.jpg', 1),
(259, 'Nom 259', 'Cognoms 259', 'student', 'martínez-padilla-guillem.jpg', 1),
(260, 'Nom 260', 'Cognoms 260', 'student', 'martínez-vilar-arnau.jpg', 1),
(261, 'Nom 261', 'Cognoms 261', 'student', 'martínez-vilar-paula.jpg', 1),
(262, 'Nom 262', 'Cognoms 262', 'student', 'mas-gonzález-alba.jpg', 1),
(263, 'Nom 263', 'Cognoms 263', 'student', 'mas-gonzález-nerea.jpg', 1),
(264, 'Nom 264', 'Cognoms 264', 'student', 'matias-manjon-edgar.jpg', 1),
(265, 'Nom 265', 'Cognoms 265', 'student', 'mediel-calderon-samuel.jpg', 1),
(266, 'Nom 266', 'Cognoms 266', 'student', 'mediel-calderon-sofia.jpg', 1),
(267, 'Nom 267', 'Cognoms 267', 'student', 'mejia-hernández-juan-pablo.jpg', 1),
(268, 'Nom 268', 'Cognoms 268', 'student', 'meliz-bonells-lluna.jpg', 1),
(269, 'Nom 269', 'Cognoms 269', 'student', 'miranda-alibés-maria.jpg', 1),
(270, 'Nom 270', 'Cognoms 270', 'student', 'mirete-rodriguez-yaiza.jpg', 1),
(271, 'Nom 271', 'Cognoms 271', 'student', 'mirete-rodriguez-ylenia.jpg', 1),
(272, 'Nom 272', 'Cognoms 272', 'student', 'molina-alvarez-dan.jpg', 1),
(273, 'Nom 273', 'Cognoms 273', 'student', 'molins-pallarès-aleix.jpg', 1),
(274, 'Nom 274', 'Cognoms 274', 'student', 'monsech-tortadès-ferran.jpg', 1),
(275, 'Nom 275', 'Cognoms 275', 'student', 'moral-pastor-berta.jpg', 1),
(276, 'Nom 276', 'Cognoms 276', 'student', 'moral-pastor-laia.jpg', 1),
(277, 'Nom 277', 'Cognoms 277', 'student', 'moral-roger-laura.jpg', 1),
(278, 'Nom 278', 'Cognoms 278', 'student', 'morales-escura-ainoha.jpg', 1),
(279, 'Nom 279', 'Cognoms 279', 'student', 'morales-lópez-diego.jpg', 1),
(280, 'Nom 280', 'Cognoms 280', 'student', 'morera-talayero-arlet.jpg', 1),
(281, 'Nom 281', 'Cognoms 281', 'student', 'morillo-millan-pau.jpg', 1),
(282, 'Nom 282', 'Cognoms 282', 'student', 'mouta-vilaró-nadia.jpg', 1),
(283, 'Nom 283', 'Cognoms 283', 'student', 'mssahal-arwa.jpg', 1),
(284, 'Nom 284', 'Cognoms 284', 'student', 'mujal-casadevall-joan.jpg', 1),
(285, 'Nom 285', 'Cognoms 285', 'student', 'munné-forcada-jordi.jpg', 1),
(286, 'Nom 286', 'Cognoms 286', 'student', 'munné-forcada-maria.jpg', 1),
(287, 'Nom 287', 'Cognoms 287', 'student', 'murcia-escura-lidia.jpg', 1),
(288, 'Nom 288', 'Cognoms 288', 'student', 'naranjo-carpena-isaac.jpg', 1),
(289, 'Nom 289', 'Cognoms 289', 'student', 'navarro-elias-minerva.jpg', 1),
(290, 'Nom 290', 'Cognoms 290', 'student', 'niarega-boubakari.jpg', 1),
(291, 'Nom 291', 'Cognoms 291', 'student', 'niarega-moussa.jpg', 1),
(292, 'Nom 292', 'Cognoms 292', 'student', 'niz-rosado-paula-sofía.jpg', 1),
(293, 'Nom 293', 'Cognoms 293', 'student', 'ollé-morales-marta.jpg', 1),
(294, 'Nom 294', 'Cognoms 294', 'student', 'orellana-barquero-gerard.jpg', 1),
(295, 'Nom 295', 'Cognoms 295', 'student', 'padrisa-correro-lia.jpg', 1),
(296, 'Nom 296', 'Cognoms 296', 'student', 'padrisa-fragoso-clara.jpg', 1),
(297, 'Nom 297', 'Cognoms 297', 'student', 'padrisa-fragoso-marta.jpg', 1),
(298, 'Nom 298', 'Cognoms 298', 'student', 'pallares-gavira-àfrica.jpg', 1),
(299, 'Nom 299', 'Cognoms 299', 'student', 'panico-martin-giana.jpg', 1),
(300, 'Nom 300', 'Cognoms 300', 'student', 'parwani-garcia-sunil.jpg', 1),
(301, 'Nom 301', 'Cognoms 301', 'student', 'passarell-cozar-emma.jpg', 1),
(302, 'Nom 302', 'Cognoms 302', 'student', 'passarell-cózar-blai.jpg', 1),
(303, 'Nom 303', 'Cognoms 303', 'student', 'pavlova-tsvetkova-tsvetelina.jpg', 1),
(304, 'Nom 304', 'Cognoms 304', 'student', 'peguero-velasco-erik.jpg', 1),
(305, 'Nom 305', 'Cognoms 305', 'student', 'perea-fernández-eva.jpg', 1),
(306, 'Nom 306', 'Cognoms 306', 'student', 'peressini-russo-axel.jpg', 1),
(307, 'Nom 307', 'Cognoms 307', 'student', 'pereyra-elbourj-bruno.jpg', 1),
(308, 'Nom 308', 'Cognoms 308', 'student', 'peña-picañol-aran.jpg', 1),
(309, 'Nom 309', 'Cognoms 309', 'student', 'peña-picañol-júlia.jpg', 1),
(310, 'Nom 310', 'Cognoms 310', 'student', 'pinto-sánchez-jorge.jpg', 1),
(311, 'Nom 311', 'Cognoms 311', 'student', 'pinto-sánchez-raquel.jpg', 1),
(312, 'Nom 312', 'Cognoms 312', 'student', 'ponsa-carrrasco-ènia.jpg', 1),
(313, 'Nom 313', 'Cognoms 313', 'student', 'portet-jimenez-del-barco-narcís.jpg', 1),
(314, 'Nom 314', 'Cognoms 314', 'student', 'portillo-grifol-guillem.jpg', 1),
(315, 'Nom 315', 'Cognoms 315', 'student', 'punschke-agustina.jpg', 1),
(316, 'Nom 316', 'Cognoms 316', 'student', 'punschke-machado-brianna.jpg', 1),
(317, 'Nom 317', 'Cognoms 317', 'student', 'purtí-gonzàlez-mia.jpg', 1),
(318, 'Nom 318', 'Cognoms 318', 'student', 'puyol-gonzàlez-irene.jpg', 1),
(319, 'Nom 319', 'Cognoms 319', 'student', 'pérez-tarter-marta.jpg', 1),
(320, 'Nom 320', 'Cognoms 320', 'student', 'pérez-tarter-oriol.jpg', 1),
(321, 'Nom 321', 'Cognoms 321', 'student', 'quintano-soto-aleix.jpg', 1),
(322, 'Nom 322', 'Cognoms 322', 'student', 'quirante-garcia-bruna.jpg', 1),
(323, 'Nom 323', 'Cognoms 323', 'student', 'quirante-garcía-xavi.jpg', 1),
(324, 'Nom 324', 'Cognoms 324', 'student', 'ramos-alcañiz-lucía.jpg', 1),
(325, 'Nom 325', 'Cognoms 325', 'student', 'ramos-alcañiz-paula.jpg', 1),
(326, 'Nom 326', 'Cognoms 326', 'student', 'recasens-martínez-maria.jpg', 1),
(327, 'Nom 327', 'Cognoms 327', 'student', 'redondo-serracarbasa-arnau.jpg', 1),
(328, 'Nom 328', 'Cognoms 328', 'student', 'ribó-armadans-mateu.jpg', 1),
(329, 'Nom 329', 'Cognoms 329', 'student', 'riera-garcia-edgar.jpg', 1),
(330, 'Nom 330', 'Cognoms 330', 'student', 'riera-garcia-guillem.jpg', 1),
(331, 'Nom 331', 'Cognoms 331', 'student', 'riu-ibañez-joan.jpg', 1),
(332, 'Nom 332', 'Cognoms 332', 'student', 'riu-ibáñez-ariadna.jpg', 1),
(333, 'Nom 333', 'Cognoms 333', 'student', 'roca-marcet-pau.jpg', 1),
(334, 'Nom 334', 'Cognoms 334', 'student', 'rodriguez-coello-valentina.jpg', 1),
(335, 'Nom 335', 'Cognoms 335', 'student', 'rodriguez-coronado-andrea.jpg', 1),
(336, 'Nom 336', 'Cognoms 336', 'student', 'rodriguez-herrera-aron.jpg', 1),
(337, 'Nom 337', 'Cognoms 337', 'student', 'rodríguez-coello-naïm-ezequiel.jpg', 1),
(338, 'Nom 338', 'Cognoms 338', 'student', 'rodríguez-leiva-rodrigo.jpg', 1),
(339, 'Nom 339', 'Cognoms 339', 'student', 'rodríguez-martínez-dídac.jpg', 1),
(340, 'Nom 340', 'Cognoms 340', 'student', 'rodríguez-meléndez-reicher.jpg', 1),
(341, 'Nom 341', 'Cognoms 341', 'student', 'romero-manzanares-nadia.jpg', 1),
(342, 'Nom 342', 'Cognoms 342', 'student', 'romero-manzanares-sheila.jpg', 1),
(343, 'Nom 343', 'Cognoms 343', 'student', 'romeu-zhukovskaya-anna.jpg', 1),
(344, 'Nom 344', 'Cognoms 344', 'student', 'romeu-zhukovskaya-miquela.jpg', 1),
(345, 'Nom 345', 'Cognoms 345', 'student', 'ruiz-martínez-alexia.jpg', 1),
(346, 'Nom 346', 'Cognoms 346', 'student', 'sadovyy-pujal-dani.jpg', 1),
(347, 'Nom 347', 'Cognoms 347', 'student', 'saiz-font-nel.jpg', 1),
(348, 'Nom 348', 'Cognoms 348', 'student', 'saiz-font-noa.jpg', 1),
(349, 'Nom 349', 'Cognoms 349', 'student', 'sakine-diba.jpg', 1),
(350, 'Nom 350', 'Cognoms 350', 'student', 'sakine-hamadi.jpg', 1),
(351, 'Nom 351', 'Cognoms 351', 'student', 'sala-jiang-olga.jpg', 1),
(352, 'Nom 352', 'Cognoms 352', 'student', 'saladrigas-avalo-àlex.jpg', 1),
(353, 'Nom 353', 'Cognoms 353', 'student', 'saladrigas-ávalo-maria.jpg', 1),
(354, 'Nom 354', 'Cognoms 354', 'student', 'salanguera-matas-cristina.jpg', 1),
(355, 'Nom 355', 'Cognoms 355', 'student', 'salanguera-matas-marc.jpg', 1),
(356, 'Nom 356', 'Cognoms 356', 'student', 'salas-león-melanie.jpg', 1),
(357, 'Nom 357', 'Cognoms 357', 'student', 'salas-león-nicole.jpg', 1),
(358, 'Nom 358', 'Cognoms 358', 'student', 'salas-meza-mikel.jpg', 1),
(359, 'Nom 359', 'Cognoms 359', 'student', 'salés-armadans-lídia.jpg', 1),
(360, 'Nom 360', 'Cognoms 360', 'student', 'sanchez-gonzalez-junior.jpg', 1),
(361, 'Nom 361', 'Cognoms 361', 'student', 'sans-criado-aran.jpg', 1),
(362, 'Nom 362', 'Cognoms 362', 'student', 'sans-viñas-alba.jpg', 1),
(363, 'Nom 363', 'Cognoms 363', 'student', 'santalla-juan-nadia.jpg', 1),
(364, 'Nom 364', 'Cognoms 364', 'student', 'santasusana-soler-arlet.jpg', 1),
(365, 'Nom 365', 'Cognoms 365', 'student', 'seguer-rodríguez-efrén.jpg', 1),
(366, 'Nom 366', 'Cognoms 366', 'student', 'seguer-rodríguez-naila.jpg', 1),
(367, 'Nom 367', 'Cognoms 367', 'student', 'simats-martínez-lluna.jpg', 1),
(368, 'Nom 368', 'Cognoms 368', 'student', 'singh-ikjot.jpg', 1),
(369, 'Nom 369', 'Cognoms 369', 'student', 'sison-franquesa-bruna.jpg', 1),
(370, 'Nom 370', 'Cognoms 370', 'student', 'sison-franquesa-joan.jpg', 1),
(371, 'Nom 371', 'Cognoms 371', 'student', 'sison-franquesa-valentina.jpg', 1),
(372, 'Nom 372', 'Cognoms 372', 'student', 'skladanowski-torrent-gemma.jpg', 1),
(373, 'Nom 373', 'Cognoms 373', 'student', 'skladanowski-torrent-gina.jpg', 1),
(374, 'Nom 374', 'Cognoms 374', 'student', 'skladanowski-torrent-glòria.jpg', 1),
(375, 'Nom 375', 'Cognoms 375', 'student', 'skoruk-semion.jpg', 1),
(376, 'Nom 376', 'Cognoms 376', 'student', 'sleigh-romeu-carla.jpg', 1),
(377, 'Nom 377', 'Cognoms 377', 'student', 'soler-bargalló-huk.jpg', 1),
(378, 'Nom 378', 'Cognoms 378', 'student', 'soler-forcada-martí.jpg', 1),
(379, 'Nom 379', 'Cognoms 379', 'student', 'soler-oliva-lídia.jpg', 1),
(380, 'Nom 380', 'Cognoms 380', 'student', 'soriano-pladevall-carla.jpg', 1),
(381, 'Nom 381', 'Cognoms 381', 'student', 'soriano-pladevall-eric.jpg', 1),
(382, 'Nom 382', 'Cognoms 382', 'student', 'sueiro-silva-kelvin.jpg', 1),
(383, 'Nom 383', 'Cognoms 383', 'student', 'sun-yilang.jpg', 1),
(384, 'Nom 384', 'Cognoms 384', 'student', 'sun-yilin.jpg', 1),
(385, 'Nom 385', 'Cognoms 385', 'student', 'sánchez-garcia-isis.jpg', 1),
(386, 'Nom 386', 'Cognoms 386', 'student', 'sánchez-juan-jordi.jpg', 1),
(387, 'Nom 387', 'Cognoms 387', 'student', 'terol-vergés-maria.jpg', 1),
(388, 'Nom 388', 'Cognoms 388', 'student', 'topon-raimundo-k.-ainhoa.jpg', 1),
(389, 'Nom 389', 'Cognoms 389', 'student', 'torrente-herrero-ivet.jpg', 1),
(390, 'Nom 390', 'Cognoms 390', 'student', 'torrente-herrero-izan.jpg', 1),
(391, 'Nom 391', 'Cognoms 391', 'student', 'traore-sega.jpg', 1),
(392, 'Nom 392', 'Cognoms 392', 'student', 'traore-seidou.jpg', 1),
(393, 'Nom 393', 'Cognoms 393', 'student', 'traore-djikine-kadidiatou.jpg', 1),
(394, 'Nom 394', 'Cognoms 394', 'student', 'traore-djikine-mahamadou.jpg', 1),
(395, 'Nom 395', 'Cognoms 395', 'student', 'traore-djikine-sidy.jpg', 1),
(396, 'Nom 396', 'Cognoms 396', 'student', 'trias-padrisa-gil.jpg', 1),
(397, 'Nom 397', 'Cognoms 397', 'student', 'trillo-cabezas-máximo.jpg', 1),
(398, 'Nom 398', 'Cognoms 398', 'student', 'tudela-garcía-ignacio.jpg', 1),
(399, 'Nom 399', 'Cognoms 399', 'student', 'tuneu-ramírez-roger.jpg', 1),
(400, 'Nom 400', 'Cognoms 400', 'student', 'valero-casas-martina.jpg', 1),
(401, 'Nom 401', 'Cognoms 401', 'student', 'valero-casas-àlex.jpg', 1),
(402, 'Nom 402', 'Cognoms 402', 'student', 'valldeoriola-mas-laura.jpg', 1),
(403, 'Nom 403', 'Cognoms 403', 'student', 'valldeoriola-santamaria-clara.jpg', 1),
(404, 'Nom 404', 'Cognoms 404', 'student', 'valldeoriola-santamaria-pol.jpg', 1),
(405, 'Nom 405', 'Cognoms 405', 'student', 'valle-rodríguez-bruno.jpg', 1),
(406, 'Nom 406', 'Cognoms 406', 'student', 'valle-rodríguez-izan-thomas.jpg', 1),
(407, 'Nom 407', 'Cognoms 407', 'student', 'vallejo-rives-josep.jpg', 1),
(408, 'Nom 408', 'Cognoms 408', 'student', 'valls-i-lluís-gil.jpg', 1),
(409, 'Nom 409', 'Cognoms 409', 'student', 'velázquez-grau-pol.jpg', 1),
(410, 'Nom 410', 'Cognoms 410', 'student', 'verdaguer-aubach-martina.jpg', 1),
(411, 'Nom 411', 'Cognoms 411', 'student', 'vicente-alboquers-oma.jpg', 1),
(412, 'Nom 412', 'Cognoms 412', 'student', 'vicente-alboquers-roure.jpg', 1),
(413, 'Nom 413', 'Cognoms 413', 'student', 'vila-linuesa-duna.jpg', 1),
(414, 'Nom 414', 'Cognoms 414', 'student', 'vilardell-soler-jana.jpg', 1),
(415, 'Nom 415', 'Cognoms 415', 'student', 'vilardell-soler-júlia.jpg', 1),
(416, 'Nom 416', 'Cognoms 416', 'student', 'vilarmau-de-la-sierra-max.jpg', 1),
(417, 'Nom 417', 'Cognoms 417', 'student', 'vilarmau-de-la-sierra-noa.jpg', 1),
(418, 'Nom 418', 'Cognoms 418', 'student', 'viñolas-mora-queralt.jpg', 1),
(419, 'Nom 419', 'Cognoms 419', 'student', 'wang-yuxuan.jpg', 1),
(420, 'Nom 420', 'Cognoms 420', 'student', 'zami-crivillés-júlia.jpg', 1),
(421, 'Nom 421', 'Cognoms 421', 'student', 'zegrean-dàrius.jpg', 1),
(422, 'Nom 422', 'Cognoms 422', 'student', 'zegrean-raul.jpg', 1),
(423, 'Nom 423', 'Cognoms 423', 'student', 'úbeda-hernández-gerard.jpg', 1),
(424, 'Nom 424', 'Cognoms 424', 'student', 'úbeda-hernández-izan.jpg', 1),
(425, 'Nom 425', 'Cognoms 425', 'teacher', 'morales-morillas-cristina.jpg', 1),
(426, 'Nom 426', 'Cognoms 426', 'teacher', 'muñoz-martí-jordi.jpg', 1),
(427, 'Nom 427', 'Cognoms 427', 'teacher', 'musarra-serra-jaume.jpg', 1),
(428, 'Nom 428', 'Cognoms 428', 'teacher', 'padrisa-visanzay-mercè.jpg', 1),
(429, 'Nom 429', 'Cognoms 429', 'teacher', 'ricart-rial-m.-rosa.jpg', 1),
(430, 'Nom 430', 'Cognoms 430', 'teacher', 'roca-espaulella-sílvia.jpg', 1),
(431, 'Nom 431', 'Cognoms 431', 'teacher', 'rodríguez-bueno-xavier.jpg', 1),
(432, 'Nom 432', 'Cognoms 432', 'teacher', 'romero-gonzález-laura.jpg', 1),
(433, 'Nom 433', 'Cognoms 433', 'teacher', 'sancerni-giménez-m.-montserrat.jpg', 1),
(434, 'Nom 434', 'Cognoms 434', 'teacher', 'sentias-esparó-monica.jpg', 1),
(435, 'Nom 435', 'Cognoms 435', 'teacher', 'sola-munmany-anna.jpg', 1),
(436, 'Nom 436', 'Cognoms 436', 'teacher', 'soler-ferrer-maria-mercè.jpg', 1),
(437, 'Nom 437', 'Cognoms 437', 'teacher', 'suero-berruezo-carles.jpg', 1),
(438, 'Nom 438', 'Cognoms 438', 'teacher', 'tarrats-pladevall-anna.jpg', 1),
(439, 'Nom 439', 'Cognoms 439', 'teacher', 'torramorell-simon-anna.jpg', 1),
(440, 'Nom 440', 'Cognoms 440', 'teacher', 'vila-perarnau-mireia.jpg', 1),
(441, 'Nom 441', 'Cognoms 441', 'teacher', 'vilardell-dalmau-dolors.jpg', 1),
(442, 'Nom 442', 'Cognoms 442', 'teacher', 'yzaguirre-maura-isabel-de.jpg', 1),
(443, 'Nom 443', 'Cognoms 443', 'student', 'singh-juvrah.jpg', 1);

-- --------------------------------------------------------

--
-- Table structure for table `reinforceclassrooms`
--

CREATE TABLE `reinforceclassrooms` (
  `id` int(11) NOT NULL,
  `name` varchar(20) COLLATE utf8_unicode_ci NOT NULL,
  `school_id` int(11) DEFAULT NULL
) ENGINE=InnoDB DEFAULT CHARSET=utf8 COLLATE=utf8_unicode_ci;

--
-- Dumping data for table `reinforceclassrooms`
--

INSERT INTO `reinforceclassrooms` (`id`, `name`, `school_id`) VALUES
(1, 'Audició i llenguatge', 1),
(2, 'Educació especial', 1);

-- --------------------------------------------------------

--
-- Table structure for table `reinforcings`
--

CREATE TABLE `reinforcings` (
  `id` int(11) NOT NULL,
  `teacher_id` int(11) DEFAULT NULL,
  `reinforceclassroom_id` int(11) DEFAULT NULL,
  `course_id` int(11) DEFAULT NULL,
  `trimestre_id` int(11) DEFAULT NULL
) ENGINE=InnoDB DEFAULT CHARSET=utf8 COLLATE=utf8_unicode_ci;

--
-- Dumping data for table `reinforcings`
--

INSERT INTO `reinforcings` (`id`, `teacher_id`, `reinforceclassroom_id`, `course_id`, `trimestre_id`) VALUES
(1, 4, 1, 1, 1),
(2, 435, 2, 1, 1),
(3, 3, 2, 1, 1);

-- --------------------------------------------------------

--
-- Table structure for table `roles`
--

CREATE TABLE `roles` (
  `id` int(11) NOT NULL
) ENGINE=InnoDB DEFAULT CHARSET=utf8 COLLATE=utf8_unicode_ci;

--
-- Dumping data for table `roles`
--

INSERT INTO `roles` (`id`) VALUES
(1),
(2);

-- --------------------------------------------------------

--
-- Table structure for table `roles_menus`
--

CREATE TABLE `roles_menus` (
  `role_id` int(11) NOT NULL,
  `menu_id` int(11) NOT NULL
) ENGINE=InnoDB DEFAULT CHARSET=utf8 COLLATE=utf8_unicode_ci;

--
-- Dumping data for table `roles_menus`
--

INSERT INTO `roles_menus` (`role_id`, `menu_id`) VALUES
(1, 1),
(1, 2),
(1, 3),
(1, 4),
(2, 1),
(2, 2),
(2, 4);

-- --------------------------------------------------------

--
-- Table structure for table `school`
--

CREATE TABLE `school` (
  `id` int(11) NOT NULL,
  `active_course` int(11) DEFAULT NULL,
  `name` varchar(50) COLLATE utf8_unicode_ci NOT NULL,
  `active_trimestre` int(11) DEFAULT NULL
) ENGINE=InnoDB DEFAULT CHARSET=utf8 COLLATE=utf8_unicode_ci;

--
-- Dumping data for table `school`
--

INSERT INTO `school` (`id`, `active_course`, `name`, `active_trimestre`) VALUES
(1, 1, 'Escola Josep Orriols i Roca', 1);

-- --------------------------------------------------------

--
-- Table structure for table `scopes`
--

CREATE TABLE `scopes` (
  `id` int(11) NOT NULL,
  `degree_id` int(11) DEFAULT NULL,
  `name` varchar(50) COLLATE utf8_unicode_ci NOT NULL,
  `description` varchar(256) COLLATE utf8_unicode_ci NOT NULL
) ENGINE=InnoDB DEFAULT CHARSET=utf8 COLLATE=utf8_unicode_ci;

--
-- Dumping data for table `scopes`
--

INSERT INTO `scopes` (`id`, `degree_id`, `name`, `description`) VALUES
(1, 2, 'Àmbit lingüístic', ''),
(2, 2, 'Àmbit matemàtic', ''),
(3, 2, 'Àmbit de coneixement del medi', ''),
(4, 2, 'Àmbit artístic', ''),
(5, 2, 'Àmbit d’educació física', ''),
(6, 2, 'Àmbit d’educació en valors', ''),
(7, 2, 'Aspectes transversals', ''),
(9, 1, 'Descoberta d’un mateix', ''),
(10, 1, 'Descoberta de l’entorn', ''),
(11, 1, 'Comunicació i llenguatge', '');

-- --------------------------------------------------------

--
-- Table structure for table `specialities`
--

CREATE TABLE `specialities` (
  `id` int(11) NOT NULL,
  `teacher_id` int(11) DEFAULT NULL,
  `area_id` int(11) DEFAULT NULL,
  `course_id` int(11) DEFAULT NULL,
  `trimestre_id` int(11) DEFAULT NULL
) ENGINE=InnoDB DEFAULT CHARSET=utf8 COLLATE=utf8_unicode_ci;

--
-- Dumping data for table `specialities`
--

INSERT INTO `specialities` (`id`, `teacher_id`, `area_id`, `course_id`, `trimestre_id`) VALUES
(1, 425, 12, 1, 1),
(2, 427, 12, 1, 1),
(3, 438, 12, 1, 1),
(4, 7, 15, 1, 1),
(5, 1, 16, 1, 1),
(6, 426, 16, 1, 1),
(7, 429, 19, 1, 1),
(8, 10, 11, 1, 1),
(9, 11, 11, 1, 1);

-- --------------------------------------------------------

--
-- Table structure for table `students`
--

CREATE TABLE `students` (
  `id` int(11) NOT NULL
) ENGINE=InnoDB DEFAULT CHARSET=utf8 COLLATE=utf8_unicode_ci;

--
-- Dumping data for table `students`
--

INSERT INTO `students` (`id`) VALUES
(13),
(14),
(15),
(16),
(17),
(18),
(19),
(20),
(21),
(22),
(23),
(24),
(25),
(26),
(27),
(28),
(29),
(30),
(31),
(32),
(33),
(34),
(35),
(36),
(37),
(38),
(39),
(40),
(41),
(42),
(43),
(44),
(45),
(46),
(47),
(48),
(49),
(50),
(51),
(52),
(53),
(54),
(55),
(56),
(57),
(58),
(59),
(60),
(61),
(62),
(63),
(64),
(65),
(66),
(67),
(68),
(69),
(70),
(71),
(72),
(73),
(74),
(75),
(76),
(77),
(78),
(79),
(80),
(81),
(82),
(83),
(84),
(85),
(86),
(87),
(88),
(89),
(90),
(91),
(92),
(93),
(94),
(95),
(96),
(97),
(98),
(99),
(100),
(101),
(102),
(103),
(104),
(105),
(106),
(107),
(108),
(109),
(110),
(111),
(112),
(113),
(114),
(115),
(116),
(117),
(118),
(119),
(120),
(121),
(122),
(123),
(124),
(125),
(126),
(127),
(128),
(129),
(130),
(131),
(132),
(133),
(134),
(135),
(136),
(137),
(138),
(139),
(140),
(141),
(142),
(143),
(144),
(145),
(146),
(147),
(148),
(149),
(150),
(151),
(152),
(153),
(154),
(155),
(156),
(157),
(158),
(159),
(160),
(161),
(162),
(163),
(164),
(165),
(166),
(167),
(168),
(169),
(170),
(171),
(172),
(173),
(174),
(175),
(176),
(177),
(178),
(179),
(180),
(181),
(182),
(183),
(184),
(185),
(186),
(187),
(188),
(189),
(190),
(191),
(192),
(193),
(194),
(195),
(196),
(197),
(198),
(199),
(200),
(201),
(202),
(203),
(204),
(205),
(206),
(207),
(208),
(209),
(210),
(211),
(212),
(213),
(214),
(215),
(216),
(217),
(218),
(219),
(220),
(221),
(222),
(223),
(224),
(225),
(226),
(227),
(228),
(229),
(230),
(231),
(232),
(233),
(234),
(235),
(236),
(237),
(238),
(239),
(240),
(241),
(242),
(243),
(244),
(245),
(246),
(247),
(248),
(249),
(250),
(251),
(252),
(253),
(254),
(255),
(256),
(257),
(258),
(259),
(260),
(261),
(262),
(263),
(264),
(265),
(266),
(267),
(268),
(269),
(270),
(271),
(272),
(273),
(274),
(275),
(276),
(277),
(278),
(279),
(280),
(281),
(282),
(283),
(284),
(285),
(286),
(287),
(288),
(289),
(290),
(291),
(292),
(293),
(294),
(295),
(296),
(297),
(298),
(299),
(300),
(301),
(302),
(303),
(304),
(305),
(306),
(307),
(308),
(309),
(310),
(311),
(312),
(313),
(314),
(315),
(316),
(317),
(318),
(319),
(320),
(321),
(322),
(323),
(324),
(325),
(326),
(327),
(328),
(329),
(330),
(331),
(332),
(333),
(334),
(335),
(336),
(337),
(338),
(339),
(340),
(341),
(342),
(343),
(344),
(345),
(346),
(347),
(348),
(349),
(350),
(351),
(352),
(353),
(354),
(355),
(356),
(357),
(358),
(359),
(360),
(361),
(362),
(363),
(364),
(365),
(366),
(367),
(368),
(369),
(370),
(371),
(372),
(373),
(374),
(375),
(376),
(377),
(378),
(379),
(380),
(381),
(382),
(383),
(384),
(385),
(386),
(387),
(388),
(389),
(390),
(391),
(392),
(393),
(394),
(395),
(396),
(397),
(398),
(399),
(400),
(401),
(402),
(403),
(404),
(405),
(406),
(407),
(408),
(409),
(410),
(411),
(412),
(413),
(414),
(415),
(416),
(417),
(418),
(419),
(420),
(421),
(422),
(423),
(424),
(443);

-- --------------------------------------------------------

--
-- Table structure for table `teachers`
--

CREATE TABLE `teachers` (
  `id` int(11) NOT NULL,
  `email` varchar(40) COLLATE utf8_unicode_ci NOT NULL,
  `phone` varchar(13) COLLATE utf8_unicode_ci DEFAULT NULL,
  `username` varchar(40) COLLATE utf8_unicode_ci NOT NULL,
  `password` varchar(40) COLLATE utf8_unicode_ci NOT NULL,
  `active` tinyint(1) NOT NULL
) ENGINE=InnoDB DEFAULT CHARSET=utf8 COLLATE=utf8_unicode_ci;

--
-- Dumping data for table `teachers`
--

INSERT INTO `teachers` (`id`, `email`, `phone`, `username`, `password`, `active`) VALUES
(1, 'user1@infojor.cat', '111222333', 'specialist', '7110eda4d09e062aa5e4a390b0a572ac0d2c0220', 1),
(2, 'user2@infojor.cat', '111222333', 'user2@infojor.cat', '6c098a4e58ae6992c653fb83dc51484a81526f55', 1),
(3, 'user3@infojor.cat', '111222333', 'reinforcer', '7110eda4d09e062aa5e4a390b0a572ac0d2c0220', 1),
(4, 'user4@infojor.cat', '111222333', 'user4@infojor.cat', '411e29ef6e70a61f9976da16df73f8789ff9dcfd', 0),
(5, 'user5@infojor.cat', '111222333', 'tutor2', '7110eda4d09e062aa5e4a390b0a572ac0d2c0220', 1),
(6, 'user6@infojor.cat', '111222333', 'user6@infojor.cat', '1e530fa21c1941b702b6efe8738fe37836a04796', 1),
(7, 'user7@infojor.cat', '111222333', 'user7@infojor.cat', '6fc7fddca9fe859ab7cefd7fb6ec22a2b0973f01', 1),
(8, 'user8@infojor.cat', '111222333', 'user8@infojor.cat', '18d3968ac9e3eb3305372c6da1633cf692e4aed2', 1),
(9, 'user9@infojor.cat', '111222333', 'user9@infojor.cat', '2bcbae7281b22f91b370d7306e05fcb114797e2d', 1),
(10, 'user10@infojor.cat', '111222333', 'user10@infojor.cat', '0bf3a48978e8f21c63d24717d36d1b0864f191e1', 1),
(11, 'user11@infojor.cat', '111222333', 'user11@infojor.cat', '7a9a79e3ba74ca9ffb933361fcff697f90cac0bd', 1),
(12, 'user12@infojor.cat', '111222333', 'user12@infojor.cat', 'a74846639071d43091d814937584cb8fe7963192', 1),
(425, 'user425@infojor.cat', '111222333', 'multi', '7110eda4d09e062aa5e4a390b0a572ac0d2c0220', 1),
(426, 'user426@infojor.cat', '111222333', 'user426@infojor.cat', '000b6e11cc7d4c971fbf68f3f1e28edc93443ff3', 1),
(427, 'user427@infojor.cat', '111222333', 'user427@infojor.cat', '178f71645d8d762522ede90115f4f50f1e19d62b', 1),
(428, 'user428@infojor.cat', '111222333', 'tutor1', '7110eda4d09e062aa5e4a390b0a572ac0d2c0220', 1),
(429, 'user429@infojor.cat', '111222333', 'user429@infojor.cat', '0200320ae3bc247e747ef93e3259bc29ddf53392', 1),
(430, 'user430@infojor.cat', '111222333', 'user430@infojor.cat', '5d7b162d270753003f4f17dd2e0a8018eac9f0fc', 1),
(431, 'user431@infojor.cat', '111222333', 'user431@infojor.cat', '79fff0734f46195cee3b70510820360b9385ddb7', 1),
(432, 'user432@infojor.cat', '111222333', 'user432@infojor.cat', '3193930d1fbd5ec4638c27ce847fc1f9195889fa', 1),
(433, 'user433@infojor.cat', '111222333', 'user433@infojor.cat', 'bd8c106cc7d7649bef42e9662d7e821a6a2961e8', 1),
(434, 'user434@infojor.cat', '111222333', 'user434@infojor.cat', '51b6c874fec4e4df55a63c1efe24199295f2589e', 1),
(435, 'user435@infojor.cat', '111222333', 'user435@infojor.cat', 'ed99c5f582b150f4277585aa7b69b35e48ac192d', 1),
(436, 'user436@infojor.cat', '111222333', 'user436@infojor.cat', '2860a7ffe02c1f107b5f6f25660cdba5feed4e2c', 1),
(437, 'user437@infojor.cat', '111222333', 'admin', '7110eda4d09e062aa5e4a390b0a572ac0d2c0220', 1),
(438, 'user438@infojor.cat', '111222333', 'user438@infojor.cat', '1a37e6a4d60fbaf8c3214c9af3ff9cdc67c20ba5', 1),
(439, 'user439@infojor.cat', '111222333', 'user439@infojor.cat', '6f6e2d37e4f7470615a512d00e5fe1697c93ca12', 1),
(440, 'user440@infojor.cat', '111222333', 'user440@infojor.cat', 'e809d72ac1f09cffbf5491d1afc6ef424135b2f4', 1),
(441, 'user441@infojor.cat', '111222333', 'user441@infojor.cat', '74acb5d400836836f23eb1b5616c0cc76151477c', 1),
(442, 'user442@infojor.cat', '111222333', 'user442@infojor.cat', '99ee1e4899976b59849a8b0a2696370e9a997814', 1);

-- --------------------------------------------------------

--
-- Table structure for table `trimestres`
--

CREATE TABLE `trimestres` (
  `number` int(11) NOT NULL
) ENGINE=InnoDB DEFAULT CHARSET=utf8 COLLATE=utf8_unicode_ci;

--
-- Dumping data for table `trimestres`
--

INSERT INTO `trimestres` (`number`) VALUES
(1),
(2),
(3);

-- --------------------------------------------------------

--
-- Table structure for table `tutorings`
--

CREATE TABLE `tutorings` (
  `classroom_id` int(11) DEFAULT NULL,
  `id` int(11) NOT NULL,
  `trimestre_id` int(11) DEFAULT NULL,
  `course_id` int(11) DEFAULT NULL,
  `teacher_id` int(11) DEFAULT NULL
) ENGINE=InnoDB DEFAULT CHARSET=utf8 COLLATE=utf8_unicode_ci;

--
-- Dumping data for table `tutorings`
--

INSERT INTO `tutorings` (`classroom_id`, `id`, `trimestre_id`, `course_id`, `teacher_id`) VALUES
(14, 1, 1, 1, 2),
(8, 2, 1, 1, 5),
(12, 3, 1, 1, 6),
(7, 4, 1, 1, 8),
(5, 5, 1, 1, 9),
(17, 6, 1, 1, 10),
(9, 7, 1, 1, 11),
(16, 8, 1, 1, 12),
(10, 9, 1, 1, 425),
(18, 10, 1, 1, 427),
(2, 11, 1, 1, 428),
(6, 12, 1, 1, 430),
(1, 13, 1, 1, 432),
(4, 14, 1, 1, 433),
(11, 15, 1, 1, 434),
(15, 16, 1, 1, 437),
(3, 17, 1, 1, 439),
(1, 18, 1, 1, 440),
(13, 19, 1, 1, 441),
(10, 20, 1, 1, 431);

--
-- Indexes for dumped tables
--

--
-- Indexes for table `areas`
--
ALTER TABLE `areas`
  ADD PRIMARY KEY (`id`),
  ADD KEY `IDX_58B0B25C682B5931` (`scope_id`);

--
-- Indexes for table `classrooms`
--
ALTER TABLE `classrooms`
  ADD PRIMARY KEY (`id`),
  ADD KEY `IDX_95F95DC25FB14BA7` (`level_id`),
  ADD KEY `IDX_95F95DC2C32A47EE` (`school_id`);

--
-- Indexes for table `courses`
--
ALTER TABLE `courses`
  ADD PRIMARY KEY (`id`),
  ADD UNIQUE KEY `UNIQ_A9A55A4CBB827337` (`year`);

--
-- Indexes for table `cycles`
--
ALTER TABLE `cycles`
  ADD PRIMARY KEY (`id`),
  ADD KEY `IDX_72B88B24B35C5756` (`degree_id`);

--
-- Indexes for table `degrees`
--
ALTER TABLE `degrees`
  ADD PRIMARY KEY (`id`);

--
-- Indexes for table `dimensionrelatestocycles`
--
ALTER TABLE `dimensionrelatestocycles`
  ADD PRIMARY KEY (`cycle_id`,`dimension_id`),
  ADD KEY `IDX_29AE61825EC1162` (`cycle_id`),
  ADD KEY `IDX_29AE6182277428AD` (`dimension_id`);

--
-- Indexes for table `dimensions`
--
ALTER TABLE `dimensions`
  ADD PRIMARY KEY (`id`),
  ADD KEY `IDX_E27D8BA5BD0F409C` (`area_id`);

--
-- Indexes for table `enrollments`
--
ALTER TABLE `enrollments`
  ADD PRIMARY KEY (`id`),
  ADD KEY `IDX_CCD8C132CB944F1A` (`student_id`),
  ADD KEY `IDX_CCD8C1326278D5A8` (`classroom_id`),
  ADD KEY `IDX_CCD8C132591CC992` (`course_id`),
  ADD KEY `IDX_CCD8C132B9DB5D9D` (`trimestre_id`);

--
-- Indexes for table `evaluationdescriptions`
--
ALTER TABLE `evaluationdescriptions`
  ADD PRIMARY KEY (`id`);

--
-- Indexes for table `evaluations`
--
ALTER TABLE `evaluations`
  ADD PRIMARY KEY (`id`);

--
-- Indexes for table `globalevaluationdescriptions`
--
ALTER TABLE `globalevaluationdescriptions`
  ADD PRIMARY KEY (`id`);

--
-- Indexes for table `globalevaluations`
--
ALTER TABLE `globalevaluations`
  ADD PRIMARY KEY (`id`),
  ADD KEY `IDX_D136B3EECB944F1A` (`student_id`),
  ADD KEY `IDX_D136B3EE591CC992` (`course_id`),
  ADD KEY `IDX_D136B3EEB9DB5D9D` (`trimestre_id`),
  ADD KEY `IDX_D136B3EEBD0F409C` (`area_id`),
  ADD KEY `IDX_D136B3EE682B5931` (`scope_id`),
  ADD KEY `IDX_D136B3EE625D2275` (`globalevaluationdescription_id`);

--
-- Indexes for table `hasroles`
--
ALTER TABLE `hasroles`
  ADD PRIMARY KEY (`teacher_id`,`role_id`),
  ADD KEY `IDX_B647858341807E1D` (`teacher_id`),
  ADD KEY `IDX_B6478583D60322AC` (`role_id`);

--
-- Indexes for table `levels`
--
ALTER TABLE `levels`
  ADD PRIMARY KEY (`id`),
  ADD KEY `IDX_9F2A64195EC1162` (`cycle_id`);

--
-- Indexes for table `logs`
--
ALTER TABLE `logs`
  ADD PRIMARY KEY (`id`);

--
-- Indexes for table `menus`
--
ALTER TABLE `menus`
  ADD PRIMARY KEY (`id`);

--
-- Indexes for table `menu_items`
--
ALTER TABLE `menu_items`
  ADD PRIMARY KEY (`id`),
  ADD KEY `IDX_70B2CA2ACCD7E912` (`menu_id`);

--
-- Indexes for table `observations`
--
ALTER TABLE `observations`
  ADD PRIMARY KEY (`id`),
  ADD KEY `IDX_BBC15BA8591CC992` (`course_id`),
  ADD KEY `IDX_BBC15BA8B9DB5D9D` (`trimestre_id`),
  ADD KEY `IDX_BBC15BA8F5C7F2F7` (`reinforceclassroom_id`),
  ADD KEY `IDX_BBC15BA8CB944F1A` (`student_id`);

--
-- Indexes for table `partialevaluationdescriptions`
--
ALTER TABLE `partialevaluationdescriptions`
  ADD PRIMARY KEY (`id`);

--
-- Indexes for table `partialevaluations`
--
ALTER TABLE `partialevaluations`
  ADD PRIMARY KEY (`id`),
  ADD KEY `IDX_2956437CB944F1A` (`student_id`),
  ADD KEY `IDX_2956437591CC992` (`course_id`),
  ADD KEY `IDX_2956437B9DB5D9D` (`trimestre_id`),
  ADD KEY `IDX_2956437277428AD` (`dimension_id`),
  ADD KEY `IDX_2956437B8B50E9B` (`partialevaluationdescription_id`);

--
-- Indexes for table `persons`
--
ALTER TABLE `persons`
  ADD PRIMARY KEY (`id`),
  ADD KEY `IDX_A25CC7D3C32A47EE` (`school_id`);

--
-- Indexes for table `reinforceclassrooms`
--
ALTER TABLE `reinforceclassrooms`
  ADD PRIMARY KEY (`id`),
  ADD KEY `IDX_B6CABDD7C32A47EE` (`school_id`);

--
-- Indexes for table `reinforcings`
--
ALTER TABLE `reinforcings`
  ADD PRIMARY KEY (`id`),
  ADD KEY `IDX_3FA121D041807E1D` (`teacher_id`),
  ADD KEY `IDX_3FA121D0F5C7F2F7` (`reinforceclassroom_id`),
  ADD KEY `IDX_3FA121D0591CC992` (`course_id`),
  ADD KEY `IDX_3FA121D0B9DB5D9D` (`trimestre_id`);

--
-- Indexes for table `roles`
--
ALTER TABLE `roles`
  ADD PRIMARY KEY (`id`);

--
-- Indexes for table `roles_menus`
--
ALTER TABLE `roles_menus`
  ADD PRIMARY KEY (`role_id`,`menu_id`),
  ADD KEY `IDX_5B76560AD60322AC` (`role_id`),
  ADD KEY `IDX_5B76560ACCD7E912` (`menu_id`);

--
-- Indexes for table `school`
--
ALTER TABLE `school`
  ADD PRIMARY KEY (`id`),
  ADD UNIQUE KEY `UNIQ_F99EDABB89A7B6AE` (`active_course`),
  ADD UNIQUE KEY `UNIQ_F99EDABB4290FF7C` (`active_trimestre`);

--
-- Indexes for table `scopes`
--
ALTER TABLE `scopes`
  ADD PRIMARY KEY (`id`),
  ADD KEY `IDX_4D4E330B35C5756` (`degree_id`);

--
-- Indexes for table `specialities`
--
ALTER TABLE `specialities`
  ADD PRIMARY KEY (`id`),
  ADD KEY `IDX_FFAFEB1141807E1D` (`teacher_id`),
  ADD KEY `IDX_FFAFEB11BD0F409C` (`area_id`),
  ADD KEY `IDX_FFAFEB11591CC992` (`course_id`),
  ADD KEY `IDX_FFAFEB11B9DB5D9D` (`trimestre_id`);

--
-- Indexes for table `students`
--
ALTER TABLE `students`
  ADD PRIMARY KEY (`id`);

--
-- Indexes for table `teachers`
--
ALTER TABLE `teachers`
  ADD PRIMARY KEY (`id`);

--
-- Indexes for table `trimestres`
--
ALTER TABLE `trimestres`
  ADD PRIMARY KEY (`number`);

--
-- Indexes for table `tutorings`
--
ALTER TABLE `tutorings`
  ADD PRIMARY KEY (`id`),
  ADD KEY `IDX_2AB660DE41807E1D` (`teacher_id`),
  ADD KEY `IDX_2AB660DE6278D5A8` (`classroom_id`),
  ADD KEY `IDX_2AB660DE591CC992` (`course_id`),
  ADD KEY `IDX_2AB660DEB9DB5D9D` (`trimestre_id`);

--
-- AUTO_INCREMENT for dumped tables
--

--
-- AUTO_INCREMENT for table `areas`
--
ALTER TABLE `areas`
  MODIFY `id` int(11) NOT NULL AUTO_INCREMENT, AUTO_INCREMENT=23;
--
-- AUTO_INCREMENT for table `classrooms`
--
ALTER TABLE `classrooms`
  MODIFY `id` int(11) NOT NULL AUTO_INCREMENT, AUTO_INCREMENT=19;
--
-- AUTO_INCREMENT for table `courses`
--
ALTER TABLE `courses`
  MODIFY `id` int(11) NOT NULL AUTO_INCREMENT, AUTO_INCREMENT=13;
--
-- AUTO_INCREMENT for table `cycles`
--
ALTER TABLE `cycles`
  MODIFY `id` int(11) NOT NULL AUTO_INCREMENT, AUTO_INCREMENT=5;
--
-- AUTO_INCREMENT for table `degrees`
--
ALTER TABLE `degrees`
  MODIFY `id` int(11) NOT NULL AUTO_INCREMENT, AUTO_INCREMENT=3;
--
-- AUTO_INCREMENT for table `dimensions`
--
ALTER TABLE `dimensions`
  MODIFY `id` int(11) NOT NULL AUTO_INCREMENT, AUTO_INCREMENT=78;
--
-- AUTO_INCREMENT for table `enrollments`
--
ALTER TABLE `enrollments`
  MODIFY `id` int(11) NOT NULL AUTO_INCREMENT, AUTO_INCREMENT=414;
--
-- AUTO_INCREMENT for table `evaluationdescriptions`
--
ALTER TABLE `evaluationdescriptions`
  MODIFY `id` int(11) NOT NULL AUTO_INCREMENT, AUTO_INCREMENT=10;
--
-- AUTO_INCREMENT for table `evaluations`
--
ALTER TABLE `evaluations`
  MODIFY `id` int(11) NOT NULL AUTO_INCREMENT, AUTO_INCREMENT=10041;
--
-- AUTO_INCREMENT for table `levels`
--
ALTER TABLE `levels`
  MODIFY `id` int(11) NOT NULL AUTO_INCREMENT, AUTO_INCREMENT=10;
--
-- AUTO_INCREMENT for table `logs`
--
ALTER TABLE `logs`
  MODIFY `id` int(11) NOT NULL AUTO_INCREMENT, AUTO_INCREMENT=590;
--
-- AUTO_INCREMENT for table `menus`
--
ALTER TABLE `menus`
  MODIFY `id` int(11) NOT NULL AUTO_INCREMENT, AUTO_INCREMENT=5;
--
-- AUTO_INCREMENT for table `menu_items`
--
ALTER TABLE `menu_items`
  MODIFY `id` int(11) NOT NULL AUTO_INCREMENT, AUTO_INCREMENT=14;
--
-- AUTO_INCREMENT for table `observations`
--
ALTER TABLE `observations`
  MODIFY `id` int(11) NOT NULL AUTO_INCREMENT, AUTO_INCREMENT=186;
--
-- AUTO_INCREMENT for table `persons`
--
ALTER TABLE `persons`
  MODIFY `id` int(11) NOT NULL AUTO_INCREMENT, AUTO_INCREMENT=444;
--
-- AUTO_INCREMENT for table `reinforceclassrooms`
--
ALTER TABLE `reinforceclassrooms`
  MODIFY `id` int(11) NOT NULL AUTO_INCREMENT, AUTO_INCREMENT=3;
--
-- AUTO_INCREMENT for table `reinforcings`
--
ALTER TABLE `reinforcings`
  MODIFY `id` int(11) NOT NULL AUTO_INCREMENT, AUTO_INCREMENT=4;
--
-- AUTO_INCREMENT for table `school`
--
ALTER TABLE `school`
  MODIFY `id` int(11) NOT NULL AUTO_INCREMENT, AUTO_INCREMENT=2;
--
-- AUTO_INCREMENT for table `scopes`
--
ALTER TABLE `scopes`
  MODIFY `id` int(11) NOT NULL AUTO_INCREMENT, AUTO_INCREMENT=12;
--
-- AUTO_INCREMENT for table `specialities`
--
ALTER TABLE `specialities`
  MODIFY `id` int(11) NOT NULL AUTO_INCREMENT, AUTO_INCREMENT=10;
--
-- AUTO_INCREMENT for table `tutorings`
--
ALTER TABLE `tutorings`
  MODIFY `id` int(11) NOT NULL AUTO_INCREMENT, AUTO_INCREMENT=21;
--
-- Constraints for dumped tables
--

--
-- Constraints for table `areas`
--
ALTER TABLE `areas`
  ADD CONSTRAINT `FK_58B0B25C682B5931` FOREIGN KEY (`scope_id`) REFERENCES `scopes` (`id`);

--
-- Constraints for table `classrooms`
--
ALTER TABLE `classrooms`
  ADD CONSTRAINT `FK_95F95DC25FB14BA7` FOREIGN KEY (`level_id`) REFERENCES `levels` (`id`),
  ADD CONSTRAINT `FK_95F95DC2C32A47EE` FOREIGN KEY (`school_id`) REFERENCES `school` (`id`);

--
-- Constraints for table `cycles`
--
ALTER TABLE `cycles`
  ADD CONSTRAINT `FK_72B88B24B35C5756` FOREIGN KEY (`degree_id`) REFERENCES `degrees` (`id`);

--
-- Constraints for table `dimensionrelatestocycles`
--
ALTER TABLE `dimensionrelatestocycles`
  ADD CONSTRAINT `FK_29AE6182277428AD` FOREIGN KEY (`dimension_id`) REFERENCES `dimensions` (`id`),
  ADD CONSTRAINT `FK_29AE61825EC1162` FOREIGN KEY (`cycle_id`) REFERENCES `cycles` (`id`) ON DELETE CASCADE;

--
-- Constraints for table `dimensions`
--
ALTER TABLE `dimensions`
  ADD CONSTRAINT `FK_E27D8BA5BD0F409C` FOREIGN KEY (`area_id`) REFERENCES `areas` (`id`);

--
-- Constraints for table `enrollments`
--
ALTER TABLE `enrollments`
  ADD CONSTRAINT `FK_CCD8C132591CC992` FOREIGN KEY (`course_id`) REFERENCES `courses` (`id`),
  ADD CONSTRAINT `FK_CCD8C1326278D5A8` FOREIGN KEY (`classroom_id`) REFERENCES `classrooms` (`id`),
  ADD CONSTRAINT `FK_CCD8C132B9DB5D9D` FOREIGN KEY (`trimestre_id`) REFERENCES `trimestres` (`number`),
  ADD CONSTRAINT `FK_CCD8C132CB944F1A` FOREIGN KEY (`student_id`) REFERENCES `students` (`id`) ON DELETE CASCADE;

--
-- Constraints for table `globalevaluationdescriptions`
--
ALTER TABLE `globalevaluationdescriptions`
  ADD CONSTRAINT `FK_DF6FD70BF396750` FOREIGN KEY (`id`) REFERENCES `evaluationdescriptions` (`id`) ON DELETE CASCADE;

--
-- Constraints for table `globalevaluations`
--
ALTER TABLE `globalevaluations`
  ADD CONSTRAINT `FK_D136B3EE591CC992` FOREIGN KEY (`course_id`) REFERENCES `courses` (`id`),
  ADD CONSTRAINT `FK_D136B3EE625D2275` FOREIGN KEY (`globalevaluationdescription_id`) REFERENCES `globalevaluationdescriptions` (`id`),
  ADD CONSTRAINT `FK_D136B3EE682B5931` FOREIGN KEY (`scope_id`) REFERENCES `scopes` (`id`),
  ADD CONSTRAINT `FK_D136B3EEB9DB5D9D` FOREIGN KEY (`trimestre_id`) REFERENCES `trimestres` (`number`),
  ADD CONSTRAINT `FK_D136B3EEBD0F409C` FOREIGN KEY (`area_id`) REFERENCES `areas` (`id`),
  ADD CONSTRAINT `FK_D136B3EEBF396750` FOREIGN KEY (`id`) REFERENCES `evaluations` (`id`) ON DELETE CASCADE,
  ADD CONSTRAINT `FK_D136B3EECB944F1A` FOREIGN KEY (`student_id`) REFERENCES `students` (`id`);

--
-- Constraints for table `hasroles`
--
ALTER TABLE `hasroles`
  ADD CONSTRAINT `FK_B647858341807E1D` FOREIGN KEY (`teacher_id`) REFERENCES `teachers` (`id`) ON DELETE CASCADE,
  ADD CONSTRAINT `FK_B6478583D60322AC` FOREIGN KEY (`role_id`) REFERENCES `roles` (`id`) ON DELETE CASCADE;

--
-- Constraints for table `levels`
--
ALTER TABLE `levels`
  ADD CONSTRAINT `FK_9F2A64195EC1162` FOREIGN KEY (`cycle_id`) REFERENCES `cycles` (`id`);

--
-- Constraints for table `menu_items`
--
ALTER TABLE `menu_items`
  ADD CONSTRAINT `FK_70B2CA2ACCD7E912` FOREIGN KEY (`menu_id`) REFERENCES `menus` (`id`);

--
-- Constraints for table `observations`
--
ALTER TABLE `observations`
  ADD CONSTRAINT `FK_BBC15BA8591CC992` FOREIGN KEY (`course_id`) REFERENCES `courses` (`id`),
  ADD CONSTRAINT `FK_BBC15BA8B9DB5D9D` FOREIGN KEY (`trimestre_id`) REFERENCES `trimestres` (`number`),
  ADD CONSTRAINT `FK_BBC15BA8CB944F1A` FOREIGN KEY (`student_id`) REFERENCES `students` (`id`),
  ADD CONSTRAINT `FK_BBC15BA8F5C7F2F7` FOREIGN KEY (`reinforceclassroom_id`) REFERENCES `reinforceclassrooms` (`id`);

--
-- Constraints for table `partialevaluationdescriptions`
--
ALTER TABLE `partialevaluationdescriptions`
  ADD CONSTRAINT `FK_919270A8BF396750` FOREIGN KEY (`id`) REFERENCES `evaluationdescriptions` (`id`) ON DELETE CASCADE;

--
-- Constraints for table `partialevaluations`
--
ALTER TABLE `partialevaluations`
  ADD CONSTRAINT `FK_2956437277428AD` FOREIGN KEY (`dimension_id`) REFERENCES `dimensions` (`id`),
  ADD CONSTRAINT `FK_2956437591CC992` FOREIGN KEY (`course_id`) REFERENCES `courses` (`id`),
  ADD CONSTRAINT `FK_2956437B8B50E9B` FOREIGN KEY (`partialevaluationdescription_id`) REFERENCES `partialevaluationdescriptions` (`id`),
  ADD CONSTRAINT `FK_2956437B9DB5D9D` FOREIGN KEY (`trimestre_id`) REFERENCES `trimestres` (`number`),
  ADD CONSTRAINT `FK_2956437BF396750` FOREIGN KEY (`id`) REFERENCES `evaluations` (`id`) ON DELETE CASCADE,
  ADD CONSTRAINT `FK_2956437CB944F1A` FOREIGN KEY (`student_id`) REFERENCES `students` (`id`);

--
-- Constraints for table `persons`
--
ALTER TABLE `persons`
  ADD CONSTRAINT `FK_A25CC7D3C32A47EE` FOREIGN KEY (`school_id`) REFERENCES `school` (`id`);

--
-- Constraints for table `reinforceclassrooms`
--
ALTER TABLE `reinforceclassrooms`
  ADD CONSTRAINT `FK_B6CABDD7C32A47EE` FOREIGN KEY (`school_id`) REFERENCES `school` (`id`);

--
-- Constraints for table `reinforcings`
--
ALTER TABLE `reinforcings`
  ADD CONSTRAINT `FK_3FA121D041807E1D` FOREIGN KEY (`teacher_id`) REFERENCES `teachers` (`id`),
  ADD CONSTRAINT `FK_3FA121D0591CC992` FOREIGN KEY (`course_id`) REFERENCES `courses` (`id`),
  ADD CONSTRAINT `FK_3FA121D0B9DB5D9D` FOREIGN KEY (`trimestre_id`) REFERENCES `trimestres` (`number`),
  ADD CONSTRAINT `FK_3FA121D0F5C7F2F7` FOREIGN KEY (`reinforceclassroom_id`) REFERENCES `reinforceclassrooms` (`id`);

--
-- Constraints for table `roles_menus`
--
ALTER TABLE `roles_menus`
  ADD CONSTRAINT `FK_5B76560ACCD7E912` FOREIGN KEY (`menu_id`) REFERENCES `menus` (`id`),
  ADD CONSTRAINT `FK_5B76560AD60322AC` FOREIGN KEY (`role_id`) REFERENCES `roles` (`id`);

--
-- Constraints for table `school`
--
ALTER TABLE `school`
  ADD CONSTRAINT `FK_F99EDABB4290FF7C` FOREIGN KEY (`active_trimestre`) REFERENCES `trimestres` (`number`),
  ADD CONSTRAINT `FK_F99EDABB89A7B6AE` FOREIGN KEY (`active_course`) REFERENCES `courses` (`id`);

--
-- Constraints for table `scopes`
--
ALTER TABLE `scopes`
  ADD CONSTRAINT `FK_4D4E330B35C5756` FOREIGN KEY (`degree_id`) REFERENCES `degrees` (`id`);

--
-- Constraints for table `specialities`
--
ALTER TABLE `specialities`
  ADD CONSTRAINT `FK_FFAFEB1141807E1D` FOREIGN KEY (`teacher_id`) REFERENCES `teachers` (`id`),
  ADD CONSTRAINT `FK_FFAFEB11591CC992` FOREIGN KEY (`course_id`) REFERENCES `courses` (`id`),
  ADD CONSTRAINT `FK_FFAFEB11B9DB5D9D` FOREIGN KEY (`trimestre_id`) REFERENCES `trimestres` (`number`),
  ADD CONSTRAINT `FK_FFAFEB11BD0F409C` FOREIGN KEY (`area_id`) REFERENCES `areas` (`id`);

--
-- Constraints for table `students`
--
ALTER TABLE `students`
  ADD CONSTRAINT `FK_A4698DB2BF396750` FOREIGN KEY (`id`) REFERENCES `persons` (`id`) ON DELETE CASCADE;

--
-- Constraints for table `teachers`
--
ALTER TABLE `teachers`
  ADD CONSTRAINT `FK_ED071FF6BF396750` FOREIGN KEY (`id`) REFERENCES `persons` (`id`) ON DELETE CASCADE;

--
-- Constraints for table `tutorings`
--
ALTER TABLE `tutorings`
  ADD CONSTRAINT `FK_2AB660DE41807E1D` FOREIGN KEY (`teacher_id`) REFERENCES `teachers` (`id`),
  ADD CONSTRAINT `FK_2AB660DE591CC992` FOREIGN KEY (`course_id`) REFERENCES `courses` (`id`),
  ADD CONSTRAINT `FK_2AB660DE6278D5A8` FOREIGN KEY (`classroom_id`) REFERENCES `classrooms` (`id`),
  ADD CONSTRAINT `FK_2AB660DEB9DB5D9D` FOREIGN KEY (`trimestre_id`) REFERENCES `trimestres` (`number`);

/*!40101 SET CHARACTER_SET_CLIENT=@OLD_CHARACTER_SET_CLIENT */;
/*!40101 SET CHARACTER_SET_RESULTS=@OLD_CHARACTER_SET_RESULTS */;
/*!40101 SET COLLATION_CONNECTION=@OLD_COLLATION_CONNECTION */;
